SKU,batch,Last_Month_Stock,month_in,month_out,month_sales,month_end_stock,Note_value,safety_stock,Location,month_end_inventory,inventory_diff,Remark,Time
FWD110,24100761,5818.05,0.0,0.0,375.5,5442.55,5442.55,1000.0,2F-2,5442.55,0,,2025-02
FWD111,23112560,1153.94,0.0,0.0,0.0,1153.94,1153.94,479.0,2C-4,1153.94,0,3个零头,2025-02
FWD111M,23121560,50.0,0.0,50.0,0.0,0.0,4695.0,459.0,,0.0,0,,2025-02
FWD111M,24092061,5320.0,0.0,260.0,365.0,4695.0,,,2E-1,4695.0,0,2个零头,2025-02
FWD111MT,24040761,1623.8,0.0,0.0,0.0,1623.8,1623.8,333.0,B-1,1623.8,0,,2025-02
FWD111Z,24090961,4.0,0.0,4.0,0.0,0.0,0.0,,,0.0,0,,2025-02
FWD120,24051560,50.0,0.0,0.0,0.0,50.0,2588.85,2000.0,D-2,50.0,0,,2025-02
FWD120,24042964,58.0,0.0,0.0,25.0,33.0,,,2G-4,33.0,0,2个零头,2025-02
FWD120,24072661,2664.85,0.0,0.0,159.0,2505.85,,,C-2,2505.85,0,,2025-02
FWD120K,24040760,588.43,0.0,0.0,0.0,588.43,588.43,,B-1,588.43,0,,2025-02
FWD122,25022462,0.0,4590.0,0.0,0.0,4590.0,4890.0,1000.0,2G-4,4590.0,0,,2025-02
FWD122,24040764,833.3,0.0,94.8,438.5,300.0,,,A-3,300.0,0,,2025-02
FWD122,23030261,4.0,0.0,4.0,0.0,0.0,,,,0.0,0,,2025-02
FWD123,24072660,4219.35,0.0,0.0,202.0,4017.35,4017.35,783.0,B-1,4017.35,0,,2025-02
定制123,24112161,5366.0,0.0,0.0,900.0,4466.0,4466.0,,E-3,4466.0,0,,2025-02
FWD123T,25011360,2799.0,0.0,0.0,575.0,2224.0,2224.0,400.0,E-2,2224.0,0,,2025-02
FWD100,25011660,4975.0,150.0,75.0,4050.0,1000.0,15400.0,5000.0,E-4,1000.0,0,,2025-02
FWD100,25021460,0.0,1684.0,184.0,850.0,650.0,,,C-2,650.0,0,,2025-02
FWD100,25021460,0.0,5000.0,0.0,5000.0,0.0,,,,0.0,0,,2025-02
FWD100,25021860,0.0,16000.0,0.0,2250.0,13750.0,,,E-5,13750.0,0,,2025-02
FWD6100,25011660,0.0,25.0,0.0,25.0,0.0,,,,0.0,0,,2025-02
FWD173,25011660,0.0,50.0,0.0,50.0,0.0,0.0,,,0.0,0,,2025-02
FWD100,23123060,1072.0,0.0,0.0,200.0,872.0,872.0,,E-5,872.0,0,,2025-02
FWD100K,24071560,5300.0,0.0,0.0,650.0,4650.0,5550.0,,E-4,4650.0,0,,2025-02
FWD100,24121460,1096.0,0.0,96.0,100.0,900.0,,,A-3,900.0,0,,2025-02
FWD100W,24031160,1650.0,0.0,0.0,0.0,1650.0,1650.0,,C-2,1650.0,0,,2025-02
FWD101,24050561,4925.0,0.0,0.0,250.0,4675.0,4675.0,1000.0,E-2,4675.0,0,,2025-02
FWD101T,24112962,1150.0,0.0,0.0,1150.0,0.0,,,,0.0,0,,2025-02
FWD173,25011062,2650.0,0.0,15.0,160.0,2475.0,11200.0,1000.0,E-3,2475.0,0,,2025-02
FWD173,25011361,6000.0,0.0,0.0,0.0,6000.0,,,E-4,6000.0,0,,2025-02
FWD173,25011361,5750.0,0.0,25.0,3000.0,2725.0,,,E-3,2725.0,0,,2025-02
定制173,23062562,1800.0,0.0,0.0,0.0,1800.0,1800.0,,E-4,1800.0,0,,2025-02
FWD173K,22110860,2600.0,0.0,0.0,0.0,2600.0,2600.0,,E-3,2600.0,0,,2025-02
FWD103,24110561,5983.25,0.0,110.0,2703.5,3169.75,3169.75,1000.0,2C-3,3169.75,0,,2025-02
FWD151,24081461,1620.89,0.0,0.0,50.0,1570.89,5495.89,1000.0,B2-D2,1570.89,0,2个零头,2025-02
FWD151,24081461,4375.0,0.0,0.0,450.0,3925.0,,,E-3,3925.0,0,,2025-02
FWD151K,24040762,925.0,0.0,0.0,0.0,925.0,925.0,,C-2,925.0,0,,2025-02
FWD153,25010960,6285.0,0.0,0.0,325.0,5960.0,9960.0,1000.0,E-2,5960.0,0,,2025-02
FWD153,25010960,6000.0,0.0,0.0,2000.0,4000.0,,,E-2,4000.0,0,,2025-02
FWD153,24112160,2035.0,0.0,0.0,0.0,2035.0,2035.0,,A-2,2035.0,0,,2025-02
FWD163,24090760,125.0,0.0,0.0,100.0,25.0,5025.0,745.0,A-3,25.0,0,,2025-02
FWD163,24090760,5000.0,0.0,0.0,0.0,5000.0,,,B-2,5000.0,0,,2025-02
HC010AS,24032561,56.3,0.0,0.0,0.0,56.3,56.3,,B-2,56.3,0,,2025-02
FWD104Z,24060761,2852.58,0.0,0.0,1207.33,1645.25,1645.25,,棚,1645.25,0,,2025-02
FWD001,17092062,0.3,0.0,0.0,0.0,0.3,2703.1,,E-1,0.3,0,,2025-02
FWD001,15120460,25.0,0.0,0.0,0.0,25.0,,,E-1,25.0,0,退,2025-02
FWD001,17123060,2678.0,0.0,0.0,0.2,2677.8,,,D-2,2677.8,0,,2025-02
FWD205,25022460,0.0,2730.0,0.0,27.0,2703.0,6703.0,800.0,A-3,2703.0,0,,2025-02
FWD205,25022460,0.0,4000.0,0.0,0.0,4000.0,,,A-3,4000.0,0,,2025-02
FWD205,25011560,1000.0,0.0,0.0,1000.0,0.0,,,,0.0,0,,2025-02
FWD205,25011560,1575.0,74.5,224.5,1425.0,0.0,,,,0.0,0,,2025-02
FWD2205G,24010260,694.95,0.0,0.0,267.0,427.95,427.95,500.0,2B-3,427.95,0,,2025-02
FWD205A,25022260,0.0,3946.0,0.0,400.0,3546.0,3546.0,410.0,E-4,3546.0,0,,2025-02
FWD205A,24041761,170.0,0.0,20.0,150.0,0.0,,,,0.0,0,,2025-02
FWD215,23111161,106.73,0.0,0.0,100.0,6.73,3356.73,500.0,2C3-D2,6.73,0,,2025-02
FWD215,24110960,3350.0,0.0,0.0,0.0,3350.0,,,2B-3,3350.0,0,,2025-02
FWD219,24042061,2344.1,0.0,0.0,175.0,2169.1,2169.1,500.0,2G-2,2169.1,0,,2025-02
FWD219S,20121160,400.0,0.0,0.0,0.0,400.0,400.0,0.0,2D-2,400.0,0,,2025-02
FWD219K,24042760,1577.0,0.0,0.0,0.0,1577.0,1577.0,,2D-1,1577.0,0,,2025-02
FWD219Y,22121760,750.0,0.0,0.0,0.0,750.0,750.0,0.0,2D-2,750.0,0,,2025-02
FWD225,24101960,4950.0,0.0,0.0,100.0,4850.0,6375.0,773.0,2C-1,4850.0,0,,2025-02
FWD225,24101960,2075.0,0.0,0.0,550.0,1525.0,,,2G-3,1525.0,0,,2025-02
FWD225Z,24061862,550.0,0.0,0.0,550.0,0.0,0.0,,,0.0,0,,2025-02
FWD225S,23091963,700.0,0.0,0.0,0.0,700.0,700.0,0.0,2B-3,700.0,0,,2025-02
FWD225K,21041562,500.0,0.0,0.0,0.0,500.0,500.0,,B-2,500.0,0,,2025-02
FWD225A,24010261,550.0,0.0,0.0,0.0,550.0,550.0,,2D-1,550.0,0,,2025-02
FWD235,23060161,24.3,0.0,0.0,5.0,19.3,2018.4,500.0,D-2,19.3,0,,2025-02
FWD235,24011562,2074.1,0.0,0.0,75.0,1999.1,,,2C-4,1999.1,0,,2025-02
FWD235T,19062263,200.0,0.0,0.0,0.0,200.0,200.0,,4E-4,200.0,0,,2025-02
FWD235K,21041563,150.0,0.0,0.0,0.0,150.0,150.0,,2B-4,150.0,0,,2025-02
FWD201,24052960,2198.48,0.0,0.0,225.0,1973.48,1973.48,800.0,2F-2,1973.48,0,,2025-02
FWD201,24120661,250.0,0.0,0.0,0.0,250.0,250.0,,A-3,250.0,0,,2025-02
FWD211,24111960,4208.0,0.0,0.0,385.0,3823.0,3823.0,500.0,2E-2,3823.0,0,2个零头,2025-02
FWD223,24111660,2143.0,0.0,0.0,110.0,2033.0,2033.0,447.0,2C-3,2033.0,0,,2025-02
FWD221,24110760,3800.5,0.0,6.0,325.0,3469.5,3469.5,600.0,2F-3,3469.5,0,,2025-02
FWD221S,21051960,825.0,0.0,0.0,0.0,825.0,825.0,0.0,2E-2,825.0,0,,2025-02
FWD224,20080861,223.0,0.0,0.0,25.0,198.0,198.0,0.0,C-2,198.0,0,,2025-02
FWD224T,24092761,875.0,0.0,0.0,750.0,125.0,125.0,,2B-3,125.0,0,,2025-02
FWD231,24111861,3954.67,0.0,0.0,135.0,3819.67,3819.67,493.0,2G-6,3819.67,0,,2025-02
FWD249,23100761,708.95,0.0,0.0,50.0,658.95,658.95,325.0,4B-1,658.95,0,,2025-02
FWD249A,23112460,125.0,0.0,0.0,0.0,125.0,125.0,,2E-1,125.0,0,,2025-02
FWD249,24050661,431.0,0.0,0.0,0.0,431.0,431.0,,2F-4,431.0,0,,2025-02
FWD216,24111863,3290.1,0.0,290.1,0.0,3000.0,3000.0,0.0,2B-4,3000.0,0,,2025-02
FWD216K,24043060,678.13,0.0,0.0,0.0,678.13,678.13,,4A-3,678.13,0,2个零头,2025-02
FWD216Y,24070260,682.0,0.0,0.0,0.0,682.0,682.0,0.0,2E-1,682.0,0,,2025-02
FWD217,18011860,274.5,0.0,0.0,50.0,224.5,224.5,0.0,2B-3,224.5,0,,2025-02
FWD299,23082163,534.0,0.0,0.0,0.0,534.0,534.0,,2E-1,534.0,0,,2025-02
FWD289,23091661,197.0,0.0,0.0,100.0,97.0,97.0,0.0,2D-1,97.0,0,,2025-02
FWD1289,16122660,768.44,0.0,0.0,50.0,718.44,718.44,,B-1,718.44,0,,2025-02
FWD300,24111961,4500.0,0.0,0.0,500.0,4000.0,15030.0,2000.0,3B-4,4000.0,0,,2025-02
FWD300,24111961,6000.0,0.0,0.0,150.0,5850.0,,,3A-1,5850.0,0,,2025-02
FWD300,24111961,4240.0,0.0,0.0,-40.0,4280.0,,,3B-3,4280.0,0,,2025-02
FWD300,24111961,900.0,0.0,0.0,0.0,900.0,,,2B-1,900.0,0,,2025-02
FWD300B,24052961,2138.0,0.0,0.0,200.0,1938.0,1938.0,0.0,3A-1,1938.0,0,,2025-02
FWD300S,21072760,300.0,0.0,0.0,0.0,300.0,300.0,0.0,2E-2,300.0,0,,2025-02
FWD300Y,24082860,840.0,0.0,0.0,100.0,740.0,740.0,0.0,3B-4,740.0,0,,2025-02
FWD301,24070962,2450.0,0.0,0.0,0.0,2450.0,2450.0,324.0,4B-2,2450.0,0,,2025-02
FWD303,23122860,2.0,0.0,0.0,0.0,2.0,6422.75,2000.0,D-2,2.0,0,,2025-02
FWD303,24070661,3270.75,0.0,0.0,475.0,2795.75,,,2G-7,2795.75,0,,2025-02
FWD303,24070661,3800.0,0.0,0.0,175.0,3625.0,,,2G-6,3625.0,0,,2025-02
FWD303,23120860,492.0,0.0,0.0,0.0,492.0,492.0,,4B-4,492.0,0,,2025-02
FWD303Y,19072761,250.0,0.0,0.0,0.0,250.0,250.0,0.0,2D-1,250.0,0,,2025-02
FWD304K,23042662,423.7,0.0,0.0,0.0,423.7,423.7,,3B-3,423.7,0,,2025-02
FWD305,24071960,4050.0,0.0,0.0,200.0,3850.0,4231.8,1000.0,2E-1,3850.0,0,,2025-02
FWD305,24071960,381.8,0.0,0.0,0.0,381.8,,,2G-8,381.8,0,,2025-02
FWD305S,24112960,4382.0,0.0,0.0,600.0,3782.0,3782.0,0.0,2G-6,3782.0,0,,2025-02
FWD305Y,19072762,172.0,0.0,0.0,0.0,172.0,172.0,0.0,2E-1,172.0,0,,2025-02
FWD306,24120560,5887.0,0.0,0.0,1555.0,4332.0,16232.0,1500.0,2F-4,4332.0,0,,2025-02
FWD306,24120560,12000.0,0.0,0.0,100.0,11900.0,,,2G-4,11900.0,0,,2025-02
FWD306,24110862,3.0,0.0,0.0,0.0,3.0,3.0,,D-2,3.0,0,,2025-02
FWD306C,24103060,648.8,0.0,0.0,0.0,648.8,648.8,,A-2,648.8,0,纸袋装,2025-02
FWD306B,23101063,500.0,0.0,0.0,0.0,500.0,4139.0,,2G-6,500.0,0,,2025-02
FWD306B,24060460,3639.0,0.0,0.0,0.0,3639.0,,,2C-4,3639.0,0,,2025-02
FWD306S,24121160,3125.0,0.0,0.0,0.0,3125.0,3125.0,,4C-2,3125.0,0,,2025-02
FWD307,23121962,1625.0,0.0,0.0,300.0,1325.0,7884.0,1000.0,3A-2,1325.0,0,,2025-02
FWD307,24122060,6559.0,0.0,0.0,0.0,6559.0,,,2B-4,6559.0,0,,2025-02
FWD307B,24072260,2275.0,0.0,0.0,200.0,2075.0,2075.0,0.0,2F-2,2075.0,0,,2025-02
FWD307Y,24091460,884.0,0.0,0.0,0.0,884.0,884.0,0.0,2E-2,884.0,0,,2025-02
FWD3307A,24040862,2300.0,0.0,0.0,500.0,1800.0,1800.0,500.0,2C-2,1800.0,0,,2025-02
FWD308,23122861,1270.8,0.0,0.0,51.0,1219.8,1219.8,500.0,2C-2,1219.8,0,,2025-02
FWD302,24102863,11581.5,0.0,0.0,25.0,11556.5,15158.0,2000.0,4D-3,11556.5,0,2个零头,2025-02
FWD302,24102863,4128.5,0.0,0.0,527.0,3601.5,,,4C-2,3601.5,0,,2025-02
FWD3302,24082960,1505.0,0.0,0.0,0.0,1505.0,1505.0,150.0,2E-2,1505.0,0,,2025-02
FWD323,24110162,2772.95,0.0,0.0,2770.0,2.95,2.95,1000.0,A1货架,2.95,0,,2025-02
FWD323,24111262,694.0,0.0,0.0,200.0,494.0,494.0,,2E-1,494.0,0,,2025-02
FWD323Y,24111263,368.0,0.0,0.0,0.0,368.0,368.0,,2C-1,368.0,0,,2025-02
FWD320,25022461,0.0,10893.0,0.0,475.0,10418.0,10418.0,1000.0,3C-2,10418.0,0,,2025-02
FWD320,24070960,560.0,0.0,10.0,550.0,0.0,,,,0.0,0,,2025-02
FWD320K,24040162,2550.0,0.0,0.0,500.0,2050.0,2050.0,,2C-3,2050.0,0,,2025-02
FWD322,25010260,6689.0,0.0,0.0,200.0,6489.0,6489.0,0.0,4A-2,6489.0,0,,2025-02
FWD325,24110560,5362.95,0.0,0.0,0.0,5362.95,6559.95,500.0,2C-2,5362.95,0,,2025-02
FWD325,24110560,3697.0,0.0,0.0,2500.0,1197.0,,,2D-2,1197.0,0,,2025-02
FWD351,24120960,4179.0,0.0,0.0,125.0,4054.0,4054.0,500.0,2E-2,4054.0,0,,2025-02
FWD351Y,24111362,928.0,0.0,0.0,0.0,928.0,928.0,0.0,2C-1,928.0,0,,2025-02
FWD353,23120460,425.0,0.0,0.0,0.0,425.0,5088.0,500.0,2B-3,425.0,0,,2025-02
FWD353,24121660,4788.0,0.0,0.0,125.0,4663.0,,,2D-2,4663.0,0,,2025-02
FWD353Y,24111662,1431.0,0.0,0.0,0.0,1431.0,1431.0,0.0,2F-1,1431.0,0,,2025-02
FWD355,24122362,3151.0,0.0,0.0,25.0,3126.0,3126.0,500.0,2C-4,3126.0,0,,2025-02
FWD355Y,21062361,675.0,0.0,150.0,0.0,525.0,525.0,,3A-1,525.0,0,,2025-02
FWD330,21050560,374.1,0.0,374.1,0.0,0.0,0.0,,,0.0,0,,2025-02
FWD361,21042260,1879.0,0.0,0.0,50.0,1829.0,1829.0,,3A-2,1829.0,0,,2025-02
FWD362,16061460,19.95,0.0,0.0,10.0,9.95,30.25,,D-2,9.95,0,,2025-02
FWD362,16061460,20.3,0.0,0.0,0.0,20.3,,,E-1,20.3,0,退货,2025-02
FWD3112,24101663,2948.7,0.0,0.0,2.0,2946.7,2946.7,500.0,2B-3,2946.7,0,,2025-02
FWD6622,23101163,725.0,0.0,0.0,0.0,725.0,725.0,,3A-1,725.0,0,,2025-02
FWD500,23120160,1.0,0.0,0.0,0.0,1.0,2540.3,1000.0,D-2,1.0,0,,2025-02
FWD500,24061260,3039.3,0.0,0.0,500.0,2539.3,,,4C-3,2539.3,0,,2025-02
FWD500K,230801461,2449.2,0.0,0.0,0.0,2449.2,2449.2,,2G-3,2449.2,0,,2025-02
FWD3500E,23082560,125.0,0.0,0.0,0.0,125.0,125.0,,3B-1,125.0,0,,2025-02
FWD3500,24010460,1215.43,0.0,0.0,0.0,1215.43,1215.43,0.0,3B-2,1215.43,0,,2025-02
FWD3502,23110660,758.96,0.0,0.0,150.0,608.96,608.96,500.0,4B-5,608.96,0,,2025-02
FWD3504,24071860,1685.2,0.0,0.0,0.0,1685.2,1685.2,0.0,4D-3,1685.2,0,,2025-02
FWD502,24100860,5538.46,0.0,0.0,478.0,5060.46,5060.46,1000.0,4A-1,5060.46,0,,2025-02
FWD502S,21052960,1900.0,0.0,0.0,0.0,1900.0,1900.0,0.0,2D-1,1900.0,0,,2025-02
FWD502Z,23122762,1625.0,0.0,0.0,500.0,1125.0,1125.0,0.0,4D-2,1125.0,0,,2025-02
FWD503,24060161,342.28,0.0,0.0,100.0,242.28,242.28,500.0,4C-3,242.28,0,,2025-02
FWD504,24100963,2241.8,0.0,0.0,1100.0,1141.8,6127.9,1000.0,4B-5,1141.8,0,,2025-02
FWD504,24100963,4945.0,0.0,0.0,0.0,4945.0,,,4A-2,4945.0,0,,2025-02
FWD504,23111660,141.1,0.0,0.0,100.0,41.1,,,3A-1,41.1,0,,2025-02
FWD504,24110262,10.0,0.0,0.0,0.0,10.0,10.0,,D-2,10.0,0,,2025-02
FWD5004B,24081460,10.0,0.0,0.0,0.0,10.0,10.0,,D-2,10.0,0,,2025-02
FWD504Z,24032260,1024.95,0.0,0.0,0.0,1024.95,1024.95,,4A-1,1024.95,0,,2025-02
FWD505,24102160,2807.22,0.0,65.0,0.0,2742.22,2742.22,500.0,4C-2,2742.22,0,,2025-02
FWD506,19041360,22.15,0.0,0.0,0.0,22.15,8112.61,0.0,D-2,22.15,0,,2025-02
FWD506,19041360,14.96,0.0,0.0,0.0,14.96,,,D-2,14.96,0,退货,2025-02
FWD506,19101560,2355.5,0.0,0.0,0.0,2355.5,,,2G-5,2355.5,0,,2025-02
FWD506,19101560,5720.0,0.0,0.0,0.0,5720.0,,,2G-2,5720.0,0,,2025-02
FWD508,24110863,2329.0,0.0,0.0,50.5,2278.5,2278.5,500.0,2B-4,2278.5,0,,2025-02
FWD510,20122060,284.0,0.0,56.17,1.0,226.83,226.83,200.0,4C-2,226.83,0,,2025-02
FWD510,25021561,0.0,150.0,0.0,150.0,0.0,,,,0.0,0,,2025-02
FWD510Y,22030462,550.0,0.0,0.0,0.0,550.0,550.0,0.0,4A-3,550.0,0,,2025-02
FWD510W,23091962,650.0,0.0,0.0,0.0,650.0,650.0,0.0,2E-2,650.0,0,,2025-02
FWD520,24062462,2801.0,0.0,0.0,287.2,2513.8,2513.8,500.0,4D-2,2513.8,0,,2025-02
FWD522,24053161,1150.0,0.0,0.0,225.0,925.0,6934.4,1000.0,4A-1,925.0,0,,2025-02
FWD522,24112260,6016.0,0.0,0.0,6.6,6009.4,,,4C-2,6009.4,0,,2025-02
FWD5221,23100760,1030.0,0.0,0.0,0.0,1030.0,1030.0,,3A-1,1030.0,0,,2025-02
FWD523,20080560,214.8,0.0,0.0,0.0,214.8,214.8,0.0,4B-5,214.8,0,,2025-02
FWD524,25010660,4094.0,0.0,0.0,105.0,3989.0,3989.0,600.0,4C-1,3989.0,0,,2025-02
FWD524A,24051660,780.0,0.0,0.0,200.0,580.0,580.0,,3A-1,580.0,0,,2025-02
FWD525,24040763,1867.0,0.0,0.0,25.0,1842.0,1842.0,503.0,3B-3,1842.0,0,,2025-02
FWD530,23121260,3221.3,0.0,0.0,75.0,3146.3,3146.3,709.0,3A-2,3146.3,0,,2025-02
FWD532,24102262,3596.6,0.0,0.0,-450.0,4046.6,4046.6,958.0,4C-2,4046.6,0,,2025-02
FWD550,22120160,1567.75,0.0,0.0,125.0,1442.75,1442.75,0.0,4B-4,1442.75,0,,2025-02
FWD550K,21071060,698.9,0.0,0.0,0.0,698.9,698.9,,2B-1,698.9,0,,2025-02
FWD552,19052060,1700.0,0.0,0.0,0.0,1700.0,1700.0,,4C-4,1700.0,0,,2025-02
FWD534,24080361,3311.0,0.0,0.0,25.0,3286.0,3286.0,500.0,4B-3,3286.0,0,,2025-02
FWD535,21120862,1044.3,0.0,0.0,0.0,1044.3,1044.3,342.0,4A-3,1044.3,0,,2025-02
FWD5516,24102960,1764.85,0.0,0.0,1.0,1763.85,1763.85,,4A-3,1763.85,0,,2025-02
FWD5518,24091860,2893.95,0.0,0.0,1477.0,1416.95,1416.95,892.0,3A-2,1416.95,0,,2025-02
FWD5519,21120861,1075.0,0.0,0.0,20.0,1055.0,1055.0,282.0,3B-5,1055.0,0,,2025-02
FWD5727,19032463,300.0,0.0,0.0,0.0,300.0,300.0,,4E-4,300.0,0,,2025-02
FWD400B,24110462,333.1,0.0,0.0,125.0,208.1,208.1,200.0,4B-1,208.1,0,,2025-02
FWD400C,19081861,253.45,0.0,0.0,0.0,253.45,253.45,0.0,2C-4,253.45,0,,2025-02
FWD408,21062360,1951.55,0.0,0.0,25.0,1926.55,1926.55,500.0,2D-2,1926.55,0,,2025-02
FWD408C,22062960,250.0,0.0,10.0,0.0,240.0,240.0,,3B-5,240.0,0,,2025-02
FWD410,24120260,3727.4,0.0,0.0,300.0,3427.4,3427.4,500.0,3A-1,3427.4,0,,2025-02
FWD411,23112860,550.0,0.0,0.0,28.0,522.0,522.0,500.0,4D-3,522.0,0,,2025-02
FWD415Y,20040761,281.75,0.0,0.0,15.0,266.75,266.75,0.0,3A-1,266.75,0,15kg装,2025-02
FWD415Y,,0.0,0.0,0.0,0.0,0.0,,,,0.0,0,~,2025-02
FWD430,21032761,1658.6,0.0,0.0,0.0,1658.6,1658.6,334.0,3A-1,1658.6,0,,2025-02
FWD416,24041560,716.5,0.0,0.0,26.0,690.5,690.5,0.0,2E-1,690.5,0,,2025-02
FWD416C,25011061,1220.0,0.0,0.0,200.0,1020.0,1020.0,0.0,2F-4,1020.0,0,,2025-02
FWD417,24122360,1457.0,0.0,50.0,125.0,1282.0,1282.0,0.0,4D-3,1282.0,0,,2025-02
FWD418B,23120560,1040.68,0.0,0.0,26.5,1014.18,1014.18,289.0,4D-4,1014.18,0,,2025-02
FWD418C,21010560,71.7,0.0,0.0,50.0,21.7,21.7,0.0,D-2,21.7,0,,2025-02
FWD419B,24091960,1205.9,0.0,0.0,281.8,924.1,924.1,500.0,4B-3,924.1,0,,2025-02
FWD419C,24080362,531.0,0.0,0.0,100.0,431.0,431.0,0.0,3B-4,431.0,0,,2025-02
FWD419Y,21010960,238.3,0.0,0.0,0.0,238.3,238.3,0.0,2C-1,238.3,0,20kg装,2025-02
FWD421,24120961,2400.0,0.0,0.0,126.0,2274.0,2274.0,500.0,4B-5,2274.0,0,,2025-02
FWD421Y,24110861,271.0,0.0,0.0,88.0,183.0,183.0,0.0,2C-4,183.0,0,20kg装,2025-02
FWD421D,24112860,450.0,0.0,0.0,125.0,325.0,325.0,0.0,4B-1,325.0,0,,2025-02
FWD421C,24030662,400.0,0.0,0.0,0.0,400.0,400.0,0.0,4B-1,400.0,0,,2025-02
FWD422B,18032760,79.2,0.0,0.0,0.0,79.2,79.2,,4D-1,79.2,0,,2025-02
FWD424,21080560,2540.0,0.0,0.0,0.0,2540.0,2540.0,0.0,4B-3,2540.0,0,,2025-02
FWD425,24111160,3345.0,0.0,0.0,292.0,3053.0,3053.0,500.0,4A-2,3053.0,0,,2025-02
FWD425C,25010360,1379.0,0.0,0.0,0.0,1379.0,1379.0,0.0,4A-3,1379.0,0,,2025-02
FWD425Y,2412256120,73.0,0.0,0.0,0.0,73.0,73.0,0.0,2E-2,73.0,0,20kg装,2025-02
FWD425B,18061860,750.0,0.0,0.0,35.0,715.0,715.0,200.0,4C-3,715.0,0,,2025-02
FWD426C,19101061,429.15,0.0,0.0,0.0,429.15,429.15,,2E-1,429.15,0,,2025-02
FWD427,24090561,3910.0,0.0,150.0,1169.0,2591.0,2591.0,713.0,2B-3,2591.0,0,,2025-02
FWD428B,10081361,448.9,0.0,0.0,0.0,448.9,448.9,,2E-2,448.9,0,,2025-02
FWD432,22041160,25.0,0.0,0.0,0.0,25.0,25.0,,3A-1,25.0,0,,2025-02
FWD435,23080761,1501.7,0.0,0.0,0.0,1501.7,1501.7,306.0,4B-2,1501.7,0,,2025-02
FWD435B,23090360,100.0,0.0,0.0,50.0,50.0,2559.0,430.0,3B-5,50.0,0,,2025-02
FWD435B,24110263,2510.0,0.0,0.0,1.0,2509.0,,,4C-1,2509.0,0,,2025-02
FWD435C,19121861,289.1,0.0,0.0,0.0,289.1,289.1,0.0,3B-1,289.1,0,,2025-02
FWD435Y,19122663,51.38,0.0,0.0,0.0,51.38,51.38,0.0,2F-4,51.38,0,15kg装,2025-02
FWD439,24122461,384.0,0.0,0.0,100.0,284.0,284.0,,2D-2,284.0,0,,2025-02
FWD401,24110461,3402.0,0.0,0.0,249.0,3153.0,3153.0,500.0,4A-1,3153.0,0,,2025-02
FWD402,2502216020,0.0,3983.0,0.0,0.0,3983.0,3983.0,500.0,4C-3,3983.0,0,,2025-02
FWD402,2405286120,393.3,0.0,13.3,380.0,0.0,,,,0.0,0,,2025-02
FWD4002,24051663,242.0,0.0,0.0,242.0,0.0,4095.0,1012.0,,0.0,0,15kg装,2025-02
FWD4002,24111862,4095.0,0.0,0.0,0.0,4095.0,,,4A-1,4095.0,0,,2025-02
FWD4002T,24070561,2287.5,0.0,0.0,180.0,2107.5,2107.5,1000.0,2D-1,2107.5,0,15kg装2个零头,2025-02
FWD403,24112760,1027.0,0.0,0.0,150.0,877.0,877.0,200.0,4A-3,877.0,0,,2025-02
FWD405B,19070562,203.45,0.0,0.0,0.0,203.45,203.45,100.0,4B-1,203.45,0,,2025-02
FWD407,23101360,675.55,0.0,0.0,75.0,600.55,600.55,325.0,4C-1,600.55,0,,2025-02
FWD407A,20072162,24.25,0.0,0.0,0.0,24.25,24.25,,D-2,24.25,0,,2025-02
FWD462,24052962,94.4,0.0,9.4,85.0,0.0,0.0,,,0.0,0,,2025-02
FWD466A,24121761,650.0,0.0,0.0,100.0,550.0,550.0,,4A-3,550.0,0,,2025-02
FWD468,25021460,0.0,441.0,0.0,0.0,441.0,441.0,,2D-1,441.0,0,,2025-02
FWD464,18090660,21.73,0.0,0.0,0.0,21.73,249.63,,D-2,21.73,0,,2025-02
FWD464,19090565,227.9,0.0,0.0,0.0,227.9,,,2C-1,227.9,0,,2025-02
FWD471,21052862,98.6,0.0,0.0,0.0,98.6,98.6,,4D-2,98.6,0,,2025-02
FWD475,25011060,454.0,0.0,0.0,150.0,304.0,304.0,,4C-3,304.0,0,,2025-02
FWD476,17010660,1679.2,0.0,0.0,0.0,1679.2,1679.2,,4E-2,1679.2,0,,2025-02
FWD478,23102460,114.9,0.0,0.0,10.0,104.9,104.9,,2C-3,104.9,0,,2025-02
FWD479,25011561,600.0,65.0,0.0,0.0,665.0,665.0,,3B-5,665.0,0,,2025-02
FWD480,15122661,24.65,0.0,0.0,0.0,24.65,24.65,,D-2,24.65,0,,2025-02
FWD482Y,16070162,142.05,0.0,0.0,0.0,142.05,142.05,,2D-2,142.05,0,,2025-02
FWD483,14080160,1092.45,0.0,0.0,0.0,1092.45,1092.45,,2E-2,1092.45,0,20kg装,2025-02
FWD483C,21032960,0.7,0.0,0.0,0.0,0.7,0.7,,D-2,0.7,0,,2025-02
FWD485,24060160,595.0,0.0,0.0,0.0,595.0,595.0,,3A-1,595.0,0,,2025-02
FWD486B,24011360,125.0,0.0,0.0,50.0,75.0,75.0,,2E-1,75.0,0,,2025-02
FWD487,23122560,475.0,0.0,0.0,25.0,450.0,450.0,,4C-3,450.0,0,,2025-02
FWD488,21052861,444.55,0.0,0.0,0.0,444.55,444.55,,4B-5,444.55,0,,2025-02
FWD4012,24082660,1704.75,0.0,0.0,255.0,1449.75,1449.75,500.0,4C-4,1449.75,0,15kg装,2025-02
FWD4012,,0.0,0.0,0.0,0.0,0.0,,,,0.0,0,~,2025-02
FWD4012,,0.0,0.0,0.0,0.0,0.0,,,,0.0,0,~,2025-02
FWD4012B,,0.0,0.0,0.0,0.0,0.0,0.0,,,0.0,0,~,2025-02
FWD4012B,24110260,3240.0,0.0,0.0,3240.0,0.0,,,,0.0,0,~,2025-02
FWD4012B,24110260,960.0,0.0,0.0,960.0,0.0,,,,0.0,0,~,2025-02
FWD4012T,24121461,5984.0,0.0,0.0,354.0,5630.0,5633.0,2000.0,4C-4,5630.0,0,15kg桶,2025-02
FWD4012T,,0.0,0.0,0.0,0.0,0.0,,,,0.0,0,~,2025-02
FWD4012T,24101562,4.0,0.0,0.0,1.0,3.0,,,D-2,3.0,0,~,2025-02
FWD4012T,24090662,3074.8,0.0,0.0,2385.0,689.8,689.8,,3A-3,689.8,0,~,2025-02
FWD4015,24091560,2840.0,0.0,0.0,330.0,2510.0,3974.2,1500.0,2C-1,2510.0,0,15kg装,2025-02
FWD4015,24091560,1029.2,0.0,0.0,0.0,1029.2,,,2G-4,1029.2,0,~,2025-02
FWD4015,24091560,435.0,0.0,0.0,0.0,435.0,,,2C-2,435.0,0,~,2025-02
FWD4015,,0.0,0.0,0.0,0.0,0.0,,,,0.0,0,~,2025-02
FWD4015,,0.0,0.0,0.0,0.0,0.0,,,,0.0,0,~,2025-02
FWD4015,25010761,3240.0,0.0,0.0,0.0,3240.0,8670.0,,2C-2,3240.0,0,~,2025-02
FWD4015,25010761,3810.0,0.0,0.0,0.0,3810.0,,,2G-7,3810.0,0,~,2025-02
FWD4015,24122661,1620.0,0.0,0.0,0.0,1620.0,,,3B-4,1620.0,0,~,2025-02
FWD4015,,0.0,0.0,0.0,0.0,0.0,,,,0.0,0,~,2025-02
FWD4032,22071262,57.6,0.0,0.0,0.0,57.6,57.6,,D-2,57.6,0,20kg装,2025-02
FWD4033,22071261,75.1,0.0,0.0,0.0,75.1,75.1,,D-2,75.1,0,~,2025-02
1#兰绿,18120961,124.2,0.0,0.0,0.0,124.2,124.2,,4D-2,124.2,0,24kg装,2025-02
2#墨绿,,0.0,0.0,0.0,0.0,0.0,0.0,,,0.0,0,~,2025-02
3#深紫,23022060,209.05,0.0,0.0,0.0,209.05,209.05,,2B-2,209.05,0,24kg装,2025-02
4#紫色,25010760,187.0,0.0,0.0,0.0,187.0,187.0,,2B-2,187.0,0,~,2025-02
5#棕色,23102464,240.0,0.0,0.0,0.0,240.0,240.0,,2B-2,240.0,0,,2025-02
6#枣红,22102562,47.95,0.0,0.0,0.0,47.95,47.95,,2B-2,47.95,0,24kg装,2025-02
7#宝蓝,24092561,282.0,0.0,0.0,0.0,282.0,282.0,,2B-2,282.0,0,24kg装,2025-02
8#丈青,25021761,0.0,321.0,0.0,120.0,201.0,201.0,,2B-1,201.0,0,~,2025-02
8#丈青,23081460,24.0,0.0,24.0,0.0,0.0,,,,0.0,0,,2025-02
FWD6601,17071363,438.03,0.0,0.0,0.0,438.03,438.03,0.0,2F-1,438.03,0,,2025-02
FWD6601A,24111264,406.5,0.0,0.0,2.0,404.5,404.5,200.0,2C-4,404.5,0,,2025-02
FWD6602,20050462,1031.67,0.0,0.0,3.0,1028.67,1028.67,100.0,4E-3,1028.67,0,,2025-02
FWD6602E,17070663,38.34,0.0,0.0,25.0,13.34,13.34,100.0,D-2,13.34,0,,2025-02
FWD6603,24111661,932.75,0.0,0.0,56.0,876.75,876.75,300.0,2E-1,876.75,0,,2025-02
FWD6603B,22120262,628.5,0.0,0.0,2.0,626.5,626.5,200.0,4E-1,626.5,0,,2025-02
FWD6606,22040961,99.6,0.0,0.0,75.0,24.6,24.6,,4B1-D2,24.6,0,,2025-02
FWD6606,,0.0,0.0,0.0,0.0,0.0,0.0,100.0,,0.0,0,,2025-02
FWD6612,17051360,492.32,0.0,0.0,0.0,492.32,492.32,0.0,2B-1,492.32,0,,2025-02
FWD6683,,4.0,0.0,0.0,0.0,4.0,4.0,0.0,E-1,4.0,0,退,2025-02
FWD6683T,20101361,301.85,0.0,0.0,10.5,291.35,291.35,,4C-3,291.35,0,,2025-02
FWD6050,24060660,469.9,0.0,0.0,100.0,369.9,369.9,,4A-3,369.9,0,,2025-02
FWD6205,24122460,2685.0,0.0,0.0,100.0,2585.0,2585.0,500.0,2G-7,2585.0,0,,2025-02
FWD6205G,22102861,849.85,0.0,0.0,0.0,849.85,849.85,,4A-3,849.85,0,,2025-02
FWD6215,24072761,563.95,0.0,0.0,225.0,338.95,338.95,200.0,2D-2,338.95,0,,2025-02
FWD6216,18083061,300.0,0.0,0.0,0.0,300.0,1675.0,,4E-2,300.0,0,,2025-02
FWD6216,18091161,1375.0,0.0,0.0,0.0,1375.0,,,2G-8,1375.0,0,,2025-02
FWD6219,23122160,769.0,0.0,0.0,100.0,669.0,669.0,200.0,3B-2,669.0,0,,2025-02
FWD6224,24092860,2611.95,0.0,0.0,205.0,2406.95,2406.95,733.0,4D-2,2406.95,0,,2025-02
FWD6225,18072660,776.05,0.0,4.0,0.0,772.05,772.05,34.0,4C-4,772.05,0,,2025-02
FWD6235,25022060,0.0,3279.0,0.0,400.0,2879.0,2879.0,500.0,4C-2,2879.0,0,,2025-02
FWD6235,24090560,296.95,0.0,20.95,276.0,0.0,,,,0.0,0,,2025-02
FWD6300T,20111861,687.9,0.0,0.0,0.0,687.9,687.9,500.0,4D-1,687.9,0,,2025-02
FWD6303W,22032361,724.6,0.0,0.0,0.0,724.6,724.6,0.0,2G-1,724.6,0,,2025-02
FWD6303,24080160,1120.2,0.0,0.0,65.0,1055.2,1055.2,500.0,4B-1,1055.2,0,,2025-02
FWD6500A,20061560,2595.8,0.0,1300.0,0.0,1295.8,1295.8,100.0,4C-3,1295.8,0,,2025-02
FWD6502A,24102260,2801.0,0.0,0.0,0.0,2801.0,2801.0,100.0,3B-3,2801.0,0,取1.5,2025-02
FWD6504A,22072260,1270.2,0.0,0.0,0.0,1270.2,1270.2,,4B-5,1270.2,0,2个零头,2025-02
FWD6504,20081460,375.7,0.0,0.0,2.0,373.7,373.7,200.0,4A-3,373.7,0,,2025-02
FWD6504T,22071661,783.5,0.0,0.0,6.0,777.5,777.5,300.0,2F-4,777.5,0,,2025-02
FWD6550,19092061,179.0,0.0,0.0,0.0,179.0,513.6,0.0,4E-3,179.0,0,,2025-02
FWD6550,19121261,334.6,0.0,0.0,0.0,334.6,,,4E-3,334.6,0,,2025-02
FWD6810PM,17082162,49.32,0.0,0.0,0.0,49.32,49.32,,A-2,49.32,0,,2025-02
FWD6810,24071962,1087.7,0.0,12.5,0.0,1075.2,1075.2,500.0,2F-4,1075.2,0,,2025-02
FWD6820,24080360,1063.1,0.0,30.0,27.5,1005.6,1005.6,300.0,2E-2,1005.6,0,,2025-02
FWD6830,24052760,547.25,0.0,10.4,50.5,486.35,486.35,300.0,2E-1,486.35,0,,2025-02
FWD6840,19091361,521.25,0.0,0.0,10.5,510.75,510.75,300.0,2B-1,510.75,0,2个零头,2025-02
FWD6850,24052560,549.6,0.0,0.0,30.0,519.6,519.6,300.0,2C-3,519.6,0,,2025-02
FWD6860,19061761,155.66,0.0,0.0,0.0,155.66,155.66,165.0,4D-4,155.66,0,,2025-02
FWD6881,23090460,333.6,0.0,0.0,5.0,328.6,328.6,,4D-2,328.6,0,,2025-02
FWD6882,19081261,989.5,0.0,0.0,0.0,989.5,989.5,,2C-1,989.5,0,,2025-02
FWD6883,19081262,426.3,0.0,0.0,11.0,415.3,415.3,,2F-1,415.3,0,,2025-02
FWD6884,24090960,1254.0,0.0,0.0,86.0,1168.0,1168.0,,3B-1,1168.0,0,,2025-02
FWD6885,19081264,499.97,0.0,0.0,0.0,499.97,499.97,34.0,2F-1,499.97,0,,2025-02
FWD6910,24100960,813.8,0.0,0.0,4.0,809.8,809.8,300.0,4A-3,809.8,0,,2025-02
FWD7305,24122662,7391.0,0.0,0.0,25.0,7366.0,15141.0,2000.0,2G-3,7366.0,0,,2025-02
FWD7305,24122662,6000.0,0.0,0.0,0.0,6000.0,,,2F-3,6000.0,0,,2025-02
FWD7305,24112560,2375.0,0.0,0.0,725.0,1650.0,,,4C-3,1650.0,0,,2025-02
FWD7305,24082360,625.0,0.0,0.0,500.0,125.0,,,4C-2,125.0,0,,2025-02
FWD7305D,23060763,50.0,0.0,0.0,0.0,50.0,50.0,,D-2,50.0,0,,2025-02
FWD7305T,24071260,997.4,0.0,0.0,900.0,97.4,97.4,1500.0,4A-2,97.4,0,,2025-02
FWD7305TQ,23071960,1319.3,0.0,0.0,0.0,1319.3,2039.3,,4C-1,1319.3,0,20kg装,2025-02
FWD7305TQ,23071960,720.0,0.0,0.0,0.0,720.0,,,4C-1,720.0,0,,2025-02
FWD7305TD,24081760,2774.2,0.0,0.0,0.0,2774.2,2774.2,,4C-1,2774.2,0,,2025-02
FWD7305C,24112560,9000.0,0.0,0.0,0.0,9000.0,9000.0,,4C-3,9000.0,0,,2025-02
FWD7306,24081761,826.0,0.0,0.0,0.0,826.0,826.0,,4B-5,826.0,0,,2025-02
FWD7315,24120461,1999.5,0.0,0.0,0.0,1999.5,1999.5,,4E-3,1999.5,0,2个零头,2025-02
FWD7321,20030560,1249.48,0.0,1049.48,0.0,200.0,200.0,,2D-1,200.0,0,,2025-02
FWD7331,21092260,3555.3,0.0,0.0,50.0,3505.3,3505.3,1000.0,4D-3,3505.3,0,,2025-02
FWD7322B,23102660,1402.0,0.0,0.0,175.0,1227.0,1227.0,768.0,4C-1,1227.0,0,,2025-02
FWD7322,,0.0,0.0,0.0,0.0,0.0,0.0,376.0,,0.0,0,,2025-02
FWD7351,24010561,0.6,0.0,0.0,0.0,0.6,3393.1,1000.0,D-2,0.6,0,,2025-02
FWD7351,24051360,3492.5,0.0,0.0,100.0,3392.5,,,4A-1,3392.5,0,,2025-02
FWD7352,24062463,1968.8,0.0,0.0,29.0,1939.8,1939.8,181.0,4B-4,1939.8,0,,2025-02
FWD7355,24101460,400.0,0.0,0.0,0.0,400.0,4409.0,,4C-1,400.0,0,,2025-02
FWD7355,24110860,4009.0,0.0,0.0,0.0,4009.0,,,3B-5,4009.0,0,,2025-02
FWD7365,24062460,717.4,0.0,0.0,0.0,717.4,717.4,300.0,4D-3,717.4,0,,2025-02
FWD7504,18040361,191.2,0.0,0.0,55.0,136.2,921.2,,2C-4,136.2,0,,2025-02
FWD7504,24091360,785.0,0.0,0.0,0.0,785.0,,,4A-3,785.0,0,,2025-02
FWD8103,24101661,759.9,0.0,0.0,1.5,758.4,758.4,,3B-1,758.4,0,,2025-02
FWD8153,24111560,684.2,0.0,0.0,675.0,9.2,9.3,,4E5-D2,9.2,0,,2025-02
FWD8153,24041091,0.1,0.0,0.0,0.0,0.1,,,,0.1,0,,2025-02
FWD8173,24022861,1222.95,0.0,0.0,201.0,1021.95,1021.95,200.0,4C-3,1021.95,0,,2025-02
FWD8205,24111360,851.9,0.0,450.0,0.0,401.9,401.9,,4A-3,401.9,0,,2025-02
FWD8215,23072861,1653.5,0.0,0.0,0.0,1653.5,1653.5,360.0,3B-2,1653.5,0,,2025-02
FWD8216,19062262,1801.0,0.0,0.0,0.0,1801.0,1801.0,6.0,4D-2,1801.0,0,,2025-02
FWD8218,20071361,365.6,0.0,0.0,1.0,364.6,364.6,,4E-2,364.6,0,,2025-02
FWD8219,23051761,1175.5,0.0,0.0,0.0,1175.5,1175.5,,4D-4,1175.5,0,,2025-02
FWD8224,24052262,342.85,0.0,0.0,11.0,331.85,331.85,200.0,4D-4,331.85,0,,2025-02
FWD8236,19062263,245.85,0.0,0.0,5.0,240.85,240.85,11.0,4E-4,240.85,0,,2025-02
FWD8503,21091760,879.05,0.0,0.0,91.0,788.05,788.05,500.0,2F-1,788.05,0,,2025-02
FWD6001,24092460,9036.0,0.0,0.0,280.0,8756.0,8756.0,1000.0,3C-2,8756.0,0,,2025-02
FWD6002,24111261,4000.0,0.0,0.0,0.0,4000.0,10450.0,2000.0,2C-1,4000.0,0,,2025-02
FWD6002,24111261,5760.0,0.0,0.0,0.0,5760.0,,,2D-2,5760.0,0,,2025-02
FWD6002,24041161,2065.0,0.0,500.0,875.0,690.0,,,2G-6,690.0,0,,2025-02
FWD6002,25022261,0.0,548.0,0.0,0.0,548.0,548.0,,A区,548.0,0,,2025-02
FWD6002A,24072060,950.8,0.0,0.0,95.0,855.8,15121.7,2006.0,4D-1,855.8,0,,2025-02
FWD6002A,24070660,10000.0,0.0,0.0,0.0,10000.0,,,E-2,10000.0,0,,2025-02
FWD6002A,24070660,3765.9,0.0,0.0,0.0,3765.9,,,4A-2,3765.9,0,,2025-02
FWD6002A,24072060,500.0,0.0,0.0,0.0,500.0,,,A-3,500.0,0,,2025-02
FWD6002A,24030760,798.9,0.0,0.0,0.0,798.9,798.9,,2B-4,798.9,0,,2025-02
FWD6002C,24081660,3098.0,0.0,40.0,0.0,3058.0,3058.0,,3B-5,3058.0,0,,2025-02
FWD6003T,24062563,4028.3,0.0,0.0,1175.0,2853.3,2853.3,1153.0,2G-6,2853.3,0,,2025-02
FWD6005T,24090363,4750.0,0.0,0.0,675.0,4075.0,7204.65,831.0,2F-4,4075.0,0,,2025-02
FWD6005T,24090363,3857.65,0.0,0.0,728.0,3129.65,,,2F-3,3129.65,0,,2025-02
FWD6006A,24082760,801.0,0.0,0.0,0.0,801.0,801.0,0.0,2D-1,801.0,0,,2025-02
FWD6006,24052060,2200.0,0.0,0.0,2200.0,0.0,4246.25,1439.0,,0.0,0,,2025-02
FWD6006,24052060,670.7,0.0,0.0,50.0,620.7,,,4C-1,620.7,0,,2025-02
FWD6006,24110660,4500.0,0.0,0.0,2800.0,1700.0,,,3A-3,1700.0,0,,2025-02
FWD6006,24110660,1925.55,0.0,0.0,0.0,1925.55,,,3B-5,1925.55,0,,2025-02
FWD6009,24100961,827.4,0.0,0.0,211.0,616.4,616.4,466.0,2C-3,616.4,0,,2025-02
FWD6018,24061960,2859.32,0.0,0.0,400.0,2459.32,2459.32,500.0,2E-1,2459.32,0,,2025-02
FWD6018TS,23060566,46.25,0.0,0.0,0.0,46.25,46.25,,A-1,46.25,0,,2025-02
FWD6018T,24061560,5629.79,0.0,0.0,705.0,4924.79,4924.79,409.0,2G-8,4924.79,0,,2025-02
FWD6163,24052762,1600.0,0.0,0.0,103.0,1497.0,1497.0,500.0,4D-3,1497.0,0,,2025-02
FWD9220YBT,19122860,525.57,0.0,0.0,505.0,20.57,20.57,300.0,D-2,20.57,0,,2025-02
FWD9221RGT,21062860,842.74,0.0,0.0,62.0,780.74,780.74,300.0,4B-4,780.74,0,,2025-02
FWD9222PG,23122760,229.83,0.0,0.0,31.0,198.83,198.83,300.0,4E-1,198.83,0,,2025-02
FWD9223PYT,24051662,1862.84,0.0,0.0,1.0,1861.84,1861.84,,4E-1,1861.84,0,,2025-02
FWD9224BOT,24110160,3256.22,0.0,0.0,52.0,3204.22,3204.22,300.0,4D-4,3204.22,0,2个零头,2025-02
FWD9225BMT,24092861,2266.23,0.0,0.0,17.0,2249.23,2249.23,300.0,4D-1,2249.23,0,,2025-02
FWD9226GOT,21111960,86.2,0.0,0.0,0.0,86.2,86.2,,4E-1,86.2,0,,2025-02
FWD9227GOT,24040861,2025.56,0.0,0.0,66.0,1959.56,1959.56,300.0,4B-4,1959.56,0,,2025-02
FWD9228PG,21031161,1442.37,0.0,0.0,2.0,1440.37,1440.37,,4D-1,1440.37,0,,2025-02
FWD9230YB,19091160,10.52,0.0,0.0,5.0,5.52,5.52,300.0,D-2,5.52,0,,2025-02
FWD9233PO,24031860,831.26,0.0,0.0,28.0,803.26,803.26,,4E-1,803.26,0,,2025-02
FWD9232MG,24053060,1866.64,0.0,0.0,95.5,1771.14,1771.14,300.0,4E-1,1771.14,0,,2025-02
FWD9234BO,24041661,1320.55,0.0,0.0,88.5,1232.05,1232.05,300.0,4D-1,1232.05,0,2个零头,2025-02
FWD9235BV,24032961,1464.74,0.0,0.0,14.0,1450.74,1450.74,300.0,4D-2,1450.74,0,,2025-02
FWD9237GR,24050863,2041.06,0.0,0.0,31.0,2010.06,2010.06,300.0,4D-1,2010.06,0,,2025-02
FWD9240YB,24030660,1204.64,0.0,0.0,50.0,1154.64,1154.64,300.0,4E-1,1154.64,0,,2025-02
FWD9244BO,24121760,2509.6,0.0,0.0,21.0,2488.6,3763.6,300.0,4B-5,2488.6,0,,2025-02
FWD9244BO,24121760,1350.0,0.0,0.0,75.0,1275.0,,,4B-5,1275.0,0,,2025-02
FWD9245BM,24041662,1423.12,0.0,0.0,0.0,1423.12,1423.12,300.0,4E-5,1423.12,0,,2025-02
FWD9247GR,23120761,409.94,0.0,0.0,52.0,357.94,357.94,300.0,4E-1,357.94,0,,2025-02
FWD9250YB,16123104,315.67,0.0,0.0,0.0,315.67,315.67,0.0,2F4-E1,315.67,0,,2025-02
FWD9250YBT,18052161,0.75,0.0,0.0,0.0,0.75,271.44,323.0,D-2,0.75,0,,2025-02
FWD9250YBT,20080163,270.69,0.0,0.0,0.0,270.69,,,4E-1,270.69,0,,2025-02
FWD9251RG,17032622,237.02,0.0,0.0,0.0,237.02,237.02,0.0,4E-1,237.02,0,,2025-02
FWD9251RGT,20082461,1564.2,0.0,0.0,32.0,1532.2,1532.2,300.0,4E-2,1532.2,0,,2025-02
FWD9252PGT,24091461,1218.07,0.0,0.0,3.0,1215.07,1215.07,37.0,4C-4,1215.07,0,,2025-02
FWD9255BO,17070409,319.78,0.0,0.0,0.0,319.78,319.78,,4C-4,319.78,0,,2025-02
FWD9255BOT,21042660,1171.32,0.0,0.0,104.0,1067.32,1067.32,94.0,4D-1,1067.32,0,,2025-02
FWD9256BM,17090705,297.27,0.0,0.0,0.0,297.27,297.27,0.0,4C-4,297.27,0,,2025-02
FWD9256BMT,23120462,410.93,0.0,0.0,77.0,333.93,333.93,246.0,4E-1,333.93,0,,2025-02
FWD9257GOT,24112360,2111.0,0.0,0.0,50.0,2061.0,2061.0,123.0,4E-2,2061.0,0,,2025-02
FWD9275BO,24111260,689.92,0.0,0.0,5.0,684.92,684.92,,4C-4,684.92,0,,2025-02
FWDM9251RG,17062512,77.1,0.0,0.0,0.0,77.1,77.1,,A-2,77.1,0,,2025-02
FWDM9224BO,17062410,33.27,0.0,0.0,2.0,31.27,31.27,,A-2,31.27,0,,2025-02
FWDM9222PG,17062506,65.15,0.0,0.0,0.0,65.15,65.15,,D-1,65.15,0,,2025-02
FWDM9227GO,17062414,72.24,0.0,0.0,0.0,72.24,72.24,,A-2,72.24,0,,2025-02
FWD9367GR,20113060,1647.96,0.0,0.0,0.0,1647.96,1647.96,,4C-4,1647.96,0,,2025-02
FWD5800,23081991,21.75,0.0,0.0,0.0,21.75,1146.15,500.0,D-2,21.75,0,,2025-02
FWD5800,24072591,1274.4,0.0,0.0,150.0,1124.4,,,D-2,1124.4,0,,2025-02
FWD5800A,17090191,208.0,0.0,0.0,0.0,208.0,208.0,151.0,D-1,208.0,0,,2025-02
FWD5800D,22090291,1887.57,0.0,0.0,0.0,1887.57,1887.57,,C-1,1887.57,0,,2025-02
FWD5800F,24122692,0.0,200.0,0.0,125.0,75.0,75.0,,E-1,75.0,0,,2025-02
FWD5800F,24010591,5.0,0.0,5.0,0.0,0.0,,,,0.0,0,,2025-02
FWD5800G,24031191,21.8,0.0,0.0,21.0,0.8,71.3,,,0.8,0,,2025-02
FWD5800G,24062591,100.5,0.0,0.0,30.0,70.5,,,E-5,70.5,0,,2025-02
FWD5811L,24032891,0.0,150.0,0.0,150.0,0.0,0.0,,,0.0,0,,2025-02
FWD5812L,24032893,0.0,50.0,0.0,50.0,0.0,0.0,,,0.0,0,,2025-02
FWD5813L,24032895,1.4,0.0,0.0,0.0,1.4,1.4,,D-2,1.4,0,,2025-02
FWD5814L,24032991,3.0,50.0,0.0,50.0,3.0,3.0,,D-2,3.0,0,,2025-02
FWD5820,21020192,464.4,0.0,0.0,0.0,464.4,564.4,0.0,C-2,464.4,0,2个零头,2025-02
FWD5820,24032781,100.0,0.0,0.0,0.0,100.0,,,A-3,100.0,0,,2025-02
FWD5820B,23080991,561.9,0.0,0.0,25.0,536.9,536.9,,A-2,536.9,0,2个零头,2025-02
FWD5821,21052291,5.75,0.0,0.0,0.0,5.75,5.75,0.0,A-1,5.75,0,,2025-02
FWD5822,19121891,105.7,0.0,0.0,0.0,105.7,105.7,,A-1,105.7,0,,2025-02
FWD5822A,24040891,100.0,0.0,0.0,0.0,100.0,100.0,,E-1,100.0,0,,2025-02
FWD5823,13122091,122.85,0.0,0.0,0.0,122.85,145.65,0.0,D-1,122.85,0,,2025-02
FWD5823,13012491,22.8,0.0,0.0,0.0,22.8,,,A-1,22.8,0,,2025-02
FWD5825,13111891,0.65,0.0,0.0,0.0,0.65,0.65,0.0,A1货架,0.65,0,,2025-02
FWD5841,13031891,65.9,0.0,0.0,0.0,65.9,65.9,,A-1,65.9,0,,2025-02
FWD5841A,19050893,4.5,0.0,0.0,0.0,4.5,4.5,0.0,A-1,4.5,0,,2025-02
FWD5842A,19050892,4.3,0.0,0.0,0.0,4.3,4.3,0.0,A-1,4.3,0,,2025-02
FWD5855,20120405,20.84,0.0,0.0,0.0,20.84,20.84,,A-1,20.84,0,,2025-02
FWD5870A,24121491,1899.0,0.0,0.0,12.0,1887.0,1911.1,,D-1,1887.0,0,,2025-02
FWD5870A,24030791,34.1,0.0,0.0,10.0,24.1,,,A-2,24.1,0,,2025-02
FWD5870B,23061991,358.34,0.0,0.0,0.0,358.34,358.34,,B-1,358.34,0,,2025-02
FWD5870C,24092991,623.6,0.0,5.0,225.0,393.6,393.6,,B-1,393.6,0,,2025-02
FWD5871A,24123091,303.8,0.0,0.0,0.0,303.8,303.8,,A-2,303.8,0,,2025-02
FWD5871C,24122591,749.5,0.0,0.0,1.0,748.5,748.5,,B-1,748.5,0,,2025-02
FWD5872A,25010291,160.0,0.0,0.0,0.0,160.0,160.0,,A-3,160.0,0,,2025-02
FWD5872C,23122491,168.0,0.0,0.0,0.0,168.0,168.0,,A-2,168.0,0,,2025-02
FWD5873A,25010292,86.7,0.0,0.0,0.0,86.7,86.7,,A-3,86.7,0,,2025-02
FWD5874A,25010391,73.4,0.0,0.0,0.0,73.4,73.4,,A-3,73.4,0,,2025-02
FWD5880B,21121392,156.5,0.0,0.0,0.0,156.5,2610.3,,D-1,156.5,0,,2025-02
FWD5880B,23121991,2453.8,0.0,0.0,0.0,2453.8,,,C-1,2453.8,0,,2025-02
FWD5881B,24051092,25.0,0.0,0.0,0.0,25.0,25.0,,A-2,25.0,0,,2025-02
FWD5882X,24032894,1.4,0.0,0.0,0.0,1.4,1.4,,D-2,1.4,0,,2025-02
FWD5883X,24032896,1.4,0.0,0.0,0.0,1.4,1.4,,D-2,1.4,0,,2025-02
FWD5884X,24032992,1.4,0.0,0.0,0.0,1.4,1.4,,D-2,1.4,0,,2025-02
FWD5890,25022792,0.0,1542.0,0.0,0.0,1542.0,1542.0,,4B-1,1542.0,0,,2025-02
FWD5890,23061491,1.85,0.0,1.85,0.0,0.0,,,,0.0,0,,2025-02
FWD5890,23082191,428.0,0.0,2.0,426.0,0.0,,,,0.0,0,,2025-02
FWD5890ST,24062491,114.55,0.0,0.0,0.0,114.55,114.55,,B-1,114.55,0,,2025-02
FWD5891,21090391,512.35,0.0,0.0,11.0,501.35,501.35,,D-1,501.35,0,,2025-02
FWD5891ST,22081792,8.8,0.0,0.0,0.0,8.8,8.8,,A-1,8.8,0,,2025-02
FWD5891A,22111291,18.2,0.0,0.0,0.0,18.2,1159.7,,A-2,18.2,0,,2025-02
FWD5891A,22122794,1141.5,0.0,0.0,0.0,1141.5,,,E-1,1141.5,0,,2025-02
FWD5892,22041091,752.49,0.0,0.0,0.0,752.49,752.49,,B-1,752.49,0,,2025-02
FWD5892B,23101691,580.9,0.0,0.0,0.0,580.9,580.9,,D-2,580.9,0,,2025-02
FWD5893,22121091,539.19,0.0,0.0,1.0,538.19,538.19,,B-2,538.19,0,,2025-02
FWD5893ST,22082292,10.3,0.0,0.0,0.0,10.3,10.3,,A-1,10.3,0,,2025-02
FWD5894,21070692,20.74,0.0,0.0,11.0,9.74,780.29,,D-2,9.74,0,,2025-02
FWD5894,22052991,770.55,0.0,0.0,0.0,770.55,,,B-1,770.55,0,,2025-02
FWD5895,21070694,50.45,0.0,0.0,0.0,50.45,765.79,,E-5,50.45,0,,2025-02
FWD5895,22061391,715.34,0.0,0.0,0.0,715.34,,,B-2,715.34,0,,2025-02
FWD5895B,23101692,541.1,0.0,0.0,0.0,541.1,541.1,,D-2,541.1,0,,2025-02
FWD5895ST,23050491,59.5,0.0,0.0,0.0,59.5,59.5,,B-1,59.5,0,,2025-02
FWD D10Y,24081091,283.0,0.0,0.0,0.0,283.0,283.0,0.0,D-1,283.0,0,,2025-02
FWD D10A,19102291,1582.87,0.0,125.0,227.0,1230.87,1230.87,,D-1,1230.87,0,,2025-02
FWD D10A,24041491,0.0,250.0,0.0,250.0,0.0,,,,0.0,0,,2025-02
FWD D10M,24111791,2725.0,0.0,0.0,154.0,2571.0,2571.0,500.0,E-5,2571.0,0,,2025-02
FWD D21M,24070591,472.0,0.0,0.0,61.0,411.0,411.0,65.0,A-1,411.0,0,,2025-02
FWD D23M,24121091,503.1,0.0,0.0,30.0,473.1,473.1,283.0,B-2,473.1,0,,2025-02
FWD D25M,,0.0,0.0,0.0,0.0,0.0,0.0,100.0,,0.0,0,,2025-02
FWD D27M,23121891,1036.7,0.0,0.0,25.0,1011.7,1011.7,500.0,C-2,1011.7,0,,2025-02
FWD D28M,20051191,1.8,0.0,0.0,0.0,1.8,62.95,153.0,B-2,1.8,0,,2025-02
FWD D28M,23031491,61.15,0.0,0.0,0.0,61.15,,,A-3,61.15,0,,2025-02
FWD D29M,24031491,400.05,0.0,0.0,0.0,400.05,400.05,100.0,A-2,400.05,0,,2025-02
FWD D10L,24102291,1780.8,0.0,207.0,175.0,1398.8,1398.8,769.0,C-1,1398.8,0,,2025-02
FWD D21L,22061491,2675.8,0.0,0.0,0.0,2675.8,2996.6,200.0,C-1,2675.8,0,,2025-02
FWD D21L,23022291,395.8,0.0,75.0,0.0,320.8,,,D-2,320.8,0,,2025-02
FWD D23L,20112591,0.36,0.0,0.0,0.0,0.36,2035.51,327.0,D-1,0.36,0,,2025-02
FWD D23L,22022191,940.1,0.0,0.0,5.0,935.1,,,A-2,935.1,0,,2025-02
FWD D23L,22112791,1133.85,0.0,33.8,0.0,1100.05,,,C-1,1100.05,0,,2025-02
FWD D25L,14092591,10.8,0.0,0.0,0.0,10.8,18.01,100.0,D-1,10.8,0,,2025-02
FWD D25L,18112191,3.41,0.0,0.0,0.0,3.41,,,D-1,3.41,0,,2025-02
FWD D25L,18112191,3.8,0.0,0.0,0.0,3.8,,,A1货架,3.8,0,退需重拌,2025-02
FWD D27L,21102591,546.71,0.0,0.0,0.0,546.71,1825.31,500.0,D-1,546.71,0,,2025-02
FWD D27L,22101491,1278.6,0.0,0.0,0.0,1278.6,,,E-5,1278.6,0,,2025-02
FWD D28L,17062291,55.88,0.0,0.0,0.0,55.88,979.68,216.0,D-1,55.88,0,,2025-02
FWD D28L,22040991,97.7,0.0,0.0,25.0,72.7,,,A-2,72.7,0,,2025-02
FWD D28L,23031991,851.6,0.0,0.0,0.5,851.1,,,A-3,851.1,0,,2025-02
FWD D29L,,0.0,0.0,0.0,0.0,0.0,0.0,100.0,,0.0,0,,2025-02
FWD D10X,21062791,34.7,0.0,0.0,28.5,6.2,1887.2,300.0,D-2,6.2,0,,2025-02
FWD D10X,19091891,0.9,0.0,0.0,0.0,0.9,,,A-1,0.9,0,,2025-02
FWD D10X,22112091,2005.1,0.0,0.0,125.0,1880.1,,,D-2,1880.1,0,,2025-02
FWD D21X,20042991,1.0,0.0,0.0,0.0,1.0,538.4,36.0,D-1,1.0,0,2个零头放在,2025-02
FWD D21X,21042991,0.1,0.0,0.0,0.0,0.1,,,D-1,0.1,0,同一个桶里,2025-02
FWD D21X,21102391,537.8,0.0,0.0,0.5,537.3,,,A-1,537.3,0,,2025-02
FWD D23X,22010191,665.95,0.0,0.0,10.5,655.45,3382.45,200.0,C-1,655.45,0,,2025-02
FWD D23X,23112391,2727.0,0.0,0.0,0.0,2727.0,,,B-2,2727.0,0,,2025-02
FWD D23XST,22122792,35.5,0.0,0.0,0.0,35.5,35.5,,A-1,35.5,0,,2025-02
FWD D25X,23112491,1726.5,0.0,0.0,7.0,1719.5,1719.5,214.0,E-1,1719.5,0,,2025-02
FWD D27X,22122691,1132.85,0.0,0.0,0.0,1132.85,1132.85,171.0,C-1,1132.85,0,,2025-02
FWD D28X,22042592,635.65,0.0,0.0,6.5,629.15,629.15,161.0,D-2,629.15,0,,2025-02
FWD D28XST,22122793,53.7,0.0,0.0,0.0,53.7,53.7,,A-1,53.7,0,,2025-02
FWD V015,24120391,59.89,0.0,0.0,0.0,59.89,59.89,50.0,D-1,59.89,0,,2025-02
FWD V020,24111191,19.2,0.0,0.0,8.0,11.2,11.2,50.0,D-1,11.2,0,,2025-02
FWD V040,24122592,10.7,0.0,0.0,9.5,1.2,91.2,100.0,D-1,1.2,0,,2025-02
FWD V040,25011491,98.0,0.0,0.0,8.0,90.0,,,D-1,90.0,0,,2025-02
FWD V060,24112791,91.08,0.0,0.0,18.5,72.58,72.58,100.0,D-1,72.58,0,,2025-02
FWD V080,24010991,165.57,0.0,0.0,18.6,146.97,146.97,100.0,D-1,146.97,0,,2025-02
FWD V090,,0.0,0.0,0.0,0.0,0.0,0.0,100.0,,0.0,0,,2025-02
FWD V095,25011591,268.0,0.0,0.0,150.6,117.4,117.4,0.0,D-1,117.4,0,,2025-02
FWD V150,24070191,221.47,0.0,0.0,11.3,210.17,210.17,100.0,E-5,210.17,0,,2025-02
FWD V155,24122193,138.8,0.0,0.0,138.0,0.8,0.8,0.0,A1货架,0.8,0,,2025-02
FWD V220,21090291,158.14,0.0,0.0,2.3,155.84,155.84,100.0,A-1,155.84,0,,2025-02
FWD V580,18031991,142.19,0.0,0.0,2.0,140.19,140.19,0.0,A-2,140.19,0,20kg装,2025-02
FWD V550,21022491,274.0,0.0,0.0,1.0,273.0,273.0,50.0,D-2,273.0,0,,2025-02
BHC110,24102860,4093.0,0.0,0.0,0.0,4093.0,4093.0,900.0,3棚-4,4093.0,0,,2025-02
BHC120,20081562,1297.5,0.0,0.0,24.0,1273.5,1273.5,400.0,3棚2-1,1273.5,0,,2025-02
BHC100,25022660,0.0,3000.0,0.0,600.0,2400.0,10800.0,1000.0,车间,2400.0,0,,2025-02
BHC100,25022660,0.0,4100.0,0.0,0.0,4100.0,,,3E-2,4100.0,0,,2025-02
BHC100,25022660,0.0,4300.0,0.0,0.0,4300.0,,,3E-3,4300.0,0,,2025-02
BHC100,24071561,46.4,0.0,21.4,25.0,0.0,,,,0.0,0,,2025-02
BHC100,24071561,500.0,0.0,0.0,500.0,0.0,,,,0.0,0,,2025-02
BHC100,24040360,17.5,0.0,17.5,0.0,0.0,,,,0.0,0,,2025-02
BHC173,24080161,849.0,0.0,0.0,305.0,544.0,794.0,500.0,3D-3,544.0,0,,2025-02
BHC173,24080161,250.0,0.0,0.0,0.0,250.0,,,3棚1-1,250.0,0,,2025-02
BHC150,24101664,828.5,0.0,0.0,275.0,553.5,553.5,,3D-2,553.5,0,,2025-02
BHC151,24070261,1048.0,0.0,0.0,5.0,1043.0,1043.0,425.0,3E-1,1043.0,0,,2025-02
BHC153,24092060,1827.5,0.0,0.0,555.0,1272.5,1272.5,500.0,3D-2,1272.5,0,,2025-02
BHC205,24092562,731.95,0.0,0.0,450.0,281.95,281.95,500.0,3棚-3,281.95,0,,2025-02
BHC201,24052261,394.7,0.0,0.0,6.0,388.7,388.7,200.0,3棚-3,388.7,0,,2025-02
BHC216,25010661,2567.0,0.0,0.0,100.0,2467.0,2467.0,500.0,3棚-4,2467.0,0,,2025-02
BHC219,20082865,962.67,0.0,0.0,30.0,932.67,932.67,500.0,3D-4,932.67,0,,2025-02
BHC223,23041764,232.2,0.0,0.0,5.0,227.2,227.2,200.0,3E-1,227.2,0,,2025-02
BHC225,19072562,11.9,0.0,0.0,0.0,11.9,330.7,500.0,D-2,11.9,0,,2025-02
BHC225,21012366,528.8,0.0,0.0,210.0,318.8,,,3D-3,318.8,0,,2025-02
BHC235,24010562,486.6,0.0,0.0,0.0,486.6,486.6,500.0,3棚1-1,486.6,0,,2025-02
BHC249,21051865,201.05,0.0,0.0,125.0,76.05,76.05,,3D-3,76.05,0,,2025-02
BHC249,22091460,906.0,0.0,0.0,0.0,906.0,906.0,,3棚1-1,906.0,0,,2025-02
BHC259,24062265,307.3,0.0,0.0,0.0,307.3,307.3,,3棚1-1,307.3,0,,2025-02
BHC300,24050662,575.0,0.0,0.0,100.0,475.0,3911.0,1000.0,3棚2-2,475.0,0,,2025-02
BHC300,24121360,3436.0,0.0,0.0,0.0,3436.0,,,3棚2-1,3436.0,0,,2025-02
BHC300,24121260,600.0,0.0,0.0,0.0,600.0,600.0,,3D-3,600.0,0,,2025-02
BHC306,20111465,904.55,0.0,0.0,0.0,904.55,904.55,850.0,3D-1,904.55,0,纸桶,2025-02
BHC362,20122665,297.05,0.0,0.0,1.0,296.05,296.05,,3E-1,296.05,0,,2025-02
BHC500,25021960,0.0,2425.0,0.0,25.0,2400.0,2921.0,500.0,3棚1-2,2400.0,0,,2025-02
BHC500,25021960,0.0,521.0,0.0,0.0,521.0,,,3棚1-2,521.0,0,,2025-02
BHC500,25021863,0.0,300.0,0.0,300.0,0.0,,,,0.0,0,,2025-02
BHC500,21072965,627.8,0.0,427.8,200.0,0.0,,,,0.0,0,,2025-02
BHC500A,24031561,200.0,0.0,0.0,0.0,200.0,200.0,,3棚2-2,200.0,0,,2025-02
BHC502,24042460,1026.0,0.0,226.0,51.0,749.0,749.0,500.0,3D-1,749.0,0,,2025-02
BHC502,25021861,0.0,300.0,0.0,300.0,0.0,,,,0.0,0,,2025-02
BHC504,21052765,4630.1,0.0,226.0,5.0,4399.1,4399.1,500.0,3E-2,4399.1,0,,2025-02
BHC504,25021862,0.0,300.0,0.0,300.0,0.0,,,,0.0,0,,2025-02
BHC505,24102160,924.5,0.0,0.0,55.0,869.5,869.5,300.0,3D-2,869.5,0,,2025-02
BHC508,21091365,1109.15,0.0,0.0,50.0,1059.15,1059.15,300.0,3棚2-1,1059.15,0,,2025-02
BHC509,23070860,495.3,0.0,0.0,75.0,420.3,420.3,,3棚-3,420.3,0,2个零头,2025-02
BHC510,20112065,628.85,0.0,93.77,79.0,456.08,456.08,300.0,3棚1-1,456.08,0,,2025-02
BHC521,24040260,5247.7,0.0,0.0,5.0,5242.7,5242.7,,3棚1-2,5242.7,0,,2025-02
BHC521,24040260,500.0,0.0,0.0,500.0,0.0,,,,0.0,0,,2025-02
BHC521H,24080565,148.0,0.0,0.0,0.0,148.0,148.0,,3D-2,148.0,0,,2025-02
BHC520,24122562,1177.0,0.0,0.0,150.0,1027.0,1027.0,200.0,3棚1-2,1027.0,0,,2025-02
BHC522,,0.0,0.0,0.0,0.0,0.0,902.0,300.0,,0.0,0,,2025-02
BHC522,24122564,952.0,0.0,0.0,50.0,902.0,,,3D-3,902.0,0,,2025-02
BHC5518,24122660,835.5,0.0,0.0,1.0,834.5,834.5,,3D-3,834.5,0,,2025-02
BHC5528,23080460,149.2,0.0,0.0,0.0,149.2,149.2,,3C-1,149.2,0,,2025-02
BHC6050,24060660,75.0,0.0,0.0,0.0,75.0,75.0,,4A-3,75.0,0,,2025-02
BHC6153,24101660,1263.95,0.0,0.0,0.0,1263.95,1263.95,,3棚1-2,1263.95,0,,2025-02
BHC6163,24112060,1135.5,0.0,0.0,205.0,930.5,930.5,,3D-1,930.5,0,,2025-02
BHC6205H,24062160,299.9,0.0,0.0,0.0,299.9,299.9,200.0,3D-3,299.9,0,,2025-02
BHC6216H,22092661,222.8,0.0,0.0,0.0,222.8,222.8,200.0,3E-1,222.8,0,,2025-02
BHC6219H,24121762,701.0,0.0,0.0,0.0,701.0,701.0,200.0,3棚-3,701.0,0,,2025-02
BHC6225H,22062064,183.2,0.0,0.0,25.0,158.2,158.2,200.0,3C-4,158.2,0,2个零头,2025-02
BHC6235H,21070764,127.2,0.0,0.0,0.0,127.2,127.2,100.0,3棚-3,127.2,0,,2025-02
BHC6300H,23070362,723.2,0.0,0.0,16.0,707.2,707.2,200.0,3D-2,707.2,0,,2025-02
BHC6300TH,24092560,1362.5,0.0,0.0,238.5,1124.0,1124.0,200.0,3E-5,1124.0,0,,2025-02
BHC6302H,24050761,734.65,0.0,0.0,25.0,709.65,709.65,,3棚-3,709.65,0,,2025-02
BHC6304H,24062562,124.7,0.0,0.0,25.5,99.2,99.2,200.0,3D-4,99.2,0,,2025-02
BHC6306H,24062561,524.6,0.0,0.0,0.0,524.6,524.6,200.0,3E-1,524.6,0,,2025-02
BHC6307H,20121266,463.5,0.0,0.0,26.0,437.5,437.5,250.0,3C-4,437.5,0,,2025-02
BHC6351H,19080360,781.7,0.0,0.0,2.0,779.7,779.7,,3C-4,779.7,0,,2025-02
BHC6353H,21032565,650.7,0.0,0.0,51.5,599.2,599.2,200.0,3棚2-2,599.2,0,,2025-02
BHC6355H,25022760,0.0,688.0,0.0,0.0,688.0,688.0,,3E-5,688.0,0,,2025-02
BHC6355H,24040860,62.1,0.0,27.1,35.0,0.0,,,,0.0,0,,2025-02
BHC6500H,22081261,409.85,0.0,0.0,66.0,343.85,343.85,200.0,3E-3,343.85,0,,2025-02
BHC6502H,24102260,414.4,0.0,0.0,50.0,364.4,364.4,200.0,3E-1,364.4,0,,2025-02
BHC6504H,24090361,526.4,0.0,0.0,76.2,450.2,450.2,200.0,3棚2-2,450.2,0,,2025-02
BHC6505H,19032963,197.5,0.0,0.0,50.0,147.5,147.5,200.0,3E-5,147.5,0,,2025-02
BHC6508H,19032962,797.5,0.0,0.0,25.0,772.5,772.5,200.0,3棚1-2,772.5,0,,2025-02
BHC6510H,19040862,524.7,0.0,0.0,0.0,524.7,524.7,200.0,3D-1,524.7,0,,2025-02
BHC6520H,24052460,1346.9,0.0,0.0,0.0,1346.9,1346.9,200.0,3E-1,1346.9,0,,2025-02
BHC6522H,24122560,597.0,0.0,0.0,25.0,572.0,572.0,200.0,3D-2,572.0,0,,2025-02
BHC6524H,23051760,504.5,0.0,0.0,0.0,504.5,504.5,,3D-3,504.5,0,,2025-02
BHC6532H,24102861,1122.0,0.0,105.3,52.0,964.7,964.7,200.0,3D-4,964.7,0,,2025-02
BHC6530H,22041561,584.95,0.0,75.4,37.0,472.55,472.55,200.0,3棚-3,472.55,0,,2025-02
BHC6534H,23112262,868.0,0.0,0.0,1.0,867.0,867.0,200.0,3D-2,867.0,0,,2025-02
BHC6535H,22031266,153.5,0.0,75.0,25.0,53.5,53.5,200.0,3E-5,53.5,0,,2025-02
BHC6600,23101160,1693.1,0.0,0.0,0.5,1692.6,1692.6,500.0,3D-4,1692.6,0,,2025-02
BHC6600RG,22021663,1123.0,0.0,0.0,0.0,1123.0,1123.0,500.0,3E-3,1123.0,0,,2025-02
BHC6607,24071961,2058.2,0.0,0.0,125.5,1932.7,2032.7,500.0,3棚-4,1932.7,0,,2025-02
BHC6607,24022860,100.0,0.0,0.0,0.0,100.0,,,3E-4,100.0,0,,2025-02
BHC6607AS,24032760,98.7,0.0,0.0,25.0,73.7,73.7,,D-2,73.7,0,,2025-02
BHC6607H,20091765,930.42,0.0,0.0,1.0,929.42,929.42,,3棚1-2,929.42,0,,2025-02
BHC6608,23082661,2719.1,0.0,0.0,51.0,2668.1,2668.1,500.0,3棚-4,2668.1,0,,2025-02
BHC6609H,24052761,648.4,0.0,0.0,50.5,597.9,597.9,200.0,3D-3,597.9,0,,2025-02
BHC6609,24050862,250.0,0.0,0.0,100.0,150.0,1360.0,500.0,3棚2-2,150.0,0,,2025-02
BHC6609,25010261,1224.0,0.0,0.0,14.0,1210.0,,,3E-1,1210.0,0,,2025-02
BHC6611,24041460,350.76,0.0,0.0,0.0,350.76,350.76,,3棚1-1,350.76,0,,2025-02
BHC6643,24041760,23.0,0.0,0.0,0.0,23.0,1087.14,500.0,D-2,23.0,0,2个零头,2025-02
BHC6643,24062260,1264.14,0.0,0.0,200.0,1064.14,,,3D-3,1064.14,0,,2025-02
BHC6643D,24062261,1080.94,0.0,0.0,50.0,1030.94,1030.94,500.0,3棚2-2,1030.94,0,,2025-02
BHC6643A,19090661,189.8,0.0,0.0,0.0,189.8,599.8,300.0,3棚2-2,189.8,0,义乌退,2025-02
BHC6643A,21090165,411.0,0.0,0.0,1.0,410.0,,,3D-1,410.0,0,,2025-02
BHC6643AS,24052763,0.3,0.0,0.0,0.0,0.3,0.3,,D-2,0.3,0,,2025-02
FWD6643CTD,17080761,240.03,0.0,0.0,0.0,240.03,240.03,,3D-3,240.03,0,纸桶,2025-02
BHC6650,24050861,2975.7,0.0,0.0,5.0,2970.7,2970.7,300.0,3棚2-1,2970.7,0,,2025-02
FWD6653,23121961,3809.0,0.0,0.0,50.0,3759.0,3759.0,0.0,2D-1,3759.0,0,2个零头,2025-02
BHC6654,19070563,0.9,0.0,0.0,0.0,0.9,5067.8,300.0,D-2,0.9,0,,2025-02
BHC6654,20122165,5081.4,0.0,0.0,14.5,5066.9,,,3棚-4,5066.9,0,,2025-02
FWD6664,19042460,300.0,0.0,0.0,0.0,300.0,300.0,,4A-3,300.0,0,,2025-02
BHC6664,24050860,2969.7,0.0,0.0,26.0,2943.7,2943.7,500.0,3棚2-1,2943.7,0,,2025-02
BHC6665AH,22110266,1967.66,0.0,25.0,53.0,1889.66,1889.66,500.0,3C-4,1889.66,0,,2025-02
FWD6666,19070560,112.5,0.0,0.0,0.0,112.5,112.5,2.0,D-1,112.5,0,,2025-02
BHC6810AH,23122161,160.75,0.0,30.0,50.0,80.75,80.75,200.0,3E-1,80.75,0,,2025-02
BHC6820H,24042960,194.86,0.0,0.0,0.0,194.86,194.86,,3棚-3,194.86,0,2个零头,2025-02
BHC6830H,24052760,163.6,0.0,0.0,0.0,163.6,163.6,,2E-1,163.6,0,,2025-02
BHC6840H,22110265,497.9,0.0,0.0,0.0,497.9,497.9,,3棚-3,497.9,0,,2025-02
BHC6850H,24061060,750.0,0.0,11.2,0.0,738.8,738.8,,3D-1,738.8,0,,2025-02
BHC6881H,24090660,2396.5,0.0,0.0,50.0,2346.5,2346.5,200.0,3棚-4,2346.5,0,,2025-02
BHC6882H,24090661,1101.5,0.0,0.0,126.0,975.5,975.5,200.0,3棚1-2,975.5,0,,2025-02
BHC6883H,20070362,4039.7,0.0,0.0,106.0,3933.7,3933.7,200.0,3棚-4,3933.7,0,,2025-02
BHC6885H,19040263,378.5,0.0,0.0,25.0,353.5,353.5,200.0,3E-5,353.5,0,,2025-02
BHC6884H,20090966,1187.38,0.0,0.0,1.0,1186.38,1186.38,200.0,3E-5,1186.38,0,2个零头,2025-02
BHC7305H,24122361,1672.0,0.0,0.0,2.0,1670.0,1670.0,200.0,3棚-4,1670.0,0,,2025-02
BHC7322H,24111460,814.0,0.0,0.0,0.0,814.0,814.0,,3D-3,814.0,0,,2025-02
BHC7353H,22082860,550.0,0.0,0.0,0.0,550.0,550.0,,3棚1-1,550.0,0,,2025-02
BHC7354,23040661,607.05,0.0,107.05,0.0,500.0,500.0,,4C-2,500.0,0,,2025-02
BHC7351H,22051465,390.2,0.0,0.0,2.5,387.7,387.7,200.0,3棚-3,387.7,0,,2025-02
BHC7365H,24120360,689.0,0.0,0.0,3.5,685.5,685.5,200.0,3D-2,685.5,0,,2025-02
BHC8205,24111360,124.1,0.0,0.0,0.0,124.1,124.1,,3D-3,124.1,0,,2025-02
BHC8216H,19051416,131.2,0.0,0.0,0.0,131.2,131.2,50.0,3C-4,131.2,0,,2025-02
BHC8224H,24120660,355.0,0.0,0.0,0.0,355.0,355.0,,3D-4,355.0,0,,2025-02
BHC8235H,20080565,458.6,0.0,0.0,0.0,458.6,458.6,,3E-5,458.6,0,,2025-02
BHC8103,24101661,499.4,0.0,0.0,0.0,499.4,499.4,,3A-3,499.4,0,,2025-02
BHC816C,22021861,586.82,0.0,0.0,0.6,586.22,586.22,,3棚2-2,586.22,0,,2025-02
FWD819C,21100960,228.75,0.0,0.0,1.0,227.75,227.75,,4E-3,227.75,0,,2025-02
BHC819C,21100960,2.7,0.0,0.0,0.0,2.7,2.7,,4E-3,2.7,0,,2025-02
BHC8410,23090262,263.1,0.0,0.0,2.0,261.1,261.1,,3D-3,261.1,0,,2025-02
BHC8413,24082260,185.8,0.0,0.0,17.0,168.8,168.8,,3D-4,168.8,0,,2025-02
BHC8413AS,24032761,48.2,0.0,0.0,25.0,23.2,23.2,,D-2,23.2,0,,2025-02
BHC8416,24122563,1015.0,0.0,0.0,35.5,979.5,979.5,200.0,3棚1-2,979.5,0,,2025-02
BHC8416AS,24032762,88.0,0.0,0.0,28.0,60.0,60.0,,D-2,60.0,0,,2025-02
BHC8417,24081260,640.9,0.0,0.0,25.5,615.4,615.4,200.0,3D-3,615.4,0,,2025-02
BHC84417,23051260,51.74,0.0,0.0,0.0,51.74,51.74,,E-1,51.74,0,,2025-02
BHC8426,24081661,333.0,0.0,0.0,0.0,333.0,333.0,200.0,3棚1-1,333.0,0,,2025-02
BHC8429,24042060,351.5,0.0,0.0,5.5,346.0,346.0,,3D-3,346.0,0,,2025-02
BHC8429AS,24032763,36.9,0.0,0.0,25.0,11.9,11.9,,D-2,11.9,0,,2025-02
BHC8434,19091262,156.69,0.0,0.0,0.0,156.69,206.69,,3C-4,156.69,0,,2025-02
BHC8434,19091262,50.0,0.0,0.0,0.0,50.0,,,E-1,50.0,0,退货,2025-02
BHC8437,21052966,3.1,0.0,0.0,0.0,3.1,3.1,,A-1,3.1,0,,2025-02
BHC8439,24051460,374.2,0.0,0.0,4.0,370.2,370.2,200.0,3棚2-2,370.2,0,,2025-02
BHC8439AS,24050668,73.1,0.0,0.0,0.0,73.1,73.1,,4C-2,73.1,0,,2025-02
BHC8447,24040160,19.8,0.0,0.0,0.5,19.3,19.3,,D-2,19.3,0,,2025-02
BHC8447AS,24032764,44.7,0.0,0.0,25.0,19.7,19.7,,D-2,19.7,0,,2025-02
BHC850-R1,24072760,524.85,0.0,8.8,0.0,516.05,516.05,,3D-3,516.05,0,,2025-02
BHC850-R2,24071761,134.8,0.0,0.0,0.0,134.8,134.8,,3C-4,134.8,0,,2025-02
BHC8503H,22092163,494.7,0.0,0.0,3.0,491.7,491.7,200.0,3E-1,491.7,0,,2025-02
BHC8690,24080662,378.4,0.0,0.0,0.5,377.9,377.9,225.0,3棚2-2,377.9,0,,2025-02
BHC8690AS,24032765,99.1,0.0,0.0,25.0,74.1,663.5,,D-2,74.1,0,,2025-02
BHC870-W,24110261,589.4,0.0,0.0,0.0,589.4,,,3D-4,589.4,0,,2025-02
BHC8819,19091260,108.6,0.0,0.0,0.0,108.6,108.6,200.0,3D-2,108.6,0,,2025-02
BHC8819AS,24032766,97.7,0.0,0.0,25.0,72.7,72.7,,D-2,72.7,0,,2025-02
BHC8824,22123160,229.79,0.0,0.0,1.0,228.79,228.79,200.0,3棚2-2,228.79,0,,2025-02
BHC8805,24050160,100.0,0.0,0.0,0.0,100.0,677.0,150.0,3D-3,100.0,0,,2025-02
BHC8805,24090962,578.0,0.0,0.0,1.0,577.0,,,3D-3,577.0,0,,2025-02
BHC8805AS,23120565,1.8,0.0,0.0,0.0,1.8,75.5,,D-2,1.8,0,,2025-02
BHC8805AS,24040762,73.7,0.0,0.0,0.0,73.7,,,D-2,73.7,0,,2025-02
BHC8830,19101261,153.25,0.0,0.0,11.0,142.25,142.25,100.0,3D-1,142.25,0,,2025-02
BHC8833,19102560,226.5,0.0,0.0,0.0,226.5,226.5,100.0,3C-3,226.5,0,,2025-02
FWD600,23040760,605.0,0.0,0.0,0.0,605.0,605.0,0.0,4B-1,605.0,0,,2025-02
BHC6001H,24122160,930.0,0.0,0.0,525.0,405.0,405.0,200.0,3C-4,405.0,0,,2025-02
BHC6002H,24101563,1873.0,0.0,0.0,100.0,1773.0,1773.0,200.0,3棚-4,1773.0,0,,2025-02
BHC6003H,24101561,658.5,0.0,0.0,0.0,658.5,1558.5,200.0,3棚1-2,658.5,0,,2025-02
BHC6003H,24101561,900.0,0.0,0.0,0.0,900.0,,,3棚1-1,900.0,0,,2025-02
BHC6006H,24071660,2913.5,0.0,0.0,27.0,2886.5,2886.5,,3棚2-1,2886.5,0,,2025-02
BHC9220YBTH,20080162,376.02,0.0,0.0,0.0,376.02,376.02,,4E-1,376.02,0,,2025-02
BHC9221RGH,17032860,195.08,0.0,0.0,11.0,184.08,184.08,,4E-1,184.08,0,,2025-02
BHC9224BOH,,0.0,0.0,0.0,0.0,0.0,0.0,5.0,,0.0,0,,2025-02
BHC9227GOH,17032621,177.86,0.0,0.0,0.0,177.86,177.86,,4C-4,177.86,0,,2025-02
BHC9230YBH,20042561,299.3,0.0,0.0,0.0,299.3,299.3,,3C-4,299.3,0,,2025-02
BHC9320YB,25022691,0.0,91.3,0.0,7.0,84.3,84.3,,4C-2,84.3,0,,2025-02
BHC9321RY,25022791,0.0,53.5,0.0,7.0,46.5,46.5,,4C-2,46.5,0,,2025-02
BHC9323PG,25022793,0.0,54.2,0.0,12.0,42.2,42.2,,3C-4,42.2,0,,2025-02
BHC9323PG,24112491,14.3,0.0,14.3,0.0,0.0,,,,0.0,0,,2025-02
BHC9325BR,25022591,0.0,78.3,0.0,7.0,71.3,71.3,,4C-2,71.3,0,,2025-02
BHC9328GR,25022891,0.0,69.4,0.0,7.0,62.4,62.4,,3C-4,62.4,0,,2025-02
BHC9330YB,25022794,0.0,65.0,0.0,65.0,0.0,0.0,,,0.0,0,,2025-02
BHC9330YB,25011593,1.7,0.0,0.0,1.7,0.0,,,,0.0,0,,2025-02
BHC9331RY,24122691,34.3,0.0,0.0,18.2,16.1,42.5,,D-2,16.1,0,,2025-02
BHC9331RY,25010692,121.4,0.0,0.0,95.0,26.4,,,4C-4,26.4,0,,2025-02
BHC9332MY,24080891,145.29,0.0,0.0,4.0,141.29,310.39,,4C-2,141.29,0,,2025-02
BHC9332MY,24073192,0.6,0.0,0.0,0.0,0.6,,,D-2,0.6,0,,2025-02
BHC9332MY,25010691,168.5,0.0,0.0,0.0,168.5,,,4C-4,168.5,0,,2025-02
BHC9333PG,24113092,75.36,0.0,0.0,57.0,18.36,268.36,,4C-4,18.36,0,,2025-02
BHC9333PG,24092491,250.0,0.0,0.0,0.0,250.0,,,4C-2,250.0,0,,2025-02
BHC9335BR,25022592,0.0,72.3,0.0,9.0,63.3,63.3,,4C-2,63.3,0,,2025-02
BHC9335BR,25011091,8.8,0.0,5.8,3.0,0.0,,,,0.0,0,,2025-02
BHC9336BM,25010891,100.5,0.0,0.0,75.5,25.0,25.0,,4C-2,25.0,0,,2025-02
BHC9337GP,24122192,45.3,0.0,0.0,8.0,37.3,37.3,,4C-2,37.3,0,,2025-02
BHC9338GR,24122891,25.7,0.0,0.0,24.6,1.1,1.1,,A1货架,1.1,0,,2025-02
BHC89230GY,24050667,25.93,0.0,0.0,2.0,23.93,23.93,,E-5,23.93,0,,2025-02
BHC89232BR,24050666,65.29,0.0,0.0,0.0,65.29,66.09,,4C-2,65.29,0,,2025-02
BHC89232BR,20121062,0.8,0.0,0.0,0.0,0.8,,,D-2,0.8,0,,2025-02
BHC89233BR,24050663,34.65,0.0,0.0,0.0,34.65,34.65,,E-5,34.65,0,,2025-02
BHC89234BG,24050664,64.6,0.0,0.0,0.0,64.6,64.6,,4C-2,64.6,0,,2025-02
BHC89235G,24050665,66.47,0.0,0.0,0.0,66.47,67.39,,4C-2,66.47,0,,2025-02
BHC89235G,23050503,0.92,0.0,0.0,0.0,0.92,,,A-2,0.92,0,,2025-02
BHC89237BG,24051363,65.9,0.0,0.0,0.0,65.9,65.9,,4C-2,65.9,0,,2025-02
BHC11401C,24080663,13.9,0.0,0.0,0.0,13.9,13.9,,D-2,13.9,0,,2025-02
BHC11402C,24080664,2.9,0.0,0.0,0.0,2.9,2.9,,D-2,2.9,0,,2025-02
BHC48215AS,24070266,17.2,0.0,0.0,17.0,0.2,0.2,,A1货架,0.2,0,,2025-02
BHC48215C,24080669,11.4,0.0,0.0,0.0,11.4,11.4,,D-2,11.4,0,,2025-02
BHC48315C,24080665,13.9,0.0,0.0,0.0,13.9,13.9,,D-2,13.9,0,,2025-02
BHC48315AS,24121163,12.1,0.0,0.0,12.0,0.1,0.1,,A2-A1货,0.1,0,,2025-02
BHC48316C,24080668,9.9,0.0,0.0,0.0,9.9,9.9,,D-2,9.9,0,,2025-02
BHC48323C,24080666,8.9,0.0,0.0,0.0,8.9,8.9,,D-2,8.9,0,,2025-02
BHC48305PB,24082092,68.5,0.0,0.0,0.0,68.5,68.5,,A-1,68.5,0,,2025-02
BHC48325PB,24082091,28.5,0.0,0.0,0.0,28.5,28.5,,A-1,28.5,0,,2025-02
BHC48350PB,24081991,27.5,0.0,0.0,0.0,27.5,27.5,,A-1,27.5,0,,2025-02
BHC48515C,24080667,13.9,0.0,0.0,0.0,13.9,13.9,,D-2,13.9,0,,2025-02
BHC5800,19121291,3.0,0.0,0.0,0.0,3.0,1034.0,500.0,D-1,3.0,0,,2025-02
BHC5800,20111191,1065.0,0.0,0.0,34.0,1031.0,,,C-1,1031.0,0,,2025-02
BHC5801A,24031591,22.2,0.0,0.0,20.0,2.2,2.2,,B-1,2.2,0,,2025-02
BHC5801,,0.0,0.0,0.0,0.0,0.0,0.0,200.0,,0.0,0,,2025-02
BHC5802,23051691,129.3,0.0,0.0,0.0,129.3,129.3,200.0,E-5,129.3,0,,2025-02
BHC5802A,24062691,98.9,0.0,0.0,0.0,98.9,98.9,,D-1,98.9,0,,2025-02
BHC5804,20112491,567.6,0.0,0.0,0.0,567.6,567.6,,D-1,567.6,0,,2025-02
BHC5805,20080991,850.92,0.0,0.0,30.0,820.92,820.92,200.0,A-3,820.92,0,,2025-02
BHC5805A,24062692,25.0,0.0,0.0,0.0,25.0,25.0,,A-1,25.0,0,,2025-02
BHC5806,23123091,240.6,0.0,0.0,0.0,240.6,240.6,,E-1,240.6,0,,2025-02
BHC5810,25021691,0.0,1739.0,0.0,0.0,1739.0,1739.0,200.0,3D-1,1739.0,0,,2025-02
BHC5810,24101891,91.9,200.0,4.9,287.0,0.0,,,,0.0,0,,2025-02
BHC5811,22022291,1093.92,0.0,0.0,120.0,973.92,973.92,500.0,C-1,973.92,0,,2025-02
BHC5811A,24031592,87.5,0.0,0.0,0.0,87.5,87.5,,A-2,87.5,0,,2025-02
BHC5812,21111191,173.2,0.0,0.0,101.5,71.7,71.7,500.0,E-5,71.7,0,,2025-02
BHC5813,21113091,864.25,0.0,0.0,50.5,813.75,813.75,200.0,D-2,813.75,0,,2025-02
BHC5814,20120491,1141.4,0.0,0.0,0.0,1141.4,1141.4,,D-1,1141.4,0,,2025-02
BHC5815,20061291,11.05,0.0,0.0,0.0,11.05,791.1,200.0,E-5,11.05,0,,2025-02
BHC5815,22111591,822.05,0.0,17.0,25.0,780.05,,,C-1,780.05,0,,2025-02
BHC5830A,22080692,1342.7,0.0,0.0,25.0,1317.7,1325.9,500.0,E-5,1317.7,0,,2025-02
BHC5830A,21121091,8.2,0.0,0.0,0.0,8.2,,,D-2,8.2,0,,2025-02
BHC5830B,22080691,496.85,0.0,0.0,35.0,461.85,461.85,,A-2,461.85,0,,2025-02
BHC5841G,24052993,71.8,0.0,0.0,0.0,71.8,71.8,,D-1,71.8,0,,2025-02
BHC5842G,24052991,70.8,0.0,0.0,10.0,60.8,60.8,,D-1,60.8,0,,2025-02
BHC5843G,24052992,72.0,0.0,0.0,0.0,72.0,72.0,,D-1,72.0,0,,2025-02
BHC5844G,24042292,16.1,0.0,0.0,0.0,16.1,16.1,,D-2,16.1,0,,2025-02
BHC5845G,24052994,71.9,0.0,0.0,1.0,70.9,70.9,,D-1,70.9,0,,2025-02
BHC5870D,24061791,327.2,0.0,0.0,25.0,302.2,302.2,,B-1,302.2,0,,2025-02
BHC5871BR1,24080892,0.0,25.0,0.0,1.0,24.0,24.0,,E-1,24.0,0,,2025-02
BHC5880,21102791,593.3,0.0,35.0,0.0,558.3,558.3,500.0,A-2,558.3,0,,2025-02
BHC5880A,24042692,0.2,100.0,0.0,75.0,25.2,25.2,,B-1,25.2,0,,2025-02
BHC5881,21120191,574.6,0.0,0.0,13.0,561.6,2708.38,425.0,D-1,561.6,0,,2025-02
BHC5881,22090691,2146.78,0.0,0.0,0.0,2146.78,,,B-1,2146.78,0,,2025-02
BHC5882,20122091,235.45,0.0,0.0,3.0,232.45,232.45,,C-1,232.45,0,,2025-02
BHC5883,21062491,350.5,0.0,0.0,9.0,341.5,341.5,,E-1,341.5,0,,2025-02
BHC5885,20113091,129.1,0.0,0.0,5.0,124.1,1934.7,,C-1,124.1,0,,2025-02
BHC5885,22120591,1813.6,0.0,0.0,3.0,1810.6,,,E-1,1810.6,0,,2025-02
BHC5884,21052591,1388.6,0.0,0.0,0.0,1388.6,1388.6,,C-2,1388.6,0,,2025-02
FWD101WR,20111760,100.0,0.0,0.0,0.0,100.0,100.0,54.0,2A-3,100.0,0,,2025-02
FWD103WR,22072760,141.0,0.0,0.0,0.0,141.0,141.0,,4E5-E1,141.0,0,1件退货,2025-02
FWD103TWR,24080760,1045.0,0.0,0.0,50.0,995.0,995.0,100.0,2A-5,995.0,0,,2025-02
FWD111WR,23060660,656.8,0.0,0.0,5.0,651.8,651.8,200.0,2A-1,651.8,0,,2025-02
FWD121WR,24091162,667.0,0.0,0.0,55.0,612.0,612.0,500.0,2A-4,612.0,0,,2025-02
FWD151WR,24101260,130.0,0.0,0.0,0.0,130.0,1355.0,100.0,2A-2,130.0,0,,2025-02
FWD151WR,24102961,1225.0,0.0,0.0,0.0,1225.0,,,2G-1,1225.0,0,,2025-02
FWD201WR,25011662,111.0,0.0,0.0,5.0,106.0,106.0,100.0,2A-3,106.0,0,,2025-02
FWD201SW,24123160,195.0,0.0,0.0,0.0,195.0,195.0,,3C-1,195.0,0,,2025-02
FWD205WR,24081960,382.2,0.0,0.0,0.0,382.2,382.2,500.0,3棚-3,382.2,0,纸箱装,2025-02
FWD205SW,24011761,250.0,0.0,0.0,0.0,250.0,1081.8,,E-1,250.0,0,,2025-02
FWD205SW,24011761,831.8,0.0,0.0,0.0,831.8,,,2C-2,831.8,0,,2025-02
FWD8205WR,15121860,1.2,0.0,1.2,0.0,0.0,0.0,,,0.0,0,,2025-02
FWD211WR,23121960,223.9,0.0,0.0,28.0,195.9,195.9,11.0,2A-4,195.9,0,,2025-02
FWD215WR,24062560,284.65,0.0,0.0,10.0,274.65,274.65,163.0,2A-4,274.65,0,,2025-02
FWD217WR,23110863,222.48,0.0,0.0,0.0,222.48,222.48,,2A-4,222.48,0,,2025-02
FWD219WR,24040865,1425.9,0.0,0.0,0.0,1425.9,1697.9,56.0,2A-5,1425.9,0,2个零头,2025-02
FWD219WR,23031761,422.0,0.0,0.0,150.0,272.0,,,2A-3,272.0,0,,2025-02
FWD219SW,20051861,149.25,0.0,0.0,0.0,149.25,149.25,,2A-5,149.25,0,,2025-02
FWD221WR,24022866,110.9,0.0,0.0,-48.0,158.9,158.9,200.0,2B-1,158.9,0,,2025-02
FWD223WR,24090460,200.0,0.0,0.0,0.0,200.0,200.0,45.0,2A-4,200.0,0,,2025-02
FWD223SW,24123161,191.0,0.0,0.0,0.0,191.0,191.0,,3C-1,191.0,0,,2025-02
FWD225WR,24122462,199.5,0.0,0.0,5.0,194.5,194.5,500.0,2A-1,194.5,0,,2025-02
FWD231WR,25021963,508.2,0.0,0.0,-75.0,583.2,583.2,200.0,2A-3,583.2,0,,2025-02
FWD235WR,24102362,524.9,0.0,0.0,50.0,474.9,944.9,100.0,2G-1,474.9,0,,2025-02
FWD235WR,24102362,470.0,0.0,0.0,0.0,470.0,,,2A-3,470.0,0,,2025-02
FWD235SW,20052964,174.35,0.0,0.0,0.0,174.35,174.35,,D-2,174.35,0,,2025-02
FWD300WR,24101560,516.0,0.0,0.0,0.0,516.0,516.0,,2A-6,516.0,0,,2025-02
FWD302WR,24110562,79.8,0.0,0.0,0.0,79.8,79.8,54.0,4E-5,79.8,0,,2025-02
FWD303WR,23121860,555.8,0.0,0.0,125.0,430.8,430.8,300.0,2G-1,430.8,0,,2025-02
FWD306WR,17111361,374.25,0.0,0.0,0.0,374.25,374.25,,2A-2,374.25,0,,2025-02
FWD308WR,25011063,177.8,0.0,0.0,0.0,177.8,177.8,,2A-6,177.8,0,,2025-02
FWD323WR,23091360,932.55,0.0,0.0,0.0,932.55,932.55,,2A-1,932.55,0,,2025-02
FWD351WR,20100862,1062.4,0.0,0.0,0.0,1062.4,1062.4,,4E-4,1062.4,0,,2025-02
FWD500WR,20062061,1109.2,0.0,0.0,0.0,1109.2,1109.2,300.0,2A-6,1109.2,0,,2025-02
FWD500WR,,0.0,0.0,0.0,0.0,0.0,,838.0,,0.0,0,,2025-02
FWD502WR,24100763,1537.8,0.0,0.0,25.0,1512.8,1512.8,400.0,4E-4,1512.8,0,,2025-02
FWD504WR,24102361,347.8,0.0,0.0,0.0,347.8,347.8,500.0,2G-1,347.8,0,,2025-02
FWD504SW,19052301,98.13,0.0,0.0,0.0,98.13,98.13,,B-1,98.13,0,,2025-02
FWD505WR,21010562,520.8,0.0,0.0,0.0,520.8,520.8,,2A-6,520.8,0,,2025-02
FWD5518WR,21041961,395.0,0.0,0.0,0.0,395.0,695.0,200.0,2A-6,395.0,0,,2025-02
FWD5518WR,20060561,300.0,0.0,0.0,0.0,300.0,,,2A-6,300.0,0,,2025-02
FWD5519WR,15122561,265.35,0.0,0.0,0.0,265.35,265.35,,2A-6,265.35,0,,2025-02
FWD520WR,18092061,312.3,0.0,0.0,0.0,312.3,312.3,,2A-3,312.3,0,,2025-02
FWD522WR,23052962,822.9,0.0,0.0,50.0,772.9,772.9,161.0,2A-4,772.9,0,,2025-02
FWD522SW,24123162,205.0,0.0,0.0,0.0,205.0,205.0,,3C-1,205.0,0,,2025-02
FWD524WR,23111460,666.0,0.0,0.0,0.0,666.0,666.0,300.0,2A-4,666.0,0,,2025-02
FWD524SW,24123163,200.5,0.0,0.0,0.0,200.5,200.5,,3C-1,200.5,0,,2025-02
FWD534WR,20081961,518.0,0.0,0.0,0.0,518.0,518.0,0.0,4E-5,518.0,0,,2025-02
FWD525WR,20101560,391.5,0.0,0.0,0.0,391.5,391.5,54.0,2A-6,391.5,0,,2025-02
FWD5516SW,24123164,203.0,0.0,0.0,0.0,203.0,203.0,,3C-1,203.0,0,,2025-02
FWD6001WR,22050862,10.76,0.0,0.0,0.0,10.76,10.76,,D-2,10.76,0,,2025-02
FWD6003TWR,23102462,143.3,0.0,0.0,50.0,93.3,93.3,150.0,2G-1,93.3,0,,2025-02
FWD6005TWR,22050863,10.65,0.0,0.0,0.0,10.65,10.65,,D-2,10.65,0,,2025-02
FWD6002AWR,24111860,423.1,0.0,0.0,0.0,423.1,423.1,300.0,2D-2,423.1,0,,2025-02
FWD6002SW,23072161,125.0,0.0,0.0,0.0,125.0,125.0,,A-3,125.0,0,,2025-02
FWD7305WR,24121060,750.0,0.0,0.0,0.0,750.0,750.0,,2A-5,750.0,0,,2025-02
FWD8221SW,24092062,608.4,0.0,40.0,0.0,568.4,568.4,,4E-5,568.4,0,,2025-02
FWD8503SW,24110161,105.0,0.0,0.0,0.0,105.0,105.0,0.0,4C-1,105.0,0,,2025-02
FWD96107SW,24121960,1581.0,0.0,0.0,1.0,1580.0,2705.0,,4C-4,1580.0,0,,2025-02
FWD96107SW,25021360,0.0,1125.0,0.0,0.0,1125.0,,,~,1125.0,0,,2025-02
FWD901KSW,24123165,592.5,0.0,0.0,25.0,567.5,567.5,,4E-1,567.5,0,,2025-02
FWD100,,0.0,0.0,0.0,0.0,0.0,0.0,0.0,,0.0,0,大客户,2025-02
FWD101,21030163,149.66,0.0,0.0,0.0,149.66,149.66,100.0,2A-3,149.66,0,大客户,2025-02
FWD103,23061365,88.9,0.0,0.0,0.0,88.9,88.9,100.0,2A-1,88.9,0,大客户,2025-02
FWD121,24100760,1436.0,0.0,0.0,0.0,1436.0,1436.0,200.0,2A-4,1436.0,0,大客户,2025-02
FWD121,,0.0,0.0,0.0,0.0,0.0,,,,0.0,0,大客户,2025-02
FWD123,,0.0,0.0,0.0,0.0,0.0,0.0,100.0,,0.0,0,大客户,2025-02
FWD153,21032860,649.5,0.0,0.0,0.0,649.5,649.5,26.0,2A-2,649.5,0,大客户,2025-02
FWD153,,0.0,0.0,0.0,0.0,0.0,,,,0.0,0,大客户,2025-02
FWD151,,0.0,0.0,0.0,0.0,0.0,0.0,100.0,,0.0,0,大客户,2025-02
FWD111,23010360,238.0,0.0,0.0,0.0,238.0,238.0,200.0,2A-6,238.0,0,大客户,2025-02
FWD111,,0.0,0.0,0.0,0.0,0.0,,,,0.0,0,大客户,2025-02
FWD173,24061361,114.7,0.0,0.0,75.0,39.7,889.7,100.0,2A-2,39.7,0,大客户,2025-02
FWD173,24061361,850.0,0.0,0.0,0.0,850.0,,,2A-4,850.0,0,大客户,2025-02
FWD173,,0.0,0.0,0.0,0.0,0.0,,,,0.0,0,大客户,2025-02
FWD201,24112061,1843.0,0.0,0.0,30.0,1813.0,1813.0,500.0,2A-4,1813.0,0,大客户,2025-02
FWD201,,0.0,0.0,0.0,0.0,0.0,,,,0.0,0,大客户,2025-02
FWD205,23040667,524.5,0.0,0.0,0.0,524.5,524.5,255.0,2C-3,524.5,0,大客户,2025-02
FWD205,,0.0,0.0,0.0,0.0,0.0,,,,0.0,0,大客户,2025-02
FWD211,23040668,488.61,0.0,0.0,0.0,488.61,488.61,200.0,2A-3,488.61,0,大客户,2025-02
FWD215,24121261,926.0,0.0,0.0,0.0,926.0,926.0,100.0,2G-1,926.0,0,大客户,2025-02
FWD215,,0.0,0.0,0.0,0.0,0.0,,,,0.0,0,大客户,2025-02
FWD217,23052362,80.5,0.0,0.0,0.0,80.5,80.5,0.0,2A-2,80.5,0,大客户,2025-02
FWD219,24022861,679.6,0.0,0.0,0.0,679.6,679.6,124.0,2B-2,679.6,0,大客户,2025-02
FWD221,24101860,1449.85,0.0,0.0,30.0,1419.85,1419.85,500.0,2A-1,1419.85,0,大客户,2025-02
FWD221,,0.0,0.0,0.0,0.0,0.0,,,,0.0,0,大客户,2025-02
FWD225,24090465,441.7,0.0,0.0,100.0,341.7,341.7,229.0,2A-1,341.7,0,大客户,2025-02
FWD225,,0.0,0.0,0.0,0.0,0.0,,,,0.0,0,大客户,2025-02
FWD235,23032866,1285.9,0.0,0.0,0.0,1285.9,1285.9,50.0,2G-2,1285.9,0,大客户,2025-02
FWD235,,0.0,0.0,0.0,0.0,0.0,,,,0.0,0,大客户,2025-02
FWD231,24050866,676.8,0.0,0.0,0.0,676.8,676.8,200.0,2A-5,676.8,0,大客户,2025-02
FWD231,,0.0,0.0,0.0,0.0,0.0,,,,0.0,0,大客户,2025-02
FWD223,24022865,555.0,0.0,0.0,5.0,550.0,550.0,200.0,A-3,550.0,0,大客户,2025-02
FWD249,,0.0,0.0,0.0,0.0,0.0,0.0,,,0.0,0,大客户,2025-02
FWD300,,0.0,0.0,0.0,0.0,0.0,0.0,0.0,,0.0,0,大客户,2025-02
FWD303,,0.0,0.0,0.0,0.0,0.0,0.0,100.0,,0.0,0,大客户,2025-02
FWD306,,0.0,0.0,0.0,0.0,0.0,0.0,100.0,,0.0,0,大客户,2025-02
FWD307,,0.0,0.0,0.0,0.0,0.0,0.0,,,0.0,0,大客户,2025-02
FWD302,23112760,615.0,0.0,0.0,45.0,570.0,570.0,300.0,2A-2,570.0,0,大客户,2025-02
FWD302,,0.0,0.0,0.0,0.0,0.0,,,,0.0,0,大客户,2025-02
FWD323,24011560,88.9,0.0,0.0,0.0,88.9,88.9,0.0,2A-1,88.9,0,大客户,2025-02
FWD323,,0.0,0.0,0.0,0.0,0.0,,,,0.0,0,大客户,2025-02
FWD502,25010260,412.3,0.0,0.0,0.0,412.3,412.3,100.0,2A-1,412.3,0,大客户,2025-02
FWD502,,0.0,0.0,0.0,0.0,0.0,,,,0.0,0,大客户,2025-02
FWD500,22021664,1469.42,0.0,469.42,0.0,1000.0,1000.0,100.0,4E-4,1000.0,0,大客户,2025-02
FWD504,20052760,1000.0,0.0,0.0,0.0,1000.0,1000.0,200.0,4E-4,1000.0,0,大客户,2025-02
FWD520,23120663,737.8,0.0,0.0,0.0,737.8,737.8,100.0,2F-1,737.8,0,大客户,2025-02
FWD522,24053166,336.3,0.0,0.0,0.0,336.3,336.3,100.0,2A-3,336.3,0,大客户,2025-02
FWD524,24082962,1273.4,0.0,0.0,0.0,1273.4,1273.4,200.0,2A-3,1273.4,0,大客户,2025-02
FWD525,,0.0,0.0,0.0,0.0,0.0,0.0,100.0,,0.0,0,大客户,2025-02
FWD508,21022860,539.0,0.0,0.0,0.0,539.0,539.0,150.0,4E-5,539.0,0,大客户,2025-02
FWD508,,0.0,0.0,0.0,0.0,0.0,,0.0,,0.0,0,大客户,2025-02
FWD402,24032760,379.9,0.0,0.0,0.0,379.9,379.9,200.0,4E-5,379.9,0,大客户 20kg装,2025-02
FWD402,,0.0,0.0,0.0,0.0,0.0,,,,0.0,0,大客户,2025-02
FWD405B,,0.0,0.0,0.0,0.0,0.0,0.0,100.0,,0.0,0,大客户,2025-02
FWD407,23061265,624.4,0.0,0.0,0.0,624.4,624.4,,2A-1,624.4,0,大客户 2个零头,2025-02
FWD407,,0.0,0.0,0.0,0.0,0.0,,,,0.0,0,大客户,2025-02
FWD408,18082762,88.1,0.0,0.0,0.0,88.1,88.1,,2A-1,88.1,0,大客户,2025-02
FWD4012,23021760,5.0,0.0,0.0,0.0,5.0,620.0,,D-2,5.0,0,大客户 15kg装,2025-02
FWD4012,24072561,615.0,0.0,0.0,0.0,615.0,,,2A-3,615.0,0,大客户,2025-02
FWD4012,,0.0,0.0,0.0,0.0,0.0,,,,0.0,0,大客户,2025-02
FWD401,23090464,629.8,0.0,0.0,0.0,629.8,919.8,300.0,2A-4,629.8,0,大客户 2个零头,2025-02
FWD401,23090464,290.0,0.0,0.0,0.0,290.0,,,2A-3,290.0,0,大客户,2025-02
FWD425,,0.0,0.0,0.0,0.0,0.0,0.0,,,0.0,0,大客户,2025-02
FWD425B,23042665,110.8,0.0,0.0,0.0,110.8,291.2,100.0,2A-2,110.8,0,大客户,2025-02
FWD425B,23032366,180.4,0.0,0.0,0.0,180.4,,,2A-5,180.4,0,大客户 嘉善阿克苏专用,2025-02
FWD425F,,0.0,0.0,0.0,0.0,0.0,,,,0.0,0,大客户,2025-02
FWD427,23072967,822.5,0.0,0.0,5.0,817.5,817.5,250.0,2A-5,817.5,0,大客户 2个零头,2025-02
FWD419B,,0.0,0.0,0.0,0.0,0.0,0.0,,,0.0,0,大客户,2025-02
FWD410,,0.0,0.0,0.0,0.0,0.0,0.0,0.0,,0.0,0,大客户,2025-02
FWD6003,24061363,4.9,0.0,0.0,0.0,4.9,953.35,1000.0,D-2,4.9,0,大客户,2025-02
FWD6003,24070361,1358.45,0.0,0.0,410.0,948.45,,,2A-2,948.45,0,大客户 2个零头,2025-02
FWD6003,,0.0,0.0,0.0,0.0,0.0,,,,0.0,0,大客户,2025-02
FWD6001,,0.0,0.0,0.0,0.0,0.0,0.0,0.0,,0.0,0,大客户,2025-02
FWD6002,23110160,300.0,0.0,0.0,30.0,270.0,2695.0,500.0,2G-2,270.0,0,大客户,2025-02
FWD6002,24111161,2425.0,0.0,0.0,0.0,2425.0,,,2G-1,2425.0,0,大客户,2025-02
FWD6005,24070560,484.9,0.0,0.0,0.0,484.9,484.9,800.0,2B-1,484.9,0,大客户 2个零头,2025-02
合计,,916670.74,79778.5,8307.29,96776.23,891365.72,891365.72,,,891365.72,0,891365.72,2025-02
