month,carrier,destination,total_shipments,on_time_count,on_time_rate,avg_delay_days,damage_rate,avg_cost_rmb,customer_rating
2024-10,顺丰,武汉,264,246,0.9318,1.37,0.01,1338.91,4.9
2024-10,顺丰,南京,228,180,0.7895,2.04,0.01,1221.53,4.2
2024-10,顺丰,上海,197,183,0.9289,1.89,0.01,1197.17,3.8
2024-10,顺丰,深圳,270,227,0.8407,3.0,0.02,424.06,4.4
2024-10,顺丰,Los Angeles,179,147,0.8212,0.66,0.02,155.46,4.2
2024-10,顺丰,西安,220,178,0.8091,2.68,0.01,557.82,5.0
2024-10,顺丰,Tokyo,118,112,0.9492,1.29,0.01,305.22,4.8
2024-11,顺丰,深圳,54,48,0.8889,0.74,0.01,406.32,4.3
2024-11,顺丰,Los Angeles,174,171,0.9828,2.14,0.0,281.42,4.1
2024-11,顺丰,上海,66,53,0.803,0.99,0.01,1369.78,3.8
2024-11,顺丰,Singapore,109,94,0.8624,2.29,0.01,293.64,3.9
2024-11,顺丰,广州,56,55,0.9821,2.27,0.01,798.68,4.8
2024-11,顺丰,成都,243,226,0.93,1.11,0.01,1041.43,3.6
2024-12,顺丰,成都,216,177,0.8194,2.97,0.01,648.84,4.4
2024-12,顺丰,Los Angeles,199,189,0.9497,2.15,0.01,1221.99,3.9
2024-12,顺丰,西安,204,155,0.7598,2.95,0.01,885.04,4.3
2024-12,顺丰,Singapore,138,137,0.9928,1.23,0.02,881.51,4.5
2024-12,顺丰,Seoul,174,155,0.8908,1.45,0.01,208.85,5.0
2024-12,顺丰,北京,120,97,0.8083,2.47,0.01,743.66,4.1
2025-01,顺丰,Los Angeles,106,84,0.7925,2.44,0.02,1419.19,3.8
2025-01,顺丰,广州,123,101,0.8211,0.69,0.01,340.16,3.7
2025-01,顺丰,重庆,88,78,0.8864,2.97,0.02,235.73,4.7
2025-02,顺丰,Seoul,26,21,0.8077,0.59,0.01,1427.75,4.9
2025-02,顺丰,Tokyo,52,50,0.9615,0.11,0.01,1087.46,5.0
2025-02,顺丰,成都,58,48,0.8276,2.79,0.01,1156.71,5.0
2025-02,顺丰,武汉,74,61,0.8243,1.89,0.02,682.77,4.4
2025-02,顺丰,Singapore,74,57,0.7703,1.69,0.01,1135.95,4.6
2025-02,顺丰,北京,87,77,0.8851,0.31,0.0,175.12,3.6
2025-03,顺丰,Los Angeles,31,26,0.8387,0.94,0.0,277.62,4.6
2025-03,顺丰,Tokyo,115,106,0.9217,0.19,0.02,234.64,4.3
2025-03,顺丰,成都,203,154,0.7586,1.14,0.02,1212.45,4.2
2025-03,顺丰,武汉,152,119,0.7829,1.59,0.02,1114.31,5.0
2025-03,顺丰,西安,72,56,0.7778,2.23,0.0,1400.48,4.4
2025-03,顺丰,杭州,288,282,0.9792,2.01,0.01,689.01,3.5
2025-03,顺丰,深圳,171,147,0.8596,2.17,0.0,1485.18,4.4
2025-04,顺丰,Singapore,292,286,0.9795,2.57,0.0,1352.33,4.2
2025-04,顺丰,西安,206,200,0.9709,2.72,0.0,545.52,4.7
2025-04,顺丰,深圳,57,45,0.7895,1.39,0.0,751.82,3.7
2025-04,顺丰,重庆,80,73,0.9125,0.81,0.01,834.68,4.1
2025-05,顺丰,成都,272,215,0.7904,0.58,0.01,582.32,3.8
2025-05,顺丰,上海,257,211,0.821,1.5,0.01,360.5,4.1
2025-05,顺丰,北京,112,110,0.9821,1.69,0.01,325.65,4.9
2025-05,顺丰,重庆,35,28,0.8,1.11,0.0,761.16,5.0
2025-05,顺丰,Tokyo,32,25,0.7812,0.37,0.01,1472.97,4.5
2025-05,顺丰,广州,35,34,0.9714,0.88,0.0,603.67,4.1
2025-06,顺丰,成都,256,223,0.8711,2.51,0.01,1201.91,4.4
2025-06,顺丰,武汉,187,166,0.8877,0.98,0.0,649.44,4.9
2025-06,顺丰,北京,295,260,0.8814,0.87,0.01,710.83,4.5
2025-06,顺丰,Seoul,21,17,0.8095,0.18,0.02,711.7,3.6
2025-06,顺丰,杭州,64,49,0.7656,1.78,0.01,851.12,4.9
2025-06,顺丰,Los Angeles,169,149,0.8817,1.72,0.01,912.28,4.5
2025-07,顺丰,南京,194,151,0.7784,1.47,0.02,1275.87,4.5
2025-07,顺丰,Seoul,110,102,0.9273,1.17,0.01,865.61,3.9
2025-07,顺丰,北京,21,16,0.7619,1.79,0.02,215.08,4.9
2025-07,顺丰,杭州,95,85,0.8947,1.04,0.01,1472.53,4.9
2025-07,顺丰,重庆,49,47,0.9592,1.55,0.0,972.04,4.6
2025-07,顺丰,成都,163,130,0.7975,1.88,0.01,323.91,4.7
2025-08,顺丰,成都,89,79,0.8876,1.6,0.0,1385.05,4.7
2025-08,顺丰,杭州,214,163,0.7617,2.28,0.01,1120.73,4.4
2025-08,顺丰,上海,35,27,0.7714,1.81,0.01,1457.97,3.8
2025-08,顺丰,深圳,27,26,0.963,1.81,0.01,593.76,4.0
2025-09,顺丰,重庆,221,208,0.9412,2.51,0.01,1190.43,3.6
2025-09,顺丰,南京,90,69,0.7667,1.59,0.02,977.91,4.8
2025-09,顺丰,Frankfurt,138,126,0.913,1.24,0.0,1405.49,4.2
2025-09,顺丰,西安,266,258,0.9699,0.84,0.01,365.51,3.6
2025-09,顺丰,广州,253,200,0.7905,2.54,0.02,273.54,4.2
2025-09,顺丰,Seoul,103,99,0.9612,0.04,0.01,185.99,4.8
2025-09,顺丰,深圳,161,132,0.8199,2.39,0.01,758.19,4.9
2025-10,顺丰,Frankfurt,152,116,0.7632,1.45,0.01,1333.46,4.3
2025-10,顺丰,Singapore,87,74,0.8506,2.41,0.01,1490.29,3.9
2025-10,顺丰,西安,41,34,0.8293,1.22,0.01,1318.09,4.7
2025-10,顺丰,杭州,29,29,1.0,0.81,0.0,184.18,4.6
2025-11,顺丰,深圳,49,40,0.8163,2.06,0.02,1198.27,3.8
2025-11,顺丰,上海,60,53,0.8833,0.0,0.02,1370.06,3.5
2025-11,顺丰,南京,67,61,0.9104,0.71,0.02,642.66,4.3
2025-11,顺丰,武汉,137,121,0.8832,2.09,0.02,1131.7,4.0
2025-11,顺丰,Singapore,177,154,0.8701,1.77,0.0,587.47,3.6
2025-11,顺丰,Tokyo,103,96,0.932,2.58,0.01,875.03,4.5
2025-11,顺丰,杭州,96,93,0.9688,2.62,0.01,1473.75,4.0
2025-11,顺丰,成都,129,126,0.9767,1.19,0.0,722.2,4.0
2024-10,德邦,成都,299,266,0.8896,2.86,0.0,904.46,4.9
2024-10,德邦,广州,76,58,0.7632,0.81,0.01,455.38,4.2
2024-10,德邦,南京,101,100,0.9901,1.69,0.01,1050.78,3.9
2024-10,德邦,Frankfurt,218,174,0.7982,2.9,0.0,289.92,4.9
2024-11,德邦,北京,88,75,0.8523,2.41,0.02,718.47,4.2
2024-11,德邦,西安,244,217,0.8893,1.28,0.01,504.21,3.7
2024-11,德邦,Los Angeles,103,85,0.8252,2.21,0.01,834.6,4.9
2024-12,德邦,西安,208,191,0.9183,0.14,0.01,1016.7,4.3
2024-12,德邦,南京,72,58,0.8056,0.81,0.02,1323.81,4.3
2024-12,德邦,武汉,248,246,0.9919,1.77,0.0,982.03,4.7
2024-12,德邦,广州,135,116,0.8593,2.17,0.01,1137.62,4.6
2025-01,德邦,重庆,200,176,0.88,0.17,0.02,1166.29,3.9
2025-01,德邦,Los Angeles,299,296,0.99,0.23,0.02,1496.04,4.7
2025-01,德邦,南京,204,177,0.8676,2.99,0.02,366.44,3.6
2025-01,德邦,广州,269,210,0.7807,1.18,0.0,1393.89,3.6
2025-01,德邦,成都,256,210,0.8203,2.45,0.01,1205.45,4.3
2025-01,德邦,上海,250,245,0.98,2.37,0.01,1456.14,3.6
2025-02,德邦,Los Angeles,144,131,0.9097,2.75,0.01,1261.49,4.9
2025-02,德邦,成都,223,212,0.9507,0.04,0.02,1023.43,4.3
2025-02,德邦,杭州,242,182,0.7521,2.86,0.02,1471.07,5.0
2025-02,德邦,Tokyo,23,20,0.8696,1.91,0.02,88.67,3.5
2025-02,德邦,西安,191,178,0.9319,0.62,0.01,1303.15,3.9
2025-02,德邦,南京,235,190,0.8085,0.29,0.01,811.19,3.7
2025-02,德邦,广州,172,165,0.9593,1.92,0.02,501.12,3.9
2025-03,德邦,广州,61,52,0.8525,1.02,0.01,1361.21,4.9
2025-03,德邦,Los Angeles,232,223,0.9612,2.02,0.01,464.54,3.8
2025-03,德邦,Tokyo,254,244,0.9606,1.46,0.01,1298.31,3.9
2025-03,德邦,北京,159,129,0.8113,2.02,0.0,349.59,3.9
2025-03,德邦,西安,266,242,0.9098,0.63,0.0,260.37,4.4
2025-04,德邦,北京,38,34,0.8947,1.47,0.01,1190.43,5.0
2025-04,德邦,Seoul,129,104,0.8062,2.62,0.01,1310.79,3.6
2025-04,德邦,上海,53,47,0.8868,0.8,0.02,768.62,4.6
2025-04,德邦,Frankfurt,25,20,0.8,2.86,0.02,1237.78,3.9
2025-04,德邦,成都,133,124,0.9323,0.39,0.01,921.49,3.5
2025-05,德邦,西安,220,172,0.7818,2.99,0.02,544.24,4.0
2025-05,德邦,北京,249,239,0.9598,1.17,0.01,1436.35,4.5
2025-05,德邦,武汉,276,243,0.8804,2.76,0.0,1188.32,4.3
2025-05,德邦,上海,175,149,0.8514,0.51,0.01,768.93,4.1
2025-05,德邦,Los Angeles,44,37,0.8409,0.3,0.01,620.96,4.2
2025-06,德邦,成都,142,125,0.8803,0.45,0.01,964.16,4.3
2025-06,德邦,Frankfurt,234,199,0.8504,2.18,0.02,278.39,4.4
2025-06,德邦,南京,259,202,0.7799,0.78,0.02,1038.32,4.3
2025-06,德邦,杭州,228,214,0.9386,0.41,0.01,562.85,4.4
2025-06,德邦,西安,81,65,0.8025,0.41,0.01,662.53,4.7
2025-06,德邦,深圳,57,45,0.7895,2.69,0.01,556.03,4.6
2025-07,德邦,广州,204,200,0.9804,1.34,0.01,1414.82,4.6
2025-07,德邦,上海,272,228,0.8382,0.22,0.02,363.65,4.2
2025-07,德邦,Singapore,124,102,0.8226,0.81,0.01,491.2,3.7
2025-07,德邦,Los Angeles,280,246,0.8786,2.27,0.0,1256.22,4.7
2025-07,德邦,Frankfurt,43,41,0.9535,1.24,0.0,596.29,4.8
2025-07,德邦,南京,132,102,0.7727,1.23,0.02,1463.59,4.9
2025-07,德邦,武汉,295,263,0.8915,2.46,0.01,1026.32,4.4
2025-07,德邦,Tokyo,175,144,0.8229,1.5,0.0,845.59,3.7
2025-08,德邦,Los Angeles,62,48,0.7742,1.65,0.01,1205.55,4.3
2025-08,德邦,广州,154,145,0.9416,2.99,0.01,1230.08,3.8
2025-08,德邦,Seoul,252,249,0.9881,1.72,0.01,596.99,3.7
2025-08,德邦,深圳,109,98,0.8991,2.33,0.01,1396.35,5.0
2025-08,德邦,Tokyo,221,208,0.9412,1.38,0.01,1322.59,4.4
2025-09,德邦,Seoul,242,194,0.8017,0.45,0.0,341.76,3.8
2025-09,德邦,Los Angeles,30,25,0.8333,0.64,0.01,1069.68,3.9
2025-09,德邦,深圳,254,221,0.8701,1.51,0.02,1109.9,4.1
2025-09,德邦,Frankfurt,122,100,0.8197,1.7,0.01,370.82,4.3
2025-09,德邦,重庆,96,82,0.8542,2.78,0.01,281.97,5.0
2025-09,德邦,广州,126,107,0.8492,1.06,0.0,116.89,3.7
2025-09,德邦,Tokyo,54,48,0.8889,1.7,0.0,1053.94,4.5
2025-10,德邦,杭州,231,203,0.8788,1.02,0.01,150.38,5.0
2025-10,德邦,上海,73,66,0.9041,1.65,0.0,1160.09,3.6
2025-10,德邦,Frankfurt,242,194,0.8017,0.11,0.01,585.17,4.3
2025-10,德邦,Tokyo,164,128,0.7805,0.65,0.01,835.6,3.6
2025-11,德邦,深圳,102,91,0.8922,2.0,0.02,80.99,3.5
2025-11,德邦,杭州,117,96,0.8205,1.45,0.02,491.74,4.9
2025-11,德邦,广州,189,170,0.8995,2.3,0.02,1451.83,4.6
2025-11,德邦,Los Angeles,70,67,0.9571,1.7,0.02,1475.41,4.9
2025-11,德邦,西安,291,268,0.921,1.2,0.01,83.39,4.2
2025-11,德邦,Seoul,219,182,0.8311,0.04,0.02,430.36,4.6
2025-11,德邦,Tokyo,123,98,0.7967,1.85,0.02,168.51,4.0
2025-11,德邦,上海,234,206,0.8803,2.37,0.01,130.29,4.4
2024-10,京东物流,武汉,187,151,0.8075,0.95,0.0,206.74,4.2
2024-10,京东物流,深圳,68,52,0.7647,2.53,0.02,1278.66,4.1
2024-10,京东物流,西安,269,207,0.7695,1.39,0.0,192.59,3.7
2024-10,京东物流,重庆,299,269,0.8997,1.79,0.01,100.1,4.9
2024-10,京东物流,北京,283,260,0.9187,1.73,0.02,1109.61,4.0
2024-10,京东物流,Frankfurt,205,156,0.761,1.83,0.0,1445.6,4.5
2024-10,京东物流,成都,73,64,0.8767,0.17,0.01,179.27,4.9
2024-10,京东物流,Los Angeles,66,59,0.8939,1.81,0.01,826.78,4.3
2024-11,京东物流,成都,172,151,0.8779,2.55,0.01,458.76,3.8
2024-11,京东物流,Seoul,96,85,0.8854,2.15,0.01,1481.93,3.8
2024-11,京东物流,Tokyo,288,248,0.8611,2.88,0.01,428.96,4.7
2024-11,京东物流,Frankfurt,55,46,0.8364,1.06,0.01,491.61,4.2
2024-11,京东物流,南京,292,274,0.9384,2.72,0.02,1349.03,4.2
2024-11,京东物流,北京,36,35,0.9722,2.6,0.01,1403.49,3.9
2024-11,京东物流,Los Angeles,140,112,0.8,0.4,0.01,994.86,4.3
2024-11,京东物流,上海,201,167,0.8308,0.18,0.0,1031.48,4.1
2024-12,京东物流,Tokyo,249,222,0.8916,1.33,0.0,1247.75,4.2
2024-12,京东物流,杭州,47,43,0.9149,2.73,0.0,269.98,4.2
2024-12,京东物流,成都,206,167,0.8107,1.84,0.0,556.73,4.7
2024-12,京东物流,西安,30,25,0.8333,0.78,0.01,441.83,4.8
2024-12,京东物流,Seoul,253,190,0.751,2.09,0.02,1259.27,4.7
2024-12,京东物流,广州,176,143,0.8125,1.89,0.0,1306.87,4.0
2024-12,京东物流,Los Angeles,247,210,0.8502,2.14,0.01,463.46,4.2
2025-01,京东物流,西安,100,95,0.95,0.34,0.02,1036.08,4.2
2025-01,京东物流,上海,152,149,0.9803,0.65,0.02,705.47,4.7
2025-01,京东物流,南京,207,190,0.9179,0.11,0.01,1474.58,3.9
2025-01,京东物流,广州,67,53,0.791,2.53,0.0,873.39,4.6
2025-01,京东物流,深圳,205,170,0.8293,1.12,0.0,1346.91,4.3
2025-02,京东物流,广州,105,96,0.9143,1.0,0.01,1464.17,4.5
2025-02,京东物流,Singapore,172,132,0.7674,0.05,0.01,1398.73,4.8
2025-02,京东物流,Tokyo,31,25,0.8065,0.05,0.01,950.6,4.7
2025-02,京东物流,西安,74,68,0.9189,2.7,0.01,598.62,3.9
2025-02,京东物流,Seoul,295,271,0.9186,0.68,0.0,89.84,5.0
2025-02,京东物流,上海,102,96,0.9412,0.06,0.0,679.55,4.6
2025-03,京东物流,北京,137,104,0.7591,1.31,0.01,1423.79,3.8
2025-03,京东物流,南京,260,200,0.7692,0.99,0.01,564.69,4.3
2025-03,京东物流,上海,57,55,0.9649,0.7,0.01,130.24,3.5
2025-03,京东物流,重庆,26,24,0.9231,1.69,0.01,134.41,5.0
2025-03,京东物流,深圳,288,222,0.7708,0.63,0.0,589.08,3.8
2025-03,京东物流,广州,259,241,0.9305,2.64,0.0,449.01,4.2
2025-03,京东物流,武汉,279,218,0.7814,0.25,0.01,493.83,4.4
2025-04,京东物流,北京,193,187,0.9689,2.33,0.0,1208.54,3.9
2025-04,京东物流,成都,114,86,0.7544,1.89,0.01,334.74,4.8
2025-04,京东物流,武汉,25,21,0.84,1.88,0.0,847.72,4.2
2025-04,京东物流,杭州,251,246,0.9801,2.03,0.01,1435.69,3.7
2025-04,京东物流,深圳,77,72,0.9351,1.93,0.02,627.38,3.8
2025-04,京东物流,南京,101,77,0.7624,1.04,0.02,108.22,4.2
2025-04,京东物流,重庆,197,193,0.9797,1.3,0.02,596.65,4.1
2025-04,京东物流,Seoul,51,39,0.7647,0.11,0.01,514.55,4.5
2025-05,京东物流,南京,53,46,0.8679,1.17,0.01,950.68,4.2
2025-05,京东物流,Frankfurt,168,163,0.9702,2.18,0.01,283.57,5.0
2025-05,京东物流,Singapore,120,112,0.9333,1.54,0.01,1279.3,4.2
2025-05,京东物流,Seoul,116,106,0.9138,1.6,0.01,1441.16,3.7
2025-05,京东物流,西安,181,154,0.8508,0.09,0.01,646.89,3.9
2025-05,京东物流,杭州,279,248,0.8889,0.01,0.01,204.51,4.8
2025-05,京东物流,Los Angeles,228,217,0.9518,1.65,0.0,153.87,3.6
2025-06,京东物流,杭州,207,188,0.9082,2.11,0.0,1214.65,4.2
2025-06,京东物流,上海,217,197,0.9078,0.99,0.01,1268.88,3.9
2025-06,京东物流,深圳,284,244,0.8592,2.18,0.01,1004.46,4.4
2025-06,京东物流,南京,68,56,0.8235,2.54,0.01,612.64,3.9
2025-06,京东物流,Tokyo,118,113,0.9576,0.18,0.01,554.3,3.7
2025-06,京东物流,Frankfurt,158,150,0.9494,1.26,0.01,918.24,4.7
2025-06,京东物流,重庆,61,52,0.8525,0.03,0.01,1185.23,4.1
2025-07,京东物流,Tokyo,298,235,0.7886,0.23,0.02,1179.69,4.4
2025-07,京东物流,Frankfurt,192,169,0.8802,0.3,0.0,952.83,4.3
2025-07,京东物流,武汉,246,221,0.8984,2.79,0.02,338.61,3.9
2025-07,京东物流,Los Angeles,273,224,0.8205,0.47,0.01,470.82,5.0
2025-07,京东物流,杭州,262,233,0.8893,2.89,0.01,948.06,4.0
2025-07,京东物流,上海,120,95,0.7917,1.4,0.0,913.52,4.4
2025-07,京东物流,Singapore,50,50,1.0,2.69,0.0,1390.51,4.1
2025-07,京东物流,成都,80,68,0.85,1.24,0.02,1021.51,4.1
2025-08,京东物流,Singapore,114,106,0.9298,2.1,0.01,866.51,4.7
2025-08,京东物流,Tokyo,188,150,0.7979,2.8,0.01,1057.29,4.5
2025-08,京东物流,武汉,179,152,0.8492,1.41,0.01,721.31,3.6
2025-08,京东物流,Seoul,261,198,0.7586,0.15,0.0,1201.95,3.8
2025-09,京东物流,重庆,274,227,0.8285,2.81,0.0,1445.51,3.6
2025-09,京东物流,Singapore,299,251,0.8395,0.64,0.0,371.32,3.8
2025-09,京东物流,Frankfurt,62,53,0.8548,2.95,0.0,130.98,3.5
2025-09,京东物流,广州,249,222,0.8916,2.25,0.01,953.92,3.8
2025-09,京东物流,上海,27,23,0.8519,1.92,0.0,1495.32,4.7
2025-10,京东物流,Tokyo,290,284,0.9793,1.9,0.02,276.72,4.3
2025-10,京东物流,上海,173,133,0.7688,1.59,0.0,284.91,4.9
2025-10,京东物流,南京,98,96,0.9796,0.8,0.01,1170.28,3.7
2025-10,京东物流,Frankfurt,249,214,0.8594,2.85,0.0,874.08,4.2
2025-10,京东物流,武汉,55,44,0.8,0.38,0.01,690.23,3.7
2025-10,京东物流,深圳,107,92,0.8598,2.52,0.01,445.38,4.3
2025-10,京东物流,西安,286,260,0.9091,1.07,0.0,1386.14,3.8
2025-10,京东物流,成都,44,38,0.8636,2.05,0.02,474.12,4.1
2025-11,京东物流,重庆,58,48,0.8276,1.41,0.01,742.48,3.9
2025-11,京东物流,上海,255,201,0.7882,2.98,0.01,869.85,3.9
2025-11,京东物流,杭州,119,113,0.9496,2.05,0.02,1137.84,4.7
2025-11,京东物流,成都,250,208,0.832,1.8,0.01,213.79,5.0
2025-11,京东物流,武汉,169,152,0.8994,0.8,0.0,271.96,3.9
2025-11,京东物流,Los Angeles,32,29,0.9062,2.08,0.02,1029.64,4.5
2024-10,中外运,Seoul,206,190,0.9223,0.83,0.0,481.1,4.9
2024-10,中外运,Frankfurt,264,235,0.8902,2.1,0.01,936.46,4.1
2024-10,中外运,Los Angeles,253,228,0.9012,2.87,0.02,630.92,3.6
2024-10,中外运,重庆,219,175,0.7991,1.32,0.01,598.32,4.5
2024-10,中外运,Tokyo,227,191,0.8414,2.17,0.0,640.22,3.8
2024-10,中外运,北京,57,48,0.8421,0.82,0.02,481.16,3.6
2024-10,中外运,杭州,266,210,0.7895,0.5,0.0,754.02,3.8
2024-10,中外运,Singapore,59,52,0.8814,2.08,0.02,287.49,4.3
2024-11,中外运,Los Angeles,71,65,0.9155,1.4,0.0,133.67,4.9
2024-11,中外运,Singapore,152,120,0.7895,1.98,0.01,540.61,3.5
2024-11,中外运,南京,137,132,0.9635,1.96,0.01,1006.9,4.4
2024-11,中外运,Frankfurt,25,21,0.84,2.12,0.0,839.95,4.5
2024-11,中外运,Seoul,215,194,0.9023,2.56,0.01,1259.49,3.5
2024-11,中外运,Tokyo,157,141,0.8981,0.79,0.01,768.47,3.9
2024-12,中外运,西安,75,58,0.7733,1.14,0.01,724.74,3.9
2024-12,中外运,Los Angeles,94,84,0.8936,2.61,0.01,1020.79,4.0
2024-12,中外运,杭州,34,32,0.9412,1.15,0.0,1209.15,4.9
2024-12,中外运,成都,40,39,0.975,2.21,0.02,692.76,3.8
2024-12,中外运,武汉,22,17,0.7727,1.7,0.01,902.19,4.1
2024-12,中外运,南京,76,74,0.9737,0.79,0.02,1406.36,4.7
2025-01,中外运,北京,211,158,0.7488,1.51,0.02,364.28,4.6
2025-01,中外运,重庆,96,81,0.8438,1.23,0.01,229.72,4.8
2025-01,中外运,深圳,268,252,0.9403,2.79,0.02,1250.19,3.8
2025-01,中外运,南京,179,168,0.9385,1.52,0.01,209.79,3.6
2025-01,中外运,广州,294,241,0.8197,1.1,0.0,271.3,4.1
2025-02,中外运,Frankfurt,25,23,0.92,0.85,0.0,969.79,4.4
2025-02,中外运,南京,88,85,0.9659,2.39,0.0,451.12,4.9
2025-02,中外运,广州,142,122,0.8592,1.38,0.01,215.96,4.6
2025-02,中外运,杭州,145,130,0.8966,2.74,0.01,150.94,4.9
2025-02,中外运,西安,222,186,0.8378,2.37,0.01,1037.43,4.4
2025-02,中外运,Tokyo,173,130,0.7514,2.96,0.01,110.44,3.8
2025-02,中外运,深圳,267,243,0.9101,0.26,0.01,470.18,4.5
2025-02,中外运,武汉,275,267,0.9709,0.51,0.01,1324.48,4.8
2025-03,中外运,Frankfurt,172,167,0.9709,1.1,0.02,1245.64,5.0
2025-03,中外运,上海,41,34,0.8293,1.86,0.01,1105.35,3.7
2025-03,中外运,Seoul,222,202,0.9099,1.16,0.01,1223.98,3.8
2025-03,中外运,西安,266,210,0.7895,2.26,0.01,859.01,3.5
2025-03,中外运,南京,163,153,0.9387,0.32,0.01,1315.1,3.6
2025-03,中外运,北京,92,83,0.9022,2.68,0.02,1289.79,4.3
2025-04,中外运,南京,70,61,0.8714,0.34,0.01,1357.73,3.9
2025-04,中外运,Tokyo,212,170,0.8019,1.47,0.01,825.97,4.3
2025-04,中外运,广州,261,227,0.8697,0.49,0.0,755.74,4.9
2025-04,中外运,Frankfurt,45,45,1.0,2.43,0.01,932.07,3.7
2025-04,中外运,Singapore,68,52,0.7647,0.84,0.01,1167.89,3.7
2025-05,中外运,武汉,178,171,0.9607,0.36,0.02,1022.35,4.2
2025-05,中外运,广州,155,126,0.8129,2.23,0.02,767.57,3.7
2025-05,中外运,重庆,96,88,0.9167,1.79,0.0,307.89,4.4
2025-05,中外运,上海,261,211,0.8084,2.26,0.02,423.96,3.9
2025-05,中外运,北京,156,142,0.9103,1.89,0.01,232.92,3.9
2025-06,中外运,南京,23,20,0.8696,2.73,0.01,621.44,3.9
2025-06,中外运,成都,70,59,0.8429,0.13,0.02,481.79,4.8
2025-06,中外运,上海,154,137,0.8896,0.1,0.0,1038.14,4.5
2025-06,中外运,深圳,254,246,0.9685,0.78,0.0,751.94,4.7
2025-06,中外运,杭州,139,107,0.7698,1.99,0.01,1119.23,3.9
2025-06,中外运,北京,47,46,0.9787,2.61,0.0,1320.03,4.1
2025-06,中外运,重庆,168,163,0.9702,0.02,0.01,1372.97,4.4
2025-06,中外运,广州,262,246,0.9389,1.62,0.01,1381.02,4.2
2025-07,中外运,上海,198,188,0.9495,0.59,0.01,1275.83,3.6
2025-07,中外运,西安,128,104,0.8125,0.04,0.02,1024.0,4.5
2025-07,中外运,Seoul,295,224,0.7593,1.86,0.01,1069.11,4.1
2025-07,中外运,北京,129,123,0.9535,1.0,0.02,179.1,4.2
2025-07,中外运,成都,133,117,0.8797,1.84,0.02,719.37,4.2
2025-07,中外运,武汉,31,26,0.8387,0.72,0.02,1244.98,3.5
2025-07,中外运,深圳,133,116,0.8722,2.35,0.01,843.78,4.0
2025-08,中外运,Singapore,261,248,0.9502,2.71,0.0,1484.49,4.6
2025-08,中外运,Tokyo,272,267,0.9816,0.61,0.0,1229.49,4.6
2025-08,中外运,西安,171,166,0.9708,0.39,0.01,932.14,3.5
2025-08,中外运,上海,63,52,0.8254,0.19,0.01,407.31,4.4
2025-08,中外运,Frankfurt,261,235,0.9004,1.03,0.01,1393.71,4.5
2025-09,中外运,成都,132,124,0.9394,2.35,0.01,494.38,3.7
2025-09,中外运,Singapore,158,123,0.7785,0.03,0.0,151.62,4.7
2025-09,中外运,Frankfurt,201,159,0.791,2.76,0.0,204.17,3.7
2025-10,中外运,广州,294,276,0.9388,2.61,0.02,1022.69,3.7
2025-10,中外运,Frankfurt,107,90,0.8411,0.61,0.02,1256.53,3.7
2025-10,中外运,北京,63,56,0.8889,1.57,0.01,469.63,4.1
2025-10,中外运,Seoul,268,212,0.791,1.68,0.0,557.18,4.8
2025-11,中外运,北京,21,16,0.7619,1.71,0.01,617.44,4.4
2025-11,中外运,重庆,238,207,0.8697,0.57,0.01,271.0,4.2
2025-11,中外运,南京,153,138,0.902,2.75,0.02,1420.58,3.5
2025-11,中外运,武汉,79,69,0.8734,1.06,0.0,476.29,4.5
2025-11,中外运,Los Angeles,127,100,0.7874,2.48,0.01,1120.47,4.4
2025-11,中外运,Frankfurt,274,252,0.9197,2.96,0.01,283.08,3.7
2024-10,DHL,杭州,242,225,0.9298,2.49,0.0,1240.94,5.0
2024-10,DHL,上海,230,196,0.8522,0.67,0.01,1460.7,3.9
2024-10,DHL,广州,70,55,0.7857,2.86,0.01,265.64,4.2
2024-10,DHL,Los Angeles,199,181,0.9095,1.78,0.01,1109.93,3.6
2024-10,DHL,成都,299,281,0.9398,1.09,0.02,413.93,4.0
2024-10,DHL,北京,22,20,0.9091,1.62,0.01,378.84,4.5
2024-10,DHL,Frankfurt,195,150,0.7692,0.19,0.0,508.34,4.0
2024-11,DHL,重庆,153,118,0.7712,2.61,0.02,389.85,4.4
2024-11,DHL,Los Angeles,87,80,0.9195,1.19,0.0,1119.33,5.0
2024-11,DHL,Frankfurt,101,79,0.7822,2.22,0.02,997.24,4.4
2024-11,DHL,武汉,266,261,0.9812,1.9,0.0,1141.15,3.6
2024-12,DHL,西安,66,63,0.9545,1.19,0.02,568.07,4.3
2024-12,DHL,南京,87,68,0.7816,0.5,0.0,1170.52,4.9
2024-12,DHL,武汉,124,98,0.7903,2.69,0.02,1411.33,3.5
2024-12,DHL,成都,172,146,0.8488,2.1,0.0,89.26,3.8
2024-12,DHL,Seoul,261,209,0.8008,1.09,0.0,644.77,4.6
2025-01,DHL,Singapore,292,254,0.8699,2.18,0.0,233.85,5.0
2025-01,DHL,Seoul,33,26,0.7879,1.7,0.02,1396.65,4.5
2025-01,DHL,Frankfurt,256,218,0.8516,0.35,0.01,444.51,5.0
2025-01,DHL,西安,114,95,0.8333,2.53,0.01,1323.83,4.4
2025-01,DHL,杭州,258,245,0.9496,1.71,0.0,455.21,4.4
2025-01,DHL,Los Angeles,261,248,0.9502,0.04,0.01,1418.25,4.3
2025-01,DHL,南京,256,205,0.8008,2.71,0.01,620.2,3.8
2025-02,DHL,上海,142,128,0.9014,2.02,0.01,1037.48,4.7
2025-02,DHL,Singapore,254,249,0.9803,0.99,0.02,836.73,4.1
2025-02,DHL,深圳,244,203,0.832,2.38,0.02,1032.88,3.8
2025-02,DHL,重庆,55,51,0.9273,1.98,0.0,758.55,4.8
2025-02,DHL,Los Angeles,127,105,0.8268,2.51,0.0,582.24,3.5
2025-02,DHL,广州,47,43,0.9149,1.07,0.0,1369.93,4.3
2025-02,DHL,南京,240,206,0.8583,0.09,0.02,862.43,4.2
2025-03,DHL,Tokyo,272,237,0.8713,2.69,0.01,1153.55,4.8
2025-03,DHL,杭州,205,201,0.9805,1.67,0.01,1219.23,4.9
2025-03,DHL,Seoul,300,267,0.89,2.53,0.0,1148.64,4.5
2025-03,DHL,Singapore,162,134,0.8272,0.44,0.02,1085.29,4.7
2025-03,DHL,成都,208,183,0.8798,2.14,0.01,508.23,3.9
2025-03,DHL,深圳,41,36,0.878,2.29,0.02,162.71,4.5
2025-03,DHL,武汉,121,117,0.9669,2.4,0.02,965.89,4.3
2025-03,DHL,西安,160,146,0.9125,1.36,0.0,948.22,4.0
2025-04,DHL,西安,150,126,0.84,2.51,0.01,1098.5,5.0
2025-04,DHL,南京,190,156,0.8211,2.34,0.01,760.49,4.7
2025-04,DHL,Singapore,278,253,0.9101,1.53,0.02,351.76,4.5
2025-04,DHL,Seoul,185,141,0.7622,1.89,0.02,169.96,4.4
2025-04,DHL,重庆,284,273,0.9613,0.46,0.02,1431.98,4.9
2025-04,DHL,北京,67,54,0.806,0.15,0.02,1173.92,3.9
2025-05,DHL,上海,77,66,0.8571,2.06,0.0,111.53,4.1
2025-05,DHL,成都,263,229,0.8707,2.45,0.01,1146.3,4.1
2025-05,DHL,南京,234,229,0.9786,1.85,0.01,634.59,4.8
2025-05,DHL,Los Angeles,92,85,0.9239,0.17,0.0,914.94,4.2
2025-05,DHL,Tokyo,273,257,0.9414,0.46,0.01,933.6,4.1
2025-05,DHL,Seoul,288,216,0.75,1.84,0.02,656.67,4.0
2025-05,DHL,Frankfurt,46,41,0.8913,2.93,0.01,1354.82,4.7
2025-05,DHL,深圳,206,179,0.8689,2.78,0.01,337.52,4.0
2025-06,DHL,南京,44,42,0.9545,2.97,0.01,1159.88,4.2
2025-06,DHL,北京,152,131,0.8618,1.41,0.01,395.35,4.2
2025-06,DHL,Los Angeles,296,260,0.8784,1.08,0.01,1032.42,4.6
2025-06,DHL,Frankfurt,272,207,0.761,2.06,0.0,698.72,4.4
2025-06,DHL,广州,202,192,0.9505,1.97,0.01,403.01,5.0
2025-07,DHL,南京,205,201,0.9805,1.04,0.01,1211.72,3.7
2025-07,DHL,广州,83,76,0.9157,0.66,0.01,629.04,3.6
2025-07,DHL,杭州,150,129,0.86,0.17,0.01,369.55,4.3
2025-08,DHL,杭州,67,65,0.9701,0.04,0.0,168.38,4.7
2025-08,DHL,Los Angeles,62,60,0.9677,1.7,0.02,161.0,3.6
2025-08,DHL,南京,66,65,0.9848,2.41,0.01,715.86,3.8
2025-08,DHL,Seoul,148,132,0.8919,1.2,0.02,1423.55,4.5
2025-09,DHL,Frankfurt,151,133,0.8808,2.72,0.02,1207.83,4.3
2025-09,DHL,广州,100,87,0.87,1.93,0.01,1139.76,4.8
2025-09,DHL,杭州,284,219,0.7711,2.89,0.01,1241.9,4.9
2025-09,DHL,西安,298,292,0.9799,2.6,0.01,310.36,3.8
2025-09,DHL,深圳,58,52,0.8966,2.67,0.0,601.24,4.1
2025-09,DHL,Seoul,286,223,0.7797,2.86,0.02,1270.51,4.1
2025-10,DHL,广州,238,209,0.8782,1.2,0.01,641.62,4.1
2025-10,DHL,Seoul,143,117,0.8182,2.35,0.0,1249.62,4.9
2025-10,DHL,Los Angeles,27,25,0.9259,0.78,0.01,801.88,4.5
2025-10,DHL,武汉,114,108,0.9474,1.61,0.01,861.54,4.5
2025-11,DHL,西安,234,204,0.8718,2.76,0.0,660.1,4.9
2025-11,DHL,广州,88,70,0.7955,0.17,0.0,204.04,3.8
2025-11,DHL,上海,129,126,0.9767,2.77,0.01,279.89,5.0
2025-11,DHL,Tokyo,185,155,0.8378,0.49,0.0,703.84,4.1
2025-11,DHL,成都,172,143,0.8314,1.15,0.0,659.61,4.9
2024-10,FedEx,上海,124,112,0.9032,0.53,0.0,731.67,4.6
2024-10,FedEx,深圳,174,172,0.9885,2.99,0.02,878.08,4.2
2024-10,FedEx,武汉,121,119,0.9835,0.44,0.02,790.73,4.3
2024-10,FedEx,Los Angeles,107,97,0.9065,0.1,0.0,964.25,4.3
2024-10,FedEx,西安,157,122,0.7771,1.76,0.01,738.42,3.6
2024-10,FedEx,Seoul,143,113,0.7902,2.02,0.01,1493.3,3.7
2024-11,FedEx,Los Angeles,165,150,0.9091,1.33,0.0,300.43,3.6
2024-11,FedEx,杭州,291,230,0.7904,1.88,0.01,1103.32,4.3
2024-11,FedEx,Frankfurt,60,58,0.9667,2.69,0.01,461.26,4.4
2024-11,FedEx,深圳,62,49,0.7903,0.75,0.01,536.95,3.7
2024-11,FedEx,重庆,293,281,0.959,0.64,0.01,799.68,4.1
2024-12,FedEx,杭州,202,160,0.7921,1.21,0.01,121.8,4.2
2024-12,FedEx,Los Angeles,52,48,0.9231,2.72,0.02,618.26,4.7
2024-12,FedEx,深圳,55,44,0.8,2.86,0.01,1260.47,3.7
2024-12,FedEx,北京,131,113,0.8626,2.09,0.02,1180.16,3.9
2024-12,FedEx,武汉,221,192,0.8688,1.98,0.01,410.67,4.6
2024-12,FedEx,Tokyo,210,172,0.819,0.85,0.01,1129.44,4.0
2024-12,FedEx,Frankfurt,40,40,1.0,1.02,0.01,825.82,4.9
2025-01,FedEx,南京,219,184,0.8402,0.08,0.0,1346.4,4.3
2025-01,FedEx,Los Angeles,137,133,0.9708,1.55,0.01,119.22,4.4
2025-01,FedEx,重庆,113,105,0.9292,1.09,0.02,324.23,4.8
2025-01,FedEx,Singapore,219,212,0.968,0.83,0.0,1121.14,3.9
2025-02,FedEx,重庆,35,30,0.8571,2.18,0.02,1423.21,4.7
2025-02,FedEx,深圳,147,122,0.8299,0.83,0.01,1124.24,3.9
2025-02,FedEx,Seoul,78,76,0.9744,2.11,0.01,1226.24,4.9
2025-02,FedEx,Tokyo,223,183,0.8206,1.68,0.01,916.21,3.7
2025-02,FedEx,南京,166,148,0.8916,1.5,0.0,980.91,4.3
2025-02,FedEx,杭州,66,63,0.9545,0.01,0.0,1241.44,4.0
2025-02,FedEx,北京,98,82,0.8367,1.34,0.01,236.24,3.9
2025-02,FedEx,成都,153,132,0.8627,1.89,0.0,251.02,3.9
2025-03,FedEx,Frankfurt,73,64,0.8767,1.45,0.0,968.23,4.5
2025-03,FedEx,南京,131,113,0.8626,0.54,0.02,908.61,4.8
2025-03,FedEx,Los Angeles,251,198,0.7888,2.89,0.01,1197.01,4.6
2025-03,FedEx,重庆,81,74,0.9136,2.29,0.01,1264.4,4.0
2025-03,FedEx,Singapore,256,243,0.9492,1.47,0.01,771.37,4.7
2025-04,FedEx,成都,129,114,0.8837,2.28,0.01,1236.57,3.7
2025-04,FedEx,重庆,297,235,0.7912,2.15,0.02,331.36,3.8
2025-04,FedEx,武汉,227,170,0.7489,1.01,0.02,666.45,4.5
2025-05,FedEx,上海,125,109,0.872,1.03,0.01,1014.1,3.8
2025-05,FedEx,广州,187,142,0.7594,2.62,0.0,145.75,4.6
2025-05,FedEx,北京,276,254,0.9203,2.73,0.02,836.89,3.8
2025-05,FedEx,南京,223,190,0.852,1.6,0.01,982.43,4.3
2025-05,FedEx,Singapore,77,69,0.8961,1.15,0.01,534.64,4.5
2025-06,FedEx,Los Angeles,206,175,0.8495,2.14,0.02,118.16,3.7
2025-06,FedEx,武汉,35,29,0.8286,2.18,0.01,857.55,4.7
2025-06,FedEx,Frankfurt,231,215,0.9307,2.81,0.01,1254.6,3.6
2025-06,FedEx,Singapore,290,244,0.8414,2.9,0.0,1372.46,3.5
2025-07,FedEx,南京,120,96,0.8,0.73,0.0,743.38,3.6
2025-07,FedEx,北京,62,58,0.9355,1.85,0.02,990.2,4.3
2025-07,FedEx,Los Angeles,161,147,0.913,0.65,0.02,1428.56,3.7
2025-08,FedEx,重庆,265,228,0.8604,2.23,0.0,929.6,4.6
2025-08,FedEx,杭州,205,162,0.7902,0.12,0.01,600.91,3.7
2025-08,FedEx,南京,210,166,0.7905,2.74,0.01,1486.76,4.3
2025-08,FedEx,Singapore,88,75,0.8523,2.29,0.01,822.32,4.7
2025-08,FedEx,成都,82,71,0.8659,1.52,0.01,1247.19,4.8
2025-08,FedEx,Frankfurt,58,47,0.8103,1.59,0.02,929.44,3.8
2025-09,FedEx,成都,214,180,0.8411,2.47,0.01,974.12,4.6
2025-09,FedEx,西安,223,183,0.8206,2.86,0.02,161.15,4.8
2025-09,FedEx,广州,20,16,0.8,2.59,0.01,497.84,4.8
2025-09,FedEx,Los Angeles,273,257,0.9414,0.19,0.02,1389.52,3.7
2025-10,FedEx,南京,68,65,0.9559,0.75,0.01,88.65,4.6
2025-10,FedEx,Seoul,255,240,0.9412,2.7,0.0,270.31,3.5
2025-10,FedEx,Singapore,237,204,0.8608,2.3,0.02,1403.3,4.9
2025-10,FedEx,Tokyo,57,52,0.9123,2.4,0.0,1016.37,4.0
2025-11,FedEx,Frankfurt,268,247,0.9216,2.48,0.02,1240.6,4.8
2025-11,FedEx,重庆,64,60,0.9375,2.97,0.01,409.8,3.8
2025-11,FedEx,武汉,165,124,0.7515,1.86,0.01,1137.45,3.6
2025-11,FedEx,上海,83,62,0.747,2.61,0.02,1026.69,3.6
2025-11,FedEx,深圳,114,111,0.9737,2.68,0.0,1018.18,4.5
2025-11,FedEx,西安,296,225,0.7601,2.51,0.02,212.62,4.9
