month,warehouse,carrier,destination,shipment_count,total_weight_kg,total_cost_rmb,cost_per_kg,fuel_surcharge_rmb
2024-10,上海仓,顺丰,武汉,42,9.33,786.83,26.31,168.69
2024-10,上海仓,顺丰,上海,38,13.16,855.4,18.35,76.03
2024-11,上海仓,顺丰,成都,14,4.07,2185.59,21.98,64.52
2024-11,上海仓,顺丰,重庆,41,6.16,837.76,23.11,127.41
2024-11,上海仓,顺丰,深圳,21,25.4,3740.15,17.45,114.6
2024-11,上海仓,顺丰,北京,13,9.33,3853.29,27.17,100.8
2024-11,上海仓,顺丰,武汉,25,3.16,1207.12,15.54,79.84
2024-12,上海仓,顺丰,南京,42,6.12,410.04,28.06,120.47
2024-12,上海仓,顺丰,Singapore,45,5.46,1105.65,16.23,71.88
2025-01,上海仓,顺丰,Tokyo,50,25.62,5337.5,21.03,177.58
2025-01,上海仓,顺丰,Los Angeles,35,7.69,7574.65,3.63,106.2
2025-01,上海仓,顺丰,Singapore,30,6.36,1917.54,10.36,14.52
2025-02,上海仓,顺丰,Los Angeles,15,27.9,1915.8,15.93,71.15
2025-02,上海仓,顺丰,广州,24,24.92,4977.77,24.63,178.76
2025-02,上海仓,顺丰,Seoul,40,25.41,8419.18,29.75,97.32
2025-03,上海仓,顺丰,Tokyo,5,26.43,7673.51,6.41,60.85
2025-03,上海仓,顺丰,北京,34,8.52,3706.2,2.34,20.12
2025-03,上海仓,顺丰,上海,10,33.96,7292.91,23.22,49.21
2025-04,上海仓,顺丰,深圳,12,8.42,1860.82,24.31,80.71
2025-04,上海仓,顺丰,重庆,18,13.56,1579.74,14.36,174.71
2025-04,上海仓,顺丰,Frankfurt,49,12.24,2157.3,2.79,90.75
2025-05,上海仓,顺丰,重庆,17,8.1,680.4,13.51,102.35
2025-05,上海仓,顺丰,Los Angeles,30,2.76,1235.1,24.21,171.66
2025-05,上海仓,顺丰,杭州,12,9.54,2747.52,9.43,142.06
2025-05,上海仓,顺丰,Frankfurt,16,4.84,1466.52,21.08,127.46
2025-05,上海仓,顺丰,Tokyo,5,16.44,2898.92,6.35,199.69
2025-06,上海仓,顺丰,重庆,43,6.92,6144.96,12.9,109.6
2025-06,上海仓,顺丰,Los Angeles,28,28.29,1650.25,16.66,190.83
2025-07,上海仓,顺丰,Seoul,30,8.03,891.33,21.36,148.28
2025-07,上海仓,顺丰,广州,36,14.44,1696.7,22.12,17.12
2025-07,上海仓,顺丰,Frankfurt,16,6.63,2791.23,29.91,97.88
2025-07,上海仓,顺丰,Singapore,18,19.59,2409.57,27.63,129.9
2025-08,上海仓,顺丰,成都,49,24.4,4922.7,21.47,93.82
2025-08,上海仓,顺丰,重庆,14,14.68,5145.34,5.78,92.21
2025-09,上海仓,顺丰,重庆,46,11.26,737.53,17.63,18.91
2025-09,上海仓,顺丰,成都,10,5.94,5874.66,26.51,118.25
2025-09,上海仓,顺丰,Tokyo,21,26.48,5779.26,21.25,45.54
2025-09,上海仓,顺丰,Frankfurt,9,34.76,5066.27,24.73,65.71
2025-10,上海仓,顺丰,北京,32,5.84,665.76,21.88,177.31
2025-10,上海仓,顺丰,杭州,12,12.28,1280.19,7.67,60.44
2025-11,上海仓,顺丰,Frankfurt,47,5.88,1775.76,7.09,28.69
2025-11,上海仓,顺丰,重庆,30,19.96,7784.4,18.6,133.71
2024-10,上海仓,德邦,成都,13,2.67,838.38,29.82,47.22
2024-10,上海仓,德邦,广州,32,23.67,1672.68,14.89,151.9
2024-10,上海仓,德邦,Singapore,42,13.76,526.32,6.95,23.98
2024-11,上海仓,德邦,Frankfurt,17,14.61,2089.23,6.72,162.85
2024-11,上海仓,德邦,南京,6,13.15,2180.27,5.25,58.13
2024-12,上海仓,德邦,Singapore,25,11.92,959.56,27.18,193.31
2024-12,上海仓,德邦,杭州,35,25.5,3901.5,11.98,117.32
2025-01,上海仓,德邦,上海,15,11.25,401.25,18.93,20.72
2025-01,上海仓,德邦,成都,34,8.36,1279.08,12.69,50.82
2025-01,上海仓,德邦,广州,42,17.06,3710.55,19.77,114.02
2025-01,上海仓,德邦,Frankfurt,14,9.5,1681.5,20.46,165.06
2025-02,上海仓,德邦,Seoul,24,5.38,640.22,6.27,117.14
2025-02,上海仓,德邦,南京,12,15.1,4137.4,3.99,179.52
2025-02,上海仓,德邦,Tokyo,21,8.65,3139.95,18.83,125.33
2025-03,上海仓,德邦,上海,10,28.4,1810.5,6.64,152.71
2025-03,上海仓,德邦,南京,35,21.45,3303.3,21.07,77.39
2025-03,上海仓,德邦,Singapore,29,20.94,6365.76,12.39,158.17
2025-03,上海仓,德邦,北京,37,2.42,880.88,13.77,117.61
2025-03,上海仓,德邦,武汉,35,19.18,9331.07,15.82,45.83
2025-04,上海仓,德邦,北京,16,1.82,899.99,29.3,170.0
2025-04,上海仓,德邦,Frankfurt,15,34.5,5126.7,10.57,170.76
2025-05,上海仓,德邦,北京,15,9.89,4559.29,17.97,80.87
2025-05,上海仓,德邦,成都,11,8.88,1776.0,26.48,173.65
2025-06,上海仓,德邦,南京,21,2.37,692.04,12.23,97.58
2025-06,上海仓,德邦,Singapore,50,2.38,909.16,19.95,104.33
2025-06,上海仓,德邦,Seoul,32,8.96,4659.2,10.14,132.62
2025-06,上海仓,德邦,Los Angeles,33,8.08,674.68,14.2,127.01
2025-07,上海仓,德邦,杭州,6,6.32,2945.12,10.7,82.99
2025-07,上海仓,德邦,Seoul,10,4.96,868.0,9.59,130.83
2025-07,上海仓,德邦,上海,17,14.61,3452.83,17.9,150.32
2025-07,上海仓,德邦,Singapore,46,16.04,3765.39,4.36,128.74
2025-07,上海仓,德邦,重庆,9,18.93,1274.62,26.55,118.32
2025-08,上海仓,德邦,重庆,6,12.72,3975.0,6.06,161.2
2025-08,上海仓,德邦,Los Angeles,15,2.76,1079.16,17.04,60.19
2025-08,上海仓,德邦,Frankfurt,32,2.2,167.75,17.05,3.93
2025-08,上海仓,德邦,北京,49,21.48,1347.87,13.17,1.26
2025-09,上海仓,德邦,Frankfurt,9,11.15,1422.74,27.03,146.34
2025-09,上海仓,德邦,南京,5,5.01,813.29,17.61,165.93
2025-09,上海仓,德邦,武汉,50,8.68,687.89,24.0,87.25
2025-09,上海仓,德邦,北京,26,12.09,2490.54,12.4,189.85
2025-09,上海仓,德邦,杭州,11,17.86,3902.41,26.22,57.79
2025-10,上海仓,德邦,北京,28,15.66,1894.86,12.16,164.12
2025-10,上海仓,德邦,重庆,12,11.32,1774.41,3.47,44.82
2025-10,上海仓,德邦,杭州,19,23.56,4759.12,25.03,144.93
2025-10,上海仓,德邦,成都,41,8.6,294.55,6.81,160.66
2025-10,上海仓,德邦,南京,38,1.25,290.0,25.14,41.2
2025-11,上海仓,德邦,广州,37,2.46,657.64,26.83,77.77
2025-11,上海仓,德邦,重庆,23,28.52,819.95,24.63,191.31
2025-11,上海仓,德邦,深圳,34,7.29,1883.25,17.35,193.29
2024-10,上海仓,京东物流,南京,47,9.0,405.0,4.55,133.91
2024-10,上海仓,京东物流,重庆,36,6.05,663.08,16.15,132.71
2024-10,上海仓,京东物流,Tokyo,24,13.44,1971.2,25.43,80.47
2024-10,上海仓,京东物流,深圳,35,15.12,3076.92,21.12,97.24
2024-10,上海仓,京东物流,北京,35,14.5,388.6,10.12,137.42
2024-11,上海仓,京东物流,西安,25,0.86,697.46,17.79,56.19
2024-11,上海仓,京东物流,深圳,50,6.13,2960.79,21.22,30.6
2024-11,上海仓,京东物流,重庆,10,30.72,7142.4,5.54,18.06
2024-11,上海仓,京东物流,Singapore,33,27.78,5741.2,6.58,84.48
2024-12,上海仓,京东物流,南京,42,1.44,534.24,2.24,58.16
2024-12,上海仓,京东物流,Frankfurt,6,12.87,3161.73,15.88,79.11
2024-12,上海仓,京东物流,北京,6,46.3,2416.86,6.83,156.31
2024-12,上海仓,京东物流,杭州,40,8.84,1608.88,24.8,28.82
2024-12,上海仓,京东物流,重庆,18,37.04,3416.94,11.94,40.95
2025-01,上海仓,京东物流,杭州,35,22.52,4205.61,9.95,149.43
2025-01,上海仓,京东物流,Los Angeles,13,0.91,357.63,16.67,110.16
2025-01,上海仓,京东物流,南京,32,9.08,7254.92,13.95,44.88
2025-02,上海仓,京东物流,北京,34,19.42,9438.12,4.4,144.14
2025-02,上海仓,京东物流,上海,13,6.76,280.54,11.4,88.52
2025-02,上海仓,京东物流,Frankfurt,31,34.16,5790.12,27.43,147.2
2025-02,上海仓,京东物流,Seoul,28,39.55,4358.41,9.86,27.63
2025-02,上海仓,京东物流,Singapore,9,3.72,912.64,9.03,169.0
2025-03,上海仓,京东物流,北京,30,43.05,3108.21,12.29,91.78
2025-03,上海仓,京东物流,深圳,31,5.21,911.75,12.43,103.69
2025-03,上海仓,京东物流,重庆,13,19.06,4145.55,17.09,119.91
2025-03,上海仓,京东物流,上海,13,27.12,6515.58,5.25,77.47
2025-03,上海仓,京东物流,Singapore,32,5.6,2200.8,22.59,135.0
2025-04,上海仓,京东物流,Frankfurt,22,22.55,2052.05,4.61,34.96
2025-04,上海仓,京东物流,重庆,11,29.19,8708.35,13.18,188.3
2025-04,上海仓,京东物流,杭州,33,1.86,272.8,7.7,95.38
2025-05,上海仓,京东物流,重庆,37,6.28,1400.44,9.46,172.29
2025-05,上海仓,京东物流,上海,31,16.65,5522.25,9.24,76.39
2025-05,上海仓,京东物流,南京,5,26.16,4172.52,8.48,149.92
2025-06,上海仓,京东物流,上海,16,15.04,1428.8,26.58,129.39
2025-06,上海仓,京东物流,Frankfurt,6,23.16,3829.12,10.8,44.24
2025-06,上海仓,京东物流,武汉,26,10.84,5262.82,21.82,188.81
2025-06,上海仓,京东物流,西安,42,2.54,1040.13,21.05,165.27
2025-07,上海仓,京东物流,南京,36,18.03,3425.7,21.35,8.72
2025-07,上海仓,京东物流,Tokyo,46,19.45,478.47,12.9,87.68
2025-07,上海仓,京东物流,广州,35,42.75,1470.6,13.85,117.99
2025-07,上海仓,京东物流,Los Angeles,6,3.57,2113.44,25.54,183.22
2025-08,上海仓,京东物流,南京,8,11.8,616.55,2.31,6.41
2025-08,上海仓,京东物流,武汉,39,16.52,3770.69,5.18,34.77
2025-08,上海仓,京东物流,上海,20,10.24,1346.56,27.34,157.76
2025-08,上海仓,京东物流,Los Angeles,32,19.35,4211.85,11.98,16.94
2025-08,上海仓,京东物流,北京,39,13.74,4424.28,26.73,184.4
2025-09,上海仓,京东物流,Seoul,43,1.47,194.04,6.96,173.67
2025-09,上海仓,京东物流,上海,44,18.1,1764.75,23.31,89.0
2025-09,上海仓,京东物流,南京,34,17.12,2469.56,6.85,187.86
2025-09,上海仓,京东物流,重庆,33,2.84,152.65,9.91,65.87
2025-09,上海仓,京东物流,武汉,43,4.7,2951.6,27.36,46.37
2025-10,上海仓,京东物流,北京,5,14.32,2262.56,22.32,165.57
2025-10,上海仓,京东物流,Seoul,25,25.38,6471.9,22.01,135.51
2025-10,上海仓,京东物流,Los Angeles,18,4.91,3353.53,4.29,152.47
2025-11,上海仓,京东物流,南京,48,10.23,1036.64,24.83,11.01
2025-11,上海仓,京东物流,Tokyo,14,4.7,371.3,17.95,117.35
2024-10,上海仓,中外运,Tokyo,46,15.9,7457.1,27.86,180.64
2024-10,上海仓,中外运,西安,36,9.6,1656.0,22.95,75.94
2024-11,上海仓,中外运,Frankfurt,16,7.27,1577.59,18.87,190.98
2024-11,上海仓,中外运,上海,9,6.44,1027.18,22.99,11.84
2024-11,上海仓,中外运,武汉,35,24.25,1687.8,16.46,143.99
2024-11,上海仓,中外运,杭州,26,1.72,839.36,10.36,40.38
2024-11,上海仓,中外运,Seoul,15,13.92,1005.72,23.61,167.59
2024-12,上海仓,中外运,Frankfurt,43,4.58,3260.96,22.83,115.77
2024-12,上海仓,中外运,Singapore,43,19.23,2570.41,11.41,1.74
2024-12,上海仓,中外运,南京,23,4.14,695.52,19.3,113.86
2025-01,上海仓,中外运,Frankfurt,18,11.04,1391.04,12.82,7.13
2025-01,上海仓,中外运,重庆,11,4.79,3899.06,3.07,11.5
2025-01,上海仓,中外运,Tokyo,42,13.58,1928.36,22.24,44.26
2025-01,上海仓,中外运,西安,19,2.05,1203.35,15.38,32.33
2025-02,上海仓,中外运,南京,49,8.19,2462.46,27.65,197.48
2025-02,上海仓,中外运,西安,8,8.01,2667.33,21.11,3.52
2025-03,上海仓,中外运,Tokyo,32,22.75,1838.2,26.66,197.98
2025-03,上海仓,中外运,Frankfurt,40,21.03,4486.4,21.32,117.34
2025-03,上海仓,中外运,北京,48,32.75,5429.95,8.57,59.14
2025-03,上海仓,中外运,杭州,28,3.08,745.36,26.13,173.71
2025-04,上海仓,中外运,武汉,18,21.3,5175.9,12.71,137.9
2025-04,上海仓,中外运,Singapore,45,11.3,2401.25,20.36,190.26
2025-05,上海仓,中外运,杭州,37,3.6,439.2,14.96,155.57
2025-05,上海仓,中外运,武汉,5,7.32,872.91,13.02,55.46
2025-05,上海仓,中外运,北京,36,39.12,3501.24,9.12,95.28
2025-05,上海仓,中外运,Frankfurt,17,19.5,2433.6,9.2,69.45
2025-05,上海仓,中外运,上海,10,12.36,1952.88,16.25,75.73
2025-06,上海仓,中外运,南京,32,6.74,2645.45,16.05,110.51
2025-06,上海仓,中外运,Singapore,45,31.08,3783.99,10.39,158.33
2025-06,上海仓,中外运,深圳,45,4.8,426.0,4.22,138.71
2025-06,上海仓,中外运,武汉,20,5.3,3556.3,2.47,11.58
2025-06,上海仓,中外运,西安,36,25.65,1318.41,21.08,83.95
2025-07,上海仓,中外运,南京,7,5.73,3495.3,21.37,139.27
2025-07,上海仓,中外运,广州,40,18.57,3714.0,12.34,37.15
2025-07,上海仓,中外运,Los Angeles,48,35.16,4438.95,21.71,55.84
2025-07,上海仓,中外运,Frankfurt,12,32.84,6346.33,5.88,190.15
2025-08,上海仓,中外运,重庆,27,7.84,1187.76,28.57,181.06
2025-08,上海仓,中外运,上海,16,50.0,7110.0,5.49,131.29
2025-08,上海仓,中外运,杭州,47,24.45,2689.5,19.84,136.66
2025-09,上海仓,中外运,广州,25,1.6,1188.8,24.75,139.52
2025-09,上海仓,中外运,Frankfurt,5,1.65,85.25,26.22,173.72
2025-10,上海仓,中外运,Singapore,16,1.43,730.73,10.32,194.01
2025-10,上海仓,中外运,西安,22,25.23,4919.85,22.76,177.91
2025-10,上海仓,中外运,Tokyo,10,1.84,839.04,3.94,80.3
2025-10,上海仓,中外运,Seoul,21,3.27,1814.85,22.09,4.33
2025-11,上海仓,中外运,杭州,7,3.61,397.1,11.64,100.61
2025-11,上海仓,中外运,成都,17,2.87,967.19,24.21,76.8
2025-11,上海仓,中外运,广州,39,6.31,4297.11,24.31,163.8
2025-11,上海仓,中外运,重庆,13,16.92,4246.92,26.07,11.43
2024-10,上海仓,DHL,深圳,42,13.08,1742.91,17.81,139.33
2024-10,上海仓,DHL,Frankfurt,37,26.85,8296.65,27.32,148.44
2024-10,上海仓,DHL,武汉,41,8.08,1712.96,26.97,113.56
2024-11,上海仓,DHL,西安,27,22.76,756.77,7.12,30.43
2024-11,上海仓,DHL,Singapore,29,5.04,2530.08,25.36,23.15
2024-11,上海仓,DHL,广州,44,11.04,1442.56,9.68,126.62
2024-12,上海仓,DHL,深圳,15,14.18,5310.41,25.32,129.68
2024-12,上海仓,DHL,Frankfurt,45,16.68,2693.82,6.25,23.05
2025-01,上海仓,DHL,Seoul,40,19.96,2170.65,5.98,38.51
2025-01,上海仓,DHL,重庆,22,5.58,4547.7,7.88,27.37
2025-02,上海仓,DHL,Frankfurt,20,45.05,6775.52,8.88,33.65
2025-02,上海仓,DHL,广州,43,8.83,2534.21,23.01,40.88
2025-02,上海仓,DHL,成都,48,17.15,661.99,18.86,179.97
2025-02,上海仓,DHL,西安,41,13.12,5352.96,7.18,38.59
2025-02,上海仓,DHL,杭州,27,5.72,1916.2,10.88,183.2
2025-03,上海仓,DHL,武汉,6,31.92,5226.9,27.35,198.23
2025-03,上海仓,DHL,广州,42,23.15,1801.07,20.16,110.95
2025-04,上海仓,DHL,Tokyo,10,3.98,505.46,17.82,119.15
2025-04,上海仓,DHL,Singapore,18,32.96,4836.88,19.86,37.81
2025-04,上海仓,DHL,南京,21,3.09,595.34,26.55,66.36
2025-04,上海仓,DHL,广州,26,3.04,243.2,24.43,74.3
2025-04,上海仓,DHL,Seoul,47,20.88,2282.88,28.89,107.92
2025-05,上海仓,DHL,Singapore,42,37.0,5920.0,11.35,120.59
2025-05,上海仓,DHL,北京,21,14.22,6804.27,28.78,70.89
2025-06,上海仓,DHL,杭州,9,11.48,955.71,8.7,156.95
2025-06,上海仓,DHL,Los Angeles,15,4.12,141.11,15.97,63.65
2025-06,上海仓,DHL,武汉,18,11.02,4694.52,20.31,134.36
2025-06,上海仓,DHL,西安,12,5.12,2478.08,29.08,65.69
2025-07,上海仓,DHL,西安,23,16.04,3556.87,29.59,151.92
2025-07,上海仓,DHL,Los Angeles,10,18.74,8648.51,19.21,110.31
2025-07,上海仓,DHL,Singapore,39,2.81,843.0,6.17,128.18
2025-07,上海仓,DHL,Frankfurt,21,19.14,740.08,18.1,158.74
2025-08,上海仓,DHL,上海,12,8.9,8027.8,14.21,55.74
2025-08,上海仓,DHL,广州,12,16.86,4796.67,14.28,169.29
2025-08,上海仓,DHL,杭州,21,4.52,1030.56,10.99,121.03
2025-08,上海仓,DHL,Los Angeles,16,2.55,2476.05,11.77,128.03
2025-08,上海仓,DHL,Singapore,38,21.76,935.68,12.13,26.36
2025-09,上海仓,DHL,武汉,8,14.0,2698.5,18.55,90.31
2025-09,上海仓,DHL,Los Angeles,46,6.08,5168.0,17.5,117.46
2025-10,上海仓,DHL,深圳,47,9.42,1469.52,13.02,20.32
2025-10,上海仓,DHL,Los Angeles,44,2.96,2507.12,16.68,58.2
2025-11,上海仓,DHL,上海,34,10.65,430.26,13.72,110.9
2025-11,上海仓,DHL,重庆,34,2.97,633.6,7.87,25.22
2024-10,上海仓,FedEx,Singapore,38,2.12,449.44,19.03,64.44
2024-10,上海仓,FedEx,北京,42,1.74,1209.3,22.15,141.81
2024-10,上海仓,FedEx,Tokyo,45,5.73,2440.98,11.36,197.79
2024-10,上海仓,FedEx,南京,50,8.44,1057.11,8.12,46.02
2024-11,上海仓,FedEx,广州,39,13.6,6249.2,11.91,120.82
2024-11,上海仓,FedEx,北京,50,24.39,1504.05,21.15,165.56
2024-12,上海仓,FedEx,北京,41,38.88,7037.28,27.92,68.42
2024-12,上海仓,FedEx,Singapore,23,3.77,3317.6,2.67,173.91
2024-12,上海仓,FedEx,Frankfurt,8,19.5,4764.5,22.36,190.53
2024-12,上海仓,FedEx,西安,25,6.54,624.57,26.62,36.47
2025-01,上海仓,FedEx,上海,28,16.92,7520.94,13.16,122.43
2025-01,上海仓,FedEx,北京,17,18.54,8982.63,4.91,173.24
2025-02,上海仓,FedEx,北京,44,9.74,3496.66,20.09,179.71
2025-02,上海仓,FedEx,Tokyo,38,18.16,3877.16,7.4,12.85
2025-02,上海仓,FedEx,Frankfurt,9,3.66,1515.24,5.24,105.59
2025-02,上海仓,FedEx,Seoul,7,4.97,2972.06,10.55,73.25
2025-03,上海仓,FedEx,武汉,21,27.84,4377.84,3.43,78.01
2025-03,上海仓,FedEx,Los Angeles,32,27.25,3673.3,13.39,178.11
2025-03,上海仓,FedEx,Seoul,42,35.75,2431.0,22.74,89.71
2025-03,上海仓,FedEx,Tokyo,27,31.92,5961.06,2.25,116.69
2025-04,上海仓,FedEx,Seoul,18,17.56,4829.0,22.98,32.64
2025-04,上海仓,FedEx,西安,35,14.2,303.88,22.65,15.93
2025-04,上海仓,FedEx,杭州,34,39.4,1034.25,4.24,70.75
2025-04,上海仓,FedEx,深圳,27,39.32,6861.34,16.74,45.1
2025-05,上海仓,FedEx,Singapore,19,31.64,4129.02,16.63,25.07
2025-05,上海仓,FedEx,成都,24,9.66,2357.04,18.57,146.87
2025-05,上海仓,FedEx,广州,22,21.51,5391.84,21.66,162.17
2025-06,上海仓,FedEx,Singapore,37,12.0,447.0,11.12,73.21
2025-06,上海仓,FedEx,重庆,33,31.84,2260.64,27.72,110.21
2025-06,上海仓,FedEx,Frankfurt,44,8.67,2560.54,24.79,42.25
2025-06,上海仓,FedEx,Tokyo,40,2.26,1328.88,12.2,41.51
2025-07,上海仓,FedEx,Frankfurt,5,29.91,1714.84,4.21,173.97
2025-07,上海仓,FedEx,武汉,35,2.25,243.0,28.46,159.78
2025-07,上海仓,FedEx,Singapore,11,43.75,7840.0,18.3,73.94
2025-07,上海仓,FedEx,北京,25,2.86,893.75,18.55,108.28
2025-07,上海仓,FedEx,深圳,27,6.81,1872.75,7.41,39.85
2025-08,上海仓,FedEx,Tokyo,37,29.95,2707.48,2.65,132.46
2025-08,上海仓,FedEx,武汉,34,4.68,1361.88,15.0,73.92
2025-08,上海仓,FedEx,广州,16,9.81,5375.88,5.07,122.85
2025-08,上海仓,FedEx,Frankfurt,29,1.3,477.1,4.29,14.8
2025-09,上海仓,FedEx,北京,8,5.64,1214.48,20.2,54.12
2025-09,上海仓,FedEx,Tokyo,12,8.42,846.21,26.0,185.33
2025-09,上海仓,FedEx,Los Angeles,33,3.91,981.41,3.38,25.18
2025-10,上海仓,FedEx,武汉,11,4.35,172.55,22.86,67.28
2025-10,上海仓,FedEx,Singapore,33,17.61,2007.54,24.48,98.38
2025-10,上海仓,FedEx,南京,28,6.98,3147.98,28.15,1.78
2025-10,上海仓,FedEx,上海,31,9.1,1195.74,7.87,0.96
2025-10,上海仓,FedEx,Tokyo,11,14.55,596.55,27.76,95.66
2025-11,上海仓,FedEx,上海,21,13.3,1941.8,27.41,22.46
2025-11,上海仓,FedEx,西安,45,13.98,5060.76,28.0,0.46
2025-11,上海仓,FedEx,武汉,9,26.19,4033.26,22.73,182.08
2024-10,深圳仓,顺丰,上海,46,6.58,2816.24,7.13,185.71
2024-10,深圳仓,顺丰,Frankfurt,5,9.66,8249.64,27.72,189.76
2024-10,深圳仓,顺丰,西安,26,40.15,5492.52,10.89,146.15
2024-10,深圳仓,顺丰,广州,16,3.22,436.31,2.19,133.0
2024-10,深圳仓,顺丰,Los Angeles,16,23.01,3282.76,22.33,161.51
2024-11,深圳仓,顺丰,成都,17,26.49,3788.07,5.13,167.41
2024-11,深圳仓,顺丰,杭州,13,12.0,1634.4,22.61,23.03
2024-12,深圳仓,顺丰,Tokyo,38,10.92,1266.72,25.55,103.16
2024-12,深圳仓,顺丰,上海,21,8.58,4890.6,27.58,170.19
2025-01,深圳仓,顺丰,西安,38,29.61,9761.43,23.45,169.87
2025-01,深圳仓,顺丰,Singapore,9,9.2,3174.0,6.19,46.0
2025-02,深圳仓,顺丰,重庆,16,5.58,1798.62,21.12,117.58
2025-02,深圳仓,顺丰,Seoul,8,7.52,4286.4,18.01,108.22
2025-02,深圳仓,顺丰,西安,10,5.48,169.88,5.62,46.94
2025-02,深圳仓,顺丰,Frankfurt,11,9.3,1568.6,6.67,41.95
2025-02,深圳仓,顺丰,深圳,43,15.38,2530.01,11.95,101.63
2025-03,深圳仓,顺丰,Tokyo,47,22.0,1221.0,12.29,193.66
2025-03,深圳仓,顺丰,南京,16,9.75,6971.25,9.05,148.31
2025-03,深圳仓,顺丰,成都,46,13.34,6163.08,26.92,26.3
2025-04,深圳仓,顺丰,上海,9,20.15,2506.66,28.78,15.64
2025-04,深圳仓,顺丰,深圳,9,18.6,627.75,6.78,105.8
2025-04,深圳仓,顺丰,Tokyo,32,20.46,3757.82,2.09,9.58
2025-04,深圳仓,顺丰,成都,28,7.99,4418.47,18.59,1.38
2025-05,深圳仓,顺丰,西安,46,11.3,3147.05,14.08,186.45
2025-05,深圳仓,顺丰,Tokyo,35,7.73,3378.01,10.65,113.48
2025-05,深圳仓,顺丰,重庆,35,12.0,660.0,2.25,139.08
2025-06,深圳仓,顺丰,广州,9,26.92,3472.68,25.33,173.48
2025-06,深圳仓,顺丰,Los Angeles,21,21.36,904.24,22.91,32.5
2025-07,深圳仓,顺丰,上海,8,12.18,3635.73,28.26,25.04
2025-07,深圳仓,顺丰,武汉,46,15.58,3630.14,24.1,178.2
2025-07,深圳仓,顺丰,北京,35,28.08,6984.9,23.96,119.18
2025-08,深圳仓,顺丰,Singapore,14,8.78,6567.44,19.08,137.05
2025-08,深圳仓,顺丰,上海,11,27.78,7639.5,7.98,165.9
2025-09,深圳仓,顺丰,成都,43,4.88,524.6,20.9,60.86
2025-09,深圳仓,顺丰,武汉,48,28.08,5075.46,14.38,14.93
2025-09,深圳仓,顺丰,上海,45,11.98,1952.74,3.29,103.61
2025-10,深圳仓,顺丰,Frankfurt,20,7.9,2535.9,2.86,35.54
2025-10,深圳仓,顺丰,Los Angeles,35,43.3,2052.42,29.05,74.67
2025-10,深圳仓,顺丰,西安,45,14.7,962.85,2.82,23.79
2025-10,深圳仓,顺丰,重庆,45,23.8,728.28,11.99,73.95
2025-10,深圳仓,顺丰,上海,24,22.12,1310.61,5.64,179.39
2025-11,深圳仓,顺丰,Singapore,41,8.3,1701.5,19.2,74.62
2025-11,深圳仓,顺丰,上海,32,14.56,1121.12,28.54,39.46
2024-10,深圳仓,德邦,武汉,33,15.54,5602.17,24.16,139.18
2024-10,深圳仓,德邦,深圳,10,18.64,3103.56,21.75,71.24
2024-11,深圳仓,德邦,深圳,22,1.3,205.4,15.25,85.69
2024-11,深圳仓,德邦,南京,12,17.26,4504.86,24.17,68.13
2024-11,深圳仓,德邦,Frankfurt,45,29.56,4300.98,21.23,108.19
2024-11,深圳仓,德邦,上海,40,6.15,1334.55,26.62,119.91
2024-12,深圳仓,德邦,北京,50,39.6,815.76,27.69,193.94
2024-12,深圳仓,德邦,武汉,25,15.06,2243.94,11.89,116.12
2025-01,深圳仓,德邦,西安,8,1.65,1572.45,23.62,83.5
2025-01,深圳仓,德邦,北京,29,24.0,4904.0,12.21,181.85
2025-01,深圳仓,德邦,深圳,32,33.44,3887.4,10.49,82.75
2025-02,深圳仓,德邦,深圳,33,33.52,7391.16,28.84,70.29
2025-02,深圳仓,德邦,Tokyo,30,9.2,5317.6,14.03,147.62
2025-02,深圳仓,德邦,广州,31,7.12,4976.88,21.62,142.58
2025-02,深圳仓,德邦,上海,43,30.52,1304.73,22.91,89.21
2025-03,深圳仓,德邦,Tokyo,48,2.39,1400.54,6.29,172.43
2025-03,深圳仓,德邦,深圳,44,11.84,1565.84,22.99,39.05
2025-04,深圳仓,德邦,北京,25,4.52,291.54,25.04,50.2
2025-04,深圳仓,德邦,Los Angeles,13,18.04,3053.27,8.08,95.67
2025-04,深圳仓,德邦,深圳,33,36.5,6818.2,25.3,110.56
2025-05,深圳仓,德邦,Los Angeles,26,3.0,734.0,21.34,145.91
2025-05,深圳仓,德邦,Tokyo,26,22.14,1712.16,27.11,171.7
2025-05,深圳仓,德邦,深圳,32,14.8,4765.6,6.49,194.36
2025-05,深圳仓,德邦,杭州,23,1.26,515.34,27.23,36.38
2025-05,深圳仓,德邦,Seoul,50,18.21,1499.29,14.07,107.93
2025-06,深圳仓,德邦,广州,50,3.92,1203.44,8.06,140.99
2025-06,深圳仓,德邦,深圳,10,10.9,5139.35,23.78,125.96
2025-06,深圳仓,德邦,Los Angeles,22,28.95,5321.01,23.33,59.76
2025-06,深圳仓,德邦,Tokyo,7,8.92,713.6,13.4,30.58
2025-06,深圳仓,德邦,北京,16,39.76,8339.66,18.8,102.67
2025-07,深圳仓,德邦,西安,46,14.64,3092.7,5.78,102.64
2025-07,深圳仓,德邦,Los Angeles,37,11.37,617.77,10.14,132.46
2025-07,深圳仓,德邦,Frankfurt,39,14.31,2628.27,7.72,109.07
2025-07,深圳仓,德邦,杭州,10,47.95,2157.75,21.66,140.39
2025-07,深圳仓,德邦,Seoul,49,27.42,1060.24,14.66,72.39
2025-08,深圳仓,德邦,南京,31,2.23,949.98,9.82,142.22
2025-08,深圳仓,德邦,重庆,37,15.81,706.18,23.38,58.02
2025-08,深圳仓,德邦,杭州,31,38.32,6332.38,20.08,113.59
2025-08,深圳仓,德邦,北京,7,6.13,3114.04,22.25,95.19
2025-09,深圳仓,德邦,武汉,15,28.64,5155.2,17.46,113.26
2025-09,深圳仓,德邦,南京,46,17.94,2266.42,11.47,92.3
2025-09,深圳仓,德邦,北京,30,4.46,343.42,4.98,39.04
2025-10,深圳仓,德邦,Los Angeles,23,2.91,431.65,15.88,77.62
2025-10,深圳仓,德邦,深圳,22,18.9,1209.6,20.69,199.64
2025-10,深圳仓,德邦,上海,18,17.12,3141.52,8.57,170.1
2025-10,深圳仓,德邦,重庆,9,2.07,1498.68,16.43,7.93
2025-10,深圳仓,德邦,Tokyo,13,5.64,1221.06,27.09,143.05
2025-11,深圳仓,德邦,深圳,7,26.64,8658.0,2.04,39.31
2025-11,深圳仓,德邦,杭州,30,3.85,139.37,20.34,14.64
2024-10,深圳仓,京东物流,Los Angeles,18,5.07,1044.42,4.55,169.7
2024-10,深圳仓,京东物流,杭州,21,9.83,5563.78,25.98,59.0
2024-10,深圳仓,京东物流,上海,42,27.1,3246.58,13.55,4.09
2024-10,深圳仓,京东物流,Seoul,48,8.32,3144.96,18.2,10.92
2024-11,深圳仓,京东物流,Tokyo,21,32.92,995.83,13.26,123.7
2024-11,深圳仓,京东物流,Los Angeles,8,14.24,3374.88,23.71,170.94
2024-11,深圳仓,京东物流,上海,6,10.65,2417.55,14.52,62.63
2024-12,深圳仓,京东物流,Tokyo,5,2.9,431.52,24.93,186.73
2024-12,深圳仓,京东物流,北京,33,0.89,168.21,22.74,52.37
2024-12,深圳仓,京东物流,南京,16,11.9,1582.7,7.22,76.36
2024-12,深圳仓,京东物流,成都,5,5.65,3858.95,29.95,51.0
2025-01,深圳仓,京东物流,武汉,13,8.04,958.77,13.84,46.62
2025-01,深圳仓,京东物流,重庆,43,48.9,9291.0,14.99,34.14
2025-01,深圳仓,京东物流,深圳,28,9.9,716.1,5.48,8.88
2025-01,深圳仓,京东物流,南京,43,18.95,1080.15,17.14,192.55
2025-01,深圳仓,京东物流,Frankfurt,27,10.44,2492.55,18.3,105.66
2025-02,深圳仓,京东物流,重庆,50,1.71,194.94,3.12,198.08
2025-02,深圳仓,京东物流,南京,16,9.14,6635.64,16.31,113.03
2025-02,深圳仓,京东物流,Frankfurt,41,7.26,5299.8,2.12,15.28
2025-03,深圳仓,京东物流,深圳,13,16.18,7774.49,18.98,34.11
2025-03,深圳仓,京东物流,成都,40,8.6,887.95,17.57,35.1
2025-03,深圳仓,京东物流,广州,35,29.97,4085.91,16.36,48.07
2025-04,深圳仓,京东物流,广州,21,32.64,4553.28,15.12,169.55
2025-04,深圳仓,京东物流,重庆,48,4.38,767.96,25.96,31.51
2025-04,深圳仓,京东物流,Tokyo,26,2.76,1102.62,14.99,156.81
2025-05,深圳仓,京东物流,南京,22,8.05,491.05,20.32,0.04
2025-05,深圳仓,京东物流,Singapore,17,4.95,2846.25,8.05,79.29
2025-06,深圳仓,京东物流,成都,37,20.01,3288.31,25.19,81.27
2025-06,深圳仓,京东物流,武汉,22,4.14,367.08,14.49,15.57
2025-06,深圳仓,京东物流,Singapore,47,27.9,4743.0,5.45,121.58
2025-06,深圳仓,京东物流,西安,30,28.72,2785.84,16.73,3.94
2025-06,深圳仓,京东物流,杭州,22,21.24,2516.94,11.65,15.47
2025-07,深圳仓,京东物流,Los Angeles,49,7.5,6045.0,27.69,194.27
2025-07,深圳仓,京东物流,广州,49,33.2,2689.2,6.23,15.61
2025-07,深圳仓,京东物流,Singapore,29,16.6,1826.0,28.72,124.6
2025-07,深圳仓,京东物流,Frankfurt,39,12.51,2606.25,28.53,67.13
2025-07,深圳仓,京东物流,杭州,19,16.9,2048.28,8.08,144.27
2025-08,深圳仓,京东物流,Los Angeles,50,8.36,1047.09,13.71,65.51
2025-08,深圳仓,京东物流,上海,23,6.05,3902.25,7.05,33.09
2025-08,深圳仓,京东物流,成都,30,4.77,1368.99,15.14,114.13
2025-08,深圳仓,京东物流,Tokyo,30,8.42,3902.67,2.89,22.93
2025-09,深圳仓,京东物流,成都,24,7.04,982.08,18.79,150.98
2025-09,深圳仓,京东物流,Singapore,37,11.52,1434.24,10.21,172.56
2025-09,深圳仓,京东物流,西安,26,9.24,3317.16,23.08,147.62
2025-09,深圳仓,京东物流,Tokyo,44,7.0,6902.0,28.14,152.37
2025-09,深圳仓,京东物流,Los Angeles,10,49.0,4449.2,12.32,69.53
2025-10,深圳仓,京东物流,北京,14,2.0,1690.0,2.25,144.42
2025-10,深圳仓,京东物流,Frankfurt,17,1.1,158.95,20.66,55.5
2025-10,深圳仓,京东物流,Tokyo,9,37.0,8602.5,3.99,73.92
2025-10,深圳仓,京东物流,广州,14,3.75,516.25,25.55,142.68
2025-10,深圳仓,京东物流,成都,8,2.39,836.5,29.81,4.26
2025-11,深圳仓,京东物流,上海,17,2.18,997.35,2.97,152.29
2025-11,深圳仓,京东物流,广州,23,13.2,4837.8,12.97,100.85
2025-11,深圳仓,京东物流,北京,8,27.64,6453.94,15.65,80.9
2025-11,深圳仓,京东物流,Seoul,47,15.06,3860.38,18.3,134.71
2025-11,深圳仓,京东物流,南京,42,38.28,7914.39,17.69,99.84
2024-10,深圳仓,中外运,广州,28,2.89,910.35,13.26,85.47
2024-10,深圳仓,中外运,成都,14,7.82,3331.32,6.81,114.77
2024-10,深圳仓,中外运,武汉,37,5.1,1586.1,2.04,131.58
2024-11,深圳仓,中外运,Tokyo,40,7.72,6592.88,20.2,109.3
2024-11,深圳仓,中外运,重庆,44,45.05,6153.83,27.44,6.75
2024-11,深圳仓,中外运,北京,49,18.42,2830.54,16.12,168.14
2024-12,深圳仓,中外运,Singapore,38,1.36,758.88,16.21,27.93
2024-12,深圳仓,中外运,北京,15,4.64,765.6,8.46,98.89
2024-12,深圳仓,中外运,Seoul,37,4.25,1317.5,27.47,193.97
2024-12,深圳仓,中外运,Los Angeles,14,32.92,8081.86,29.62,191.68
2024-12,深圳仓,中外运,南京,11,2.06,408.91,5.79,98.17
2025-01,深圳仓,中外运,深圳,21,38.2,1764.84,7.88,34.53
2025-01,深圳仓,中外运,Singapore,37,14.44,4498.06,6.78,109.38
2025-01,深圳仓,中外运,广州,50,3.11,1738.49,4.59,104.29
2025-01,深圳仓,中外运,Seoul,41,39.88,7427.65,24.96,129.93
2025-02,深圳仓,中外运,深圳,21,12.99,1675.71,21.99,195.38
2025-02,深圳仓,中外运,Los Angeles,10,19.38,8275.26,2.53,130.87
2025-02,深圳仓,中外运,北京,35,40.0,3200.0,9.94,179.2
2025-02,深圳仓,中外运,重庆,7,9.72,1127.52,7.04,94.12
2025-03,深圳仓,中外运,南京,37,11.04,1744.32,28.46,140.45
2025-03,深圳仓,中外运,北京,44,8.38,7508.48,20.43,175.87
2025-04,深圳仓,中外运,西安,50,18.72,3954.6,3.07,72.9
2025-04,深圳仓,中外运,杭州,27,18.72,3528.72,29.23,22.95
2025-04,深圳仓,中外运,Seoul,20,1.18,363.44,6.03,86.3
2025-04,深圳仓,中外运,Singapore,45,0.52,253.24,25.51,0.18
2025-04,深圳仓,中外运,广州,32,21.6,1560.6,15.4,8.69
2025-05,深圳仓,中外运,武汉,10,20.04,6138.92,24.51,111.7
2025-05,深圳仓,中外运,杭州,41,13.47,2056.42,9.28,35.66
2025-06,深圳仓,中外运,武汉,18,21.72,2959.35,15.46,135.38
2025-06,深圳仓,中外运,Seoul,25,19.02,2044.65,7.48,10.51
2025-06,深圳仓,中外运,Singapore,6,19.29,2494.84,12.64,59.38
2025-06,深圳仓,中外运,南京,15,2.72,667.76,27.8,5.15
2025-06,深圳仓,中外运,杭州,29,6.95,5594.75,20.61,33.96
2025-07,深圳仓,中外运,Los Angeles,24,36.08,1479.28,18.97,137.32
2025-07,深圳仓,中外运,重庆,11,23.28,2450.22,12.25,172.83
2025-07,深圳仓,中外运,上海,14,11.04,2001.92,6.6,104.89
2025-07,深圳仓,中外运,武汉,13,14.36,2276.06,7.92,0.24
2025-08,深圳仓,中外运,Frankfurt,28,12.63,2980.68,10.96,99.2
2025-08,深圳仓,中外运,南京,37,4.85,3171.9,23.89,188.04
2025-09,深圳仓,中外运,杭州,41,25.83,6113.1,25.31,157.87
2025-09,深圳仓,中外运,Singapore,38,10.16,3789.68,8.79,115.76
2025-10,深圳仓,中外运,杭州,17,12.12,2720.94,24.25,34.33
2025-10,深圳仓,中外运,成都,37,24.35,2288.9,22.91,87.01
2025-10,深圳仓,中外运,Tokyo,31,18.0,4027.5,13.66,16.58
2025-10,深圳仓,中外运,北京,16,22.52,4492.74,22.49,79.75
2025-11,深圳仓,中外运,杭州,44,34.56,7110.72,23.67,65.7
2025-11,深圳仓,中外运,西安,26,10.12,1862.08,2.39,46.27
2025-11,深圳仓,中外运,Los Angeles,18,6.91,3033.49,27.63,44.96
2025-11,深圳仓,中外运,Frankfurt,13,13.32,919.08,22.05,140.95
2024-10,深圳仓,DHL,重庆,33,30.64,4052.14,25.57,99.41
2024-10,深圳仓,DHL,杭州,46,32.96,5883.36,11.89,55.8
2024-10,深圳仓,DHL,西安,18,27.66,6693.72,7.23,196.82
2024-11,深圳仓,DHL,重庆,48,32.8,1697.4,22.59,130.1
2024-11,深圳仓,DHL,西安,47,19.4,1736.3,26.61,103.73
2024-11,深圳仓,DHL,Tokyo,28,14.4,3531.6,21.24,66.84
2024-11,深圳仓,DHL,Frankfurt,37,9.36,1163.76,25.76,77.74
2024-11,深圳仓,DHL,广州,47,18.88,1944.64,18.63,31.75
2024-12,深圳仓,DHL,广州,6,6.36,2912.88,4.18,20.67
2024-12,深圳仓,DHL,重庆,15,29.96,6576.22,27.04,66.76
2024-12,深圳仓,DHL,南京,33,28.36,1815.04,3.42,70.5
2024-12,深圳仓,DHL,成都,21,30.64,6894.0,2.46,25.9
2025-01,深圳仓,DHL,北京,45,40.65,7333.26,9.35,80.7
2025-01,深圳仓,DHL,Singapore,35,8.44,1350.4,28.14,74.77
2025-01,深圳仓,DHL,杭州,44,20.92,4272.91,16.47,174.07
2025-01,深圳仓,DHL,上海,42,26.58,8815.7,19.73,87.04
2025-02,深圳仓,DHL,Seoul,19,15.76,906.2,10.31,4.0
2025-02,深圳仓,DHL,Frankfurt,15,3.99,1193.01,8.5,91.68
2025-02,深圳仓,DHL,北京,24,32.25,1360.95,19.58,42.58
2025-02,深圳仓,DHL,Singapore,37,16.68,7264.14,18.3,71.33
2025-03,深圳仓,DHL,Singapore,37,2.42,425.92,19.12,86.99
2025-03,深圳仓,DHL,上海,33,37.8,3182.76,28.5,131.5
2025-03,深圳仓,DHL,武汉,12,19.89,4143.75,23.6,177.0
2025-03,深圳仓,DHL,Los Angeles,5,9.14,1238.47,13.62,123.25
2025-03,深圳仓,DHL,杭州,8,3.64,2143.96,3.06,98.39
2025-04,深圳仓,DHL,Frankfurt,26,8.38,2786.35,11.76,33.47
2025-04,深圳仓,DHL,北京,24,4.65,821.5,7.69,103.55
2025-05,深圳仓,DHL,Los Angeles,41,11.66,2017.18,22.37,134.1
2025-05,深圳仓,DHL,Seoul,21,6.37,3898.44,18.49,149.78
2025-05,深圳仓,DHL,重庆,11,26.6,1070.65,4.91,193.91
2025-05,深圳仓,DHL,上海,6,10.5,3533.25,27.56,53.65
2025-05,深圳仓,DHL,成都,33,9.84,1200.48,2.93,56.64
2025-06,深圳仓,DHL,Singapore,39,7.31,6812.92,15.92,194.47
2025-06,深圳仓,DHL,北京,18,6.75,877.5,5.21,169.96
2025-06,深圳仓,DHL,Seoul,30,9.64,2872.72,27.11,23.08
2025-06,深圳仓,DHL,武汉,33,2.88,504.72,25.64,176.78
2025-06,深圳仓,DHL,Tokyo,8,12.16,2711.68,4.73,128.81
2025-07,深圳仓,DHL,Seoul,22,8.05,1363.67,24.27,38.68
2025-07,深圳仓,DHL,北京,48,3.6,963.0,18.92,93.29
2025-07,深圳仓,DHL,广州,30,5.5,3041.5,22.94,83.38
2025-07,深圳仓,DHL,西安,13,13.44,339.36,4.75,153.82
2025-08,深圳仓,DHL,北京,49,6.3,2431.8,16.19,1.94
2025-08,深圳仓,DHL,Los Angeles,7,21.4,1765.5,19.86,27.28
2025-08,深圳仓,DHL,Tokyo,9,8.3,1083.15,23.64,85.24
2025-08,深圳仓,DHL,Seoul,43,5.68,1138.84,21.51,1.81
2025-09,深圳仓,DHL,深圳,44,1.64,383.76,8.03,169.61
2025-09,深圳仓,DHL,武汉,22,7.65,3366.0,3.15,167.66
2025-09,深圳仓,DHL,Singapore,48,20.8,1643.2,23.67,130.28
2025-09,深圳仓,DHL,杭州,10,1.74,466.32,13.33,127.73
2025-10,深圳仓,DHL,深圳,16,7.44,1941.84,11.32,183.9
2025-10,深圳仓,DHL,重庆,28,14.7,1215.2,8.0,113.11
2025-10,深圳仓,DHL,Singapore,34,28.53,4022.73,26.61,156.64
2025-10,深圳仓,DHL,上海,20,18.76,703.5,14.04,86.93
2025-10,深圳仓,DHL,广州,39,7.07,2672.46,21.79,92.42
2025-11,深圳仓,DHL,Singapore,5,28.41,1401.56,2.08,182.37
2025-11,深圳仓,DHL,南京,45,1.41,556.95,25.78,166.55
2025-11,深圳仓,DHL,杭州,25,42.9,6580.86,4.7,118.85
2025-11,深圳仓,DHL,北京,30,26.72,4649.28,8.43,121.5
2024-10,深圳仓,FedEx,西安,35,5.22,2518.65,29.21,103.24
2024-10,深圳仓,FedEx,杭州,16,6.88,2456.16,24.99,81.8
2024-10,深圳仓,FedEx,上海,50,30.0,2850.0,19.4,95.7
2024-11,深圳仓,FedEx,Seoul,24,8.18,3705.54,28.43,8.27
2024-11,深圳仓,FedEx,武汉,14,25.92,2090.88,7.49,97.1
2024-11,深圳仓,FedEx,杭州,30,11.06,4070.08,23.18,2.36
2024-11,深圳仓,FedEx,上海,38,18.0,3870.0,15.73,71.4
2024-11,深圳仓,FedEx,南京,31,35.76,2386.98,24.61,20.37
2024-12,深圳仓,FedEx,Los Angeles,8,7.92,266.64,9.04,12.81
2024-12,深圳仓,FedEx,武汉,19,7.24,6429.12,10.43,127.94
2024-12,深圳仓,FedEx,成都,15,9.54,5981.58,25.05,87.39
2024-12,深圳仓,FedEx,南京,15,25.8,2330.6,9.59,16.8
2024-12,深圳仓,FedEx,Singapore,20,21.0,1039.5,25.09,195.08
2025-01,深圳仓,FedEx,Seoul,10,17.44,7071.92,21.44,61.4
2025-01,深圳仓,FedEx,杭州,44,1.5,673.5,6.55,195.62
2025-01,深圳仓,FedEx,成都,20,24.69,1004.06,9.44,63.59
2025-02,深圳仓,FedEx,武汉,33,32.84,2307.01,16.76,144.88
2025-02,深圳仓,FedEx,成都,40,30.7,2474.42,8.38,164.17
2025-02,深圳仓,FedEx,南京,17,7.5,2340.0,9.12,181.64
2025-03,深圳仓,FedEx,重庆,44,9.97,5294.07,19.37,34.16
2025-03,深圳仓,FedEx,北京,31,19.64,3181.68,4.74,111.58
2025-03,深圳仓,FedEx,Frankfurt,33,9.0,6165.0,16.64,170.68
2025-03,深圳仓,FedEx,Singapore,22,4.6,602.6,12.85,66.8
2025-03,深圳仓,FedEx,Tokyo,38,1.62,601.02,18.98,87.19
2025-04,深圳仓,FedEx,成都,41,4.15,430.77,2.8,183.91
2025-04,深圳仓,FedEx,杭州,44,18.94,4583.48,29.37,90.05
2025-04,深圳仓,FedEx,西安,41,19.74,4612.58,22.23,29.94
2025-04,深圳仓,FedEx,重庆,5,8.0,2464.0,24.58,7.81
2025-04,深圳仓,FedEx,Frankfurt,34,9.1,5878.6,17.23,95.26
2025-05,深圳仓,FedEx,成都,14,5.34,608.76,24.15,101.51
2025-05,深圳仓,FedEx,Seoul,30,12.72,1001.7,4.94,113.18
2025-05,深圳仓,FedEx,南京,45,13.5,2319.3,26.43,148.33
2025-05,深圳仓,FedEx,上海,33,19.14,6699.0,18.7,24.18
2025-05,深圳仓,FedEx,Los Angeles,41,3.6,507.6,9.26,116.71
2025-06,深圳仓,FedEx,杭州,36,45.1,5448.08,7.03,140.04
2025-06,深圳仓,FedEx,上海,9,19.14,4057.68,27.45,73.58
2025-07,深圳仓,FedEx,武汉,14,33.4,4448.88,9.86,183.19
2025-07,深圳仓,FedEx,重庆,8,21.69,2262.99,15.56,69.87
2025-07,深圳仓,FedEx,Los Angeles,35,33.4,1043.75,15.17,65.9
2025-07,深圳仓,FedEx,上海,24,44.65,7572.64,14.81,40.04
2025-07,深圳仓,FedEx,Frankfurt,5,28.44,6835.08,18.95,143.37
2025-08,深圳仓,FedEx,深圳,24,8.11,1808.53,23.18,170.15
2025-08,深圳仓,FedEx,南京,20,35.55,2780.01,21.93,148.81
2025-09,深圳仓,FedEx,重庆,23,6.33,1301.87,14.29,91.42
2025-09,深圳仓,FedEx,成都,14,21.72,1194.6,22.31,119.4
2025-09,深圳仓,FedEx,武汉,36,14.85,1133.55,14.03,196.0
2025-09,深圳仓,FedEx,Frankfurt,32,17.28,5279.04,23.71,106.08
2025-10,深圳仓,FedEx,Tokyo,41,4.88,167.14,29.32,171.14
2025-10,深圳仓,FedEx,杭州,10,14.32,3179.04,11.99,128.5
2025-10,深圳仓,FedEx,成都,36,4.02,743.7,2.25,29.87
2025-10,深圳仓,FedEx,Frankfurt,25,37.6,1278.4,16.29,11.32
2025-10,深圳仓,FedEx,南京,15,28.38,3538.04,20.95,88.86
2025-11,深圳仓,FedEx,Tokyo,7,3.81,1988.82,19.29,169.57
2025-11,深圳仓,FedEx,Frankfurt,41,19.45,501.81,9.26,93.3
2025-11,深圳仓,FedEx,西安,33,41.55,3157.8,23.47,130.23
2024-10,广州仓,顺丰,广州,21,17.9,5289.45,21.72,192.74
2024-10,广州仓,顺丰,Tokyo,25,39.76,9502.64,23.94,136.12
2024-10,广州仓,顺丰,深圳,44,3.64,1652.56,29.09,186.69
2024-10,广州仓,顺丰,杭州,49,23.52,846.72,17.9,9.03
2024-11,广州仓,顺丰,上海,39,3.76,246.28,21.59,126.84
2024-11,广州仓,顺丰,南京,15,4.76,1297.1,2.34,139.82
2024-11,广州仓,顺丰,广州,43,49.25,6107.0,26.15,157.29
2024-11,广州仓,顺丰,成都,44,9.65,9437.7,4.42,55.51
2024-11,广州仓,顺丰,重庆,7,15.21,4446.39,19.73,150.63
2024-12,广州仓,顺丰,深圳,8,21.9,5810.8,22.22,182.58
2024-12,广州仓,顺丰,杭州,14,7.33,5622.11,27.2,159.94
2024-12,广州仓,顺丰,Seoul,43,13.6,560.32,3.03,126.77
2025-01,广州仓,顺丰,Seoul,32,26.19,5587.2,2.12,13.7
2025-01,广州仓,顺丰,Singapore,31,14.76,2686.32,10.96,134.52
2025-02,广州仓,顺丰,重庆,35,1.2,448.8,3.63,101.61
2025-02,广州仓,顺丰,武汉,24,5.59,3823.56,10.48,60.66
2025-02,广州仓,顺丰,杭州,13,8.95,216.59,16.17,184.1
2025-03,广州仓,顺丰,Seoul,29,3.88,876.88,29.39,61.89
2025-03,广州仓,顺丰,Frankfurt,41,9.7,6877.3,21.38,159.17
2025-03,广州仓,顺丰,南京,30,49.65,9224.97,19.33,85.9
2025-04,广州仓,顺丰,Frankfurt,16,8.9,1383.95,20.5,174.89
2025-04,广州仓,顺丰,南京,27,6.12,1279.08,8.39,114.15
2025-05,广州仓,顺丰,南京,42,7.27,1657.56,11.11,6.65
2025-05,广州仓,顺丰,重庆,7,31.65,3506.82,25.23,167.54
2025-06,广州仓,顺丰,Los Angeles,36,8.79,7928.58,13.55,102.84
2025-06,广州仓,顺丰,成都,15,7.22,4591.92,8.57,133.94
2025-07,广州仓,顺丰,Singapore,21,9.91,5093.74,21.84,169.85
2025-07,广州仓,顺丰,深圳,47,16.6,531.2,18.08,160.93
2025-07,广州仓,顺丰,Frankfurt,28,15.27,2865.67,10.23,77.83
2025-07,广州仓,顺丰,武汉,28,4.0,823.0,26.31,56.51
2025-07,广州仓,顺丰,Tokyo,37,7.24,191.86,18.72,97.17
2025-08,广州仓,顺丰,Frankfurt,12,11.91,1905.6,2.98,180.09
2025-08,广州仓,顺丰,武汉,39,10.72,3135.6,10.32,33.9
2025-08,广州仓,顺丰,上海,32,7.22,2342.89,14.7,197.49
2025-08,广州仓,顺丰,Tokyo,28,34.15,6372.39,16.73,114.85
2025-09,广州仓,顺丰,Los Angeles,15,2.09,1580.04,9.38,137.39
2025-09,广州仓,顺丰,杭州,40,3.64,381.29,19.09,29.54
2025-10,广州仓,顺丰,重庆,7,15.42,4464.09,21.81,79.75
2025-10,广州仓,顺丰,北京,15,28.26,8883.06,13.01,166.09
2025-10,广州仓,顺丰,武汉,6,31.6,837.4,9.03,106.43
2025-10,广州仓,顺丰,杭州,48,27.18,2346.54,5.62,66.75
2025-11,广州仓,顺丰,西安,34,23.95,2979.38,23.25,72.55
2025-11,广州仓,顺丰,广州,50,27.06,1858.12,14.52,38.55
2025-11,广州仓,顺丰,Los Angeles,25,20.31,2884.02,2.99,133.74
2025-11,广州仓,顺丰,Tokyo,9,14.64,2686.44,15.21,114.89
2025-11,广州仓,顺丰,Singapore,34,7.8,1778.4,3.83,6.34
2024-10,广州仓,德邦,上海,16,4.92,1364.48,23.7,128.33
2024-10,广州仓,德邦,Frankfurt,22,2.04,1740.12,20.98,3.11
2024-11,广州仓,德邦,北京,12,13.8,3567.3,10.73,135.46
2024-11,广州仓,德邦,西安,28,41.8,3344.0,23.03,69.85
2024-12,广州仓,德邦,上海,33,15.58,5624.38,14.2,67.02
2024-12,广州仓,德邦,西安,43,9.47,7452.89,6.21,48.87
2024-12,广州仓,德邦,成都,10,8.45,5154.5,19.9,124.18
2024-12,广州仓,德邦,深圳,28,1.48,116.18,23.04,188.12
2024-12,广州仓,德邦,Seoul,34,2.8,2615.2,24.1,40.05
2025-01,广州仓,德邦,武汉,44,31.56,5081.16,19.05,125.08
2025-01,广州仓,德邦,Seoul,40,2.8,688.8,28.35,79.66
2025-01,广州仓,德邦,Tokyo,37,20.64,4141.76,19.33,160.75
2025-01,广州仓,德邦,南京,18,15.42,3600.57,10.04,42.78
2025-01,广州仓,德邦,西安,28,9.14,2225.59,6.8,58.33
2025-02,广州仓,德邦,西安,48,16.14,2926.72,14.75,186.36
2025-02,广州仓,德邦,杭州,35,10.96,1627.56,16.43,161.74
2025-02,广州仓,德邦,重庆,32,2.25,697.5,14.54,72.25
2025-02,广州仓,德邦,Frankfurt,27,12.04,659.19,17.92,175.21
2025-03,广州仓,德邦,Tokyo,50,4.14,1651.86,25.4,69.7
2025-03,广州仓,德邦,武汉,25,38.4,7526.4,23.34,110.14
2025-03,广州仓,德邦,上海,46,9.96,1907.34,29.14,11.35
2025-04,广州仓,德邦,杭州,35,30.2,2755.75,19.78,181.44
2025-04,广州仓,德邦,重庆,23,13.5,3915.0,28.88,185.84
2025-04,广州仓,德邦,广州,13,10.74,1675.44,10.07,67.13
2025-04,广州仓,德邦,西安,15,10.76,1151.32,12.41,89.95
2025-05,广州仓,德邦,杭州,16,32.96,3015.84,8.77,38.64
2025-05,广州仓,德邦,深圳,33,6.52,831.3,23.65,187.22
2025-05,广州仓,德邦,成都,31,22.84,896.47,22.26,135.9
2025-05,广州仓,德邦,Singapore,40,49.75,4457.6,6.04,115.12
2025-05,广州仓,德邦,西安,34,9.55,9101.15,6.63,105.36
2025-06,广州仓,德邦,Frankfurt,8,11.36,2078.88,12.14,46.87
2025-06,广州仓,德邦,杭州,36,16.59,5043.36,21.79,80.48
2025-07,广州仓,德邦,Singapore,40,22.68,3704.4,8.16,40.25
2025-07,广州仓,德邦,Tokyo,41,32.2,1455.44,4.69,131.45
2025-07,广州仓,德邦,武汉,22,7.26,3139.95,13.54,168.77
2025-07,广州仓,德邦,南京,8,26.32,5204.78,11.35,109.55
2025-08,广州仓,德邦,成都,13,5.44,3182.4,21.27,46.93
2025-08,广州仓,德邦,西安,15,16.05,2990.65,4.0,40.97
2025-08,广州仓,德邦,武汉,38,2.37,270.18,6.51,155.34
2025-08,广州仓,德邦,Los Angeles,44,36.12,4226.04,5.56,180.0
2025-08,广州仓,德邦,Singapore,9,12.24,2613.24,25.56,59.7
2025-09,广州仓,德邦,深圳,11,3.14,1304.67,3.62,136.6
2025-09,广州仓,德邦,Frankfurt,9,27.9,5234.04,28.57,153.89
2025-09,广州仓,德邦,广州,42,23.61,5084.02,22.19,175.38
2025-09,广州仓,德邦,西安,12,12.9,2638.05,14.78,66.94
2025-09,广州仓,德邦,杭州,49,10.02,537.74,22.73,192.61
2025-10,广州仓,德邦,广州,13,19.5,3334.5,2.25,134.38
2025-10,广州仓,德邦,重庆,24,17.5,3227.0,11.71,186.91
2025-10,广州仓,德邦,杭州,13,27.27,8426.43,10.92,36.06
2025-10,广州仓,德邦,南京,28,37.48,3438.79,14.51,69.86
2025-11,广州仓,德邦,广州,22,17.92,8942.08,19.64,41.06
2025-11,广州仓,德邦,深圳,42,35.85,6374.13,20.02,24.39
2025-11,广州仓,德邦,Singapore,17,20.61,1442.7,19.8,22.84
2024-10,广州仓,京东物流,武汉,9,10.56,922.24,18.54,185.55
2024-10,广州仓,京东物流,Singapore,44,35.45,2261.71,29.91,20.88
2024-10,广州仓,京东物流,北京,43,18.04,3211.12,25.9,70.53
2024-10,广州仓,京东物流,南京,26,12.36,2218.62,6.75,85.63
2024-11,广州仓,京东物流,Frankfurt,41,17.35,2512.28,8.42,152.13
2024-11,广州仓,京东物流,上海,26,13.29,2861.78,27.24,185.62
2024-11,广州仓,京东物流,重庆,6,3.86,1626.99,15.68,96.22
2024-11,广州仓,京东物流,深圳,28,34.76,3649.8,11.87,193.09
2024-12,广州仓,京东物流,武汉,14,22.02,6995.02,29.78,118.54
2024-12,广州仓,京东物流,广州,49,14.98,5580.05,22.89,175.56
2024-12,广州仓,京东物流,西安,30,38.8,3352.32,9.37,114.53
2024-12,广州仓,京东物流,杭州,44,9.36,8377.2,15.73,86.87
2025-01,广州仓,京东物流,杭州,40,4.77,685.29,3.92,92.49
2025-01,广州仓,京东物流,上海,43,22.9,1488.5,8.14,100.68
2025-01,广州仓,京东物流,西安,21,39.75,858.6,15.1,109.91
2025-02,广州仓,京东物流,Seoul,40,3.42,360.24,11.22,197.62
2025-02,广州仓,京东物流,北京,6,15.09,1297.74,11.14,169.01
2025-02,广州仓,京东物流,Los Angeles,32,18.44,6684.5,2.47,56.78
2025-02,广州仓,京东物流,武汉,31,15.94,6814.35,20.24,191.5
2025-03,广州仓,京东物流,成都,41,8.47,6403.32,7.93,28.81
2025-03,广州仓,京东物流,Frankfurt,22,1.32,1184.04,14.06,72.78
2025-03,广州仓,京东物流,杭州,20,19.0,3629.0,5.23,102.36
2025-03,广州仓,京东物流,广州,14,33.88,7936.39,23.62,44.06
2025-03,广州仓,京东物流,Los Angeles,26,5.85,1249.95,11.57,128.49
2025-04,广州仓,京东物流,武汉,48,31.96,6911.35,22.76,57.62
2025-04,广州仓,京东物流,Frankfurt,36,9.69,1983.22,12.57,178.91
2025-04,广州仓,京东物流,上海,11,9.64,4728.42,21.3,52.72
2025-04,广州仓,京东物流,成都,36,1.64,646.16,26.12,95.89
2025-04,广州仓,京东物流,Singapore,17,3.93,947.13,23.33,1.7
2025-05,广州仓,京东物流,重庆,30,4.92,969.24,29.12,193.5
2025-05,广州仓,京东物流,Seoul,22,4.02,702.16,18.36,36.74
2025-05,广州仓,京东物流,杭州,17,1.27,806.45,11.32,12.56
2025-05,广州仓,京东物流,Singapore,46,11.84,3001.44,29.17,124.41
2025-06,广州仓,京东物流,Seoul,44,25.92,4335.12,5.6,81.24
2025-06,广州仓,京东物流,广州,13,25.68,834.6,24.99,144.32
2025-07,广州仓,京东物流,西安,25,27.42,6617.36,23.71,183.3
2025-07,广州仓,京东物流,成都,27,15.04,2327.44,24.4,95.75
2025-07,广州仓,京东物流,Seoul,29,1.23,248.46,28.77,23.05
2025-08,广州仓,京东物流,重庆,17,29.46,1610.48,17.49,82.65
2025-08,广州仓,京东物流,广州,31,5.11,3352.16,26.61,89.85
2025-08,广州仓,京东物流,武汉,11,17.1,6147.45,29.33,140.28
2025-08,广州仓,京东物流,Tokyo,9,3.12,695.76,13.82,15.08
2025-08,广州仓,京东物流,Frankfurt,48,14.04,1604.07,9.97,184.92
2025-09,广州仓,京东物流,广州,17,2.8,1265.6,28.15,108.87
2025-09,广州仓,京东物流,重庆,24,38.25,3243.6,23.73,89.53
2025-09,广州仓,京东物流,杭州,34,5.05,2954.25,6.39,23.99
2025-09,广州仓,京东物流,Tokyo,48,4.74,1373.02,27.8,94.78
2025-10,广州仓,京东物流,成都,39,15.48,3722.94,12.6,71.55
2025-10,广州仓,京东物流,深圳,48,17.61,2107.33,10.59,8.26
2025-11,广州仓,京东物流,北京,7,29.85,2776.05,28.48,0.32
2025-11,广州仓,京东物流,武汉,15,7.73,6794.67,21.29,138.53
2025-11,广州仓,京东物流,Tokyo,45,27.15,4787.45,9.04,60.89
2025-11,广州仓,京东物流,南京,31,13.52,1794.78,16.09,46.11
2025-11,广州仓,京东物流,Frankfurt,42,9.75,2096.25,21.19,43.11
2024-10,广州仓,中外运,Tokyo,7,5.84,843.88,16.39,20.03
2024-10,广州仓,中外运,Singapore,41,4.93,3391.84,12.27,36.31
2024-10,广州仓,中外运,上海,11,9.64,1706.28,25.37,78.73
2024-10,广州仓,中外运,南京,16,27.45,3943.65,20.89,98.84
2024-11,广州仓,中外运,Frankfurt,22,3.29,908.04,27.61,46.44
2024-11,广州仓,中外运,Los Angeles,5,3.38,1666.34,6.07,121.9
2024-12,广州仓,中外运,北京,44,19.56,4577.04,5.24,179.86
2024-12,广州仓,中外运,南京,17,31.8,4348.65,16.12,2.91
2024-12,广州仓,中外运,Singapore,26,15.0,870.0,19.97,33.84
2024-12,广州仓,中外运,杭州,47,18.94,8418.83,3.2,10.89
2025-01,广州仓,中外运,成都,13,0.97,539.32,23.86,111.89
2025-01,广州仓,中外运,Singapore,40,30.3,4557.12,10.98,126.04
2025-02,广州仓,中外运,西安,12,12.32,2929.08,10.78,107.0
2025-02,广州仓,中外运,上海,34,4.43,4430.0,4.83,90.85
2025-02,广州仓,中外运,Seoul,49,18.72,8835.84,15.78,10.44
2025-02,广州仓,中外运,广州,22,1.3,213.2,23.42,7.95
2025-03,广州仓,中外运,Frankfurt,37,1.56,385.32,28.29,121.87
2025-03,广州仓,中外运,成都,39,11.1,703.0,21.31,95.35
2025-03,广州仓,中外运,南京,24,29.85,2835.75,8.75,188.94
2025-04,广州仓,中外运,西安,39,9.15,1610.4,15.46,25.26
2025-04,广州仓,中外运,重庆,19,9.04,998.92,17.24,196.62
2025-04,广州仓,中外运,Frankfurt,35,18.8,1461.7,9.55,89.87
2025-04,广州仓,中外运,杭州,38,25.92,8432.64,28.42,189.39
2025-05,广州仓,中外运,武汉,33,28.95,1933.86,19.39,31.46
2025-05,广州仓,中外运,杭州,50,25.65,6412.5,19.27,83.08
2025-05,广州仓,中外运,Seoul,12,7.65,1015.92,18.16,17.05
2025-06,广州仓,中外运,Tokyo,21,5.49,2289.33,24.82,148.7
2025-06,广州仓,中外运,重庆,47,7.16,1460.64,16.21,177.89
2025-06,广州仓,中外运,北京,45,4.7,317.25,22.09,134.62
2025-06,广州仓,中外运,广州,19,1.9,563.35,19.51,97.5
2025-07,广州仓,中外运,北京,18,22.88,726.44,22.95,111.84
2025-07,广州仓,中外运,成都,47,15.48,3756.48,3.75,137.28
2025-07,广州仓,中外运,Tokyo,41,14.3,1387.1,15.79,176.7
2025-07,广州仓,中外运,重庆,21,9.15,6780.15,17.9,99.86
2025-08,广州仓,中外运,Singapore,24,5.48,1139.84,25.69,24.45
2025-08,广州仓,中外运,武汉,11,4.94,780.52,23.11,114.51
2025-08,广州仓,中外运,Frankfurt,15,0.51,370.26,13.83,139.9
2025-08,广州仓,中外运,广州,33,4.72,1087.96,25.58,21.05
2025-09,广州仓,中外运,武汉,11,35.72,2259.29,19.8,71.43
2025-09,广州仓,中外运,北京,38,4.24,1587.88,7.75,28.01
2025-09,广州仓,中外运,Los Angeles,17,21.04,4749.78,22.38,146.18
2025-09,广州仓,中外运,Frankfurt,50,10.1,4630.85,4.09,22.88
2025-10,广州仓,中外运,广州,31,4.44,2912.64,14.74,198.64
2025-10,广州仓,中外运,Tokyo,36,22.65,2110.98,14.77,137.58
2025-11,广州仓,中外运,重庆,30,3.46,2833.74,4.32,21.04
2025-11,广州仓,中外运,Frankfurt,49,15.36,537.6,7.48,97.25
2025-11,广州仓,中外运,北京,36,48.3,2627.52,20.09,101.57
2025-11,广州仓,中外运,Los Angeles,26,6.57,2183.43,10.15,108.74
2025-11,广州仓,中外运,武汉,16,2.1,652.4,11.19,161.87
2024-10,广州仓,DHL,重庆,18,5.84,318.28,20.92,72.25
2024-10,广州仓,DHL,Singapore,43,7.77,2059.05,21.52,27.04
2024-11,广州仓,DHL,南京,38,2.89,410.38,25.24,190.82
2024-11,广州仓,DHL,上海,15,20.31,3229.29,26.33,74.13
2024-11,广州仓,DHL,杭州,18,7.07,4114.74,19.13,28.16
2024-12,广州仓,DHL,广州,32,26.58,4297.1,11.29,174.72
2024-12,广州仓,DHL,Singapore,44,19.16,3434.43,23.26,177.08
2024-12,广州仓,DHL,Tokyo,47,5.06,2924.68,5.29,28.02
2024-12,广州仓,DHL,上海,44,27.18,6169.86,11.23,163.39
2024-12,广州仓,DHL,Frankfurt,41,4.59,3231.36,9.6,2.82
2025-01,广州仓,DHL,成都,36,5.43,2530.38,16.62,20.33
2025-01,广州仓,DHL,Los Angeles,26,34.8,2662.2,21.02,59.65
2025-01,广州仓,DHL,上海,9,17.0,2312.0,7.0,64.46
2025-01,广州仓,DHL,西安,38,0.76,680.96,5.56,100.05
2025-02,广州仓,DHL,杭州,46,28.6,5369.65,28.6,99.41
2025-02,广州仓,DHL,上海,6,26.4,7136.8,19.53,70.58
2025-03,广州仓,DHL,西安,15,3.32,1060.74,11.52,9.36
2025-03,广州仓,DHL,南京,43,5.67,5420.52,29.33,154.1
2025-03,广州仓,DHL,Seoul,17,31.16,7673.15,23.72,20.74
2025-03,广州仓,DHL,武汉,24,2.24,1211.84,11.6,60.55
2025-04,广州仓,DHL,北京,40,19.26,5180.94,6.8,115.5
2025-04,广州仓,DHL,武汉,32,5.0,1265.0,15.66,99.89
2025-04,广州仓,DHL,上海,11,34.55,6260.46,21.93,27.78
2025-04,广州仓,DHL,Frankfurt,9,8.34,2193.42,10.85,179.92
2025-04,广州仓,DHL,重庆,29,6.78,3176.43,11.2,93.0
2025-05,广州仓,DHL,北京,24,4.56,1874.16,2.39,80.98
2025-05,广州仓,DHL,Los Angeles,27,3.74,2655.4,19.84,158.49
2025-05,广州仓,DHL,成都,6,21.39,6709.33,28.93,111.28
2025-05,广州仓,DHL,南京,23,3.51,361.53,26.53,32.46
2025-05,广州仓,DHL,杭州,39,9.21,2434.51,16.82,0.67
2025-06,广州仓,DHL,北京,41,14.6,5956.8,28.39,64.87
2025-06,广州仓,DHL,西安,44,1.28,286.72,18.14,196.9
2025-07,广州仓,DHL,成都,23,4.89,1036.68,15.22,80.3
2025-07,广州仓,DHL,Los Angeles,26,16.24,1019.06,17.37,64.47
2025-07,广州仓,DHL,北京,15,15.72,4721.24,6.25,66.44
2025-08,广州仓,DHL,Singapore,17,4.08,424.32,9.37,136.92
2025-08,广州仓,DHL,Los Angeles,9,12.12,3781.44,4.5,25.93
2025-09,广州仓,DHL,重庆,17,8.65,6383.7,19.03,29.24
2025-09,广州仓,DHL,北京,5,35.2,3245.44,29.71,157.39
2025-10,广州仓,DHL,广州,30,7.34,3303.0,23.95,173.9
2025-10,广州仓,DHL,杭州,5,16.62,3756.12,27.19,124.58
2025-10,广州仓,DHL,西安,18,17.92,1240.96,28.48,7.74
2025-10,广州仓,DHL,南京,49,3.24,819.72,21.29,186.0
2025-11,广州仓,DHL,北京,26,26.28,7901.52,15.52,72.42
2025-11,广州仓,DHL,上海,24,7.76,1272.64,28.86,131.12
2025-11,广州仓,DHL,深圳,48,18.09,1242.18,22.57,132.58
2024-10,广州仓,FedEx,成都,15,4.34,1115.38,5.08,86.77
2024-10,广州仓,FedEx,Seoul,19,1.58,504.81,6.17,18.3
2024-10,广州仓,FedEx,Frankfurt,11,14.85,2215.62,26.83,26.93
2024-11,广州仓,FedEx,杭州,39,5.6,1579.2,24.39,61.57
2024-11,广州仓,FedEx,Frankfurt,10,11.36,355.0,28.46,0.09
2024-12,广州仓,FedEx,广州,21,21.28,4500.72,3.13,70.39
2024-12,广州仓,FedEx,Seoul,25,8.48,3146.08,13.83,69.32
2024-12,广州仓,FedEx,南京,42,1.75,649.25,7.91,38.27
2024-12,广州仓,FedEx,上海,26,5.35,775.75,3.75,174.49
2025-01,广州仓,FedEx,武汉,14,36.95,3813.24,9.47,40.83
2025-01,广州仓,FedEx,上海,37,17.88,1478.08,22.04,144.56
2025-01,广州仓,FedEx,Seoul,7,4.6,362.48,10.74,10.48
2025-01,广州仓,FedEx,广州,23,12.0,1135.2,15.65,77.61
2025-01,广州仓,FedEx,Tokyo,48,3.66,1784.25,4.08,84.31
2025-02,广州仓,FedEx,广州,14,15.48,2314.26,7.93,66.95
2025-02,广州仓,FedEx,武汉,43,19.5,6149.0,12.51,17.42
2025-02,广州仓,FedEx,北京,28,22.76,3021.39,4.36,34.45
2025-02,广州仓,FedEx,Tokyo,43,1.75,498.75,6.9,161.48
2025-03,广州仓,FedEx,武汉,17,3.8,1402.2,9.73,87.92
2025-03,广州仓,FedEx,Seoul,11,15.9,1918.6,19.42,122.2
2025-03,广州仓,FedEx,重庆,10,6.95,460.09,26.01,52.97
2025-03,广州仓,FedEx,南京,27,13.86,2337.72,28.38,114.11
2025-03,广州仓,FedEx,成都,34,10.52,1662.16,19.72,135.39
2025-04,广州仓,FedEx,Tokyo,14,3.02,200.83,29.18,164.36
2025-04,广州仓,FedEx,Los Angeles,46,28.74,1274.14,25.4,107.26
2025-04,广州仓,FedEx,南京,31,49.9,1836.32,17.4,85.78
2025-04,广州仓,FedEx,西安,31,4.77,189.21,16.32,179.83
2025-05,广州仓,FedEx,Tokyo,29,5.26,781.11,21.8,113.15
2025-05,广州仓,FedEx,广州,48,4.46,1717.1,22.47,148.31
2025-05,广州仓,FedEx,南京,37,10.02,3221.43,26.03,16.67
2025-05,广州仓,FedEx,重庆,7,5.21,3532.38,22.42,129.39
2025-06,广州仓,FedEx,上海,11,28.5,5318.1,4.29,73.66
2025-06,广州仓,FedEx,西安,47,3.56,330.19,15.92,52.34
2025-06,广州仓,FedEx,深圳,34,23.1,4190.34,5.89,59.43
2025-06,广州仓,FedEx,Los Angeles,48,6.44,750.26,27.48,78.3
2025-07,广州仓,FedEx,深圳,46,2.18,404.39,4.87,196.94
2025-07,广州仓,FedEx,Los Angeles,25,4.38,1843.98,18.68,35.18
2025-07,广州仓,FedEx,西安,9,5.82,599.46,24.44,149.16
2025-08,广州仓,FedEx,Singapore,35,8.52,5469.84,24.3,134.63
2025-08,广州仓,FedEx,成都,13,6.72,396.48,12.01,6.54
2025-09,广州仓,FedEx,Frankfurt,40,8.74,2980.34,28.08,94.97
2025-09,广州仓,FedEx,深圳,46,23.6,5221.5,17.53,62.46
2025-10,广州仓,FedEx,杭州,25,3.76,2564.32,26.2,179.57
2025-10,广州仓,FedEx,西安,14,13.44,2204.16,15.87,127.54
2025-10,广州仓,FedEx,成都,28,14.7,3381.0,15.23,48.2
2025-10,广州仓,FedEx,北京,34,16.76,3519.6,25.69,150.29
2025-11,广州仓,FedEx,杭州,14,37.96,7724.86,5.27,6.48
2025-11,广州仓,FedEx,成都,48,21.04,583.86,12.99,69.78
2025-11,广州仓,FedEx,上海,31,11.13,2730.56,29.11,59.16
2025-11,广州仓,FedEx,Frankfurt,43,8.64,4224.96,11.96,67.79
2025-11,广州仓,FedEx,重庆,32,12.06,3971.76,18.62,114.8
2024-10,成都仓,顺丰,Los Angeles,39,21.15,1332.45,3.62,167.82
2024-10,成都仓,顺丰,深圳,45,18.08,1889.36,3.44,140.16
2024-10,成都仓,顺丰,南京,17,2.24,493.36,4.79,174.53
2024-11,成都仓,顺丰,重庆,28,16.98,1788.56,26.01,1.0
2024-11,成都仓,顺丰,杭州,23,5.98,2377.05,13.13,16.93
2024-12,成都仓,顺丰,Frankfurt,17,17.92,6334.72,13.64,86.05
2024-12,成都仓,顺丰,西安,30,10.04,1167.15,15.42,120.99
2024-12,成都仓,顺丰,Tokyo,46,48.45,6666.72,19.01,105.27
2024-12,成都仓,顺丰,Singapore,37,3.6,702.0,12.54,51.41
2024-12,成都仓,顺丰,重庆,48,33.2,5677.2,14.45,150.16
2025-01,成都仓,顺丰,广州,44,0.7,167.3,2.88,129.58
2025-01,成都仓,顺丰,Tokyo,39,7.85,3265.6,4.73,89.15
2025-02,成都仓,顺丰,成都,18,3.92,2936.08,9.64,92.29
2025-02,成都仓,顺丰,南京,27,3.81,469.9,11.42,153.47
2025-02,成都仓,顺丰,Tokyo,14,29.95,4462.55,16.8,182.3
2025-03,成都仓,顺丰,Singapore,23,31.5,3515.4,6.18,135.47
2025-03,成都仓,顺丰,Frankfurt,17,10.41,1648.25,22.93,141.44
2025-03,成都仓,顺丰,Tokyo,42,29.36,807.4,21.34,77.95
2025-03,成都仓,顺丰,西安,15,17.15,600.25,17.96,179.31
2025-04,成都仓,顺丰,北京,35,1.58,516.66,17.68,68.81
2025-04,成都仓,顺丰,成都,40,29.04,9370.24,8.8,198.61
2025-04,成都仓,顺丰,武汉,15,26.64,1971.36,16.3,127.05
2025-05,成都仓,顺丰,南京,14,9.76,1259.04,2.32,138.03
2025-05,成都仓,顺丰,Los Angeles,44,12.86,4455.99,18.59,102.19
2025-05,成都仓,顺丰,武汉,23,14.28,3431.96,22.65,112.58
2025-05,成都仓,顺丰,深圳,31,1.15,862.5,19.2,106.65
2025-06,成都仓,顺丰,Singapore,12,2.16,1870.56,8.27,139.14
2025-06,成都仓,顺丰,西安,7,5.92,2865.28,10.68,158.48
2025-06,成都仓,顺丰,南京,48,16.44,1002.84,13.99,133.4
2025-06,成都仓,顺丰,杭州,25,9.45,8410.5,12.23,43.37
2025-06,成都仓,顺丰,重庆,37,28.41,3731.18,23.26,145.56
2025-07,成都仓,顺丰,重庆,25,4.34,822.43,19.88,73.99
2025-07,成都仓,顺丰,Singapore,32,9.3,7653.9,9.44,123.07
2025-08,成都仓,顺丰,北京,44,0.56,538.72,20.69,186.4
2025-08,成都仓,顺丰,Singapore,27,15.96,6495.72,3.49,113.23
2025-08,成都仓,顺丰,杭州,19,10.11,566.16,8.74,73.2
2025-09,成都仓,顺丰,广州,10,23.58,7474.86,14.04,84.37
2025-09,成都仓,顺丰,Frankfurt,48,37.88,4895.99,17.31,131.06
2025-09,成都仓,顺丰,北京,32,6.39,847.74,6.43,107.18
2025-09,成都仓,顺丰,Los Angeles,48,27.6,7820.0,19.47,89.27
2025-10,成都仓,顺丰,北京,34,7.53,3508.98,5.03,66.04
2025-10,成都仓,顺丰,成都,7,2.48,773.76,11.08,25.82
2025-11,成都仓,顺丰,武汉,38,20.55,2819.46,28.83,105.32
2025-11,成都仓,顺丰,Seoul,42,2.52,253.68,18.2,43.21
2024-10,成都仓,德邦,Singapore,33,17.0,805.8,29.11,146.4
2024-10,成都仓,德邦,西安,35,22.83,4436.63,9.63,107.02
2024-10,成都仓,德邦,上海,41,12.3,2853.6,15.95,145.69
2024-10,成都仓,德邦,北京,7,9.44,4408.48,4.38,102.09
2024-10,成都仓,德邦,Tokyo,37,12.24,2749.92,15.57,57.06
2024-11,成都仓,德邦,深圳,24,7.26,3408.57,2.89,74.18
2024-11,成都仓,德邦,Los Angeles,16,8.01,3652.56,3.68,174.31
2024-11,成都仓,德邦,Seoul,40,21.78,1510.08,8.91,83.72
2024-11,成都仓,德邦,Frankfurt,49,11.25,1488.75,24.91,188.3
2024-11,成都仓,德邦,北京,27,9.34,9134.52,8.6,140.53
2024-12,成都仓,德邦,深圳,42,11.97,841.89,18.13,183.73
2024-12,成都仓,德邦,Tokyo,28,7.99,6631.7,27.25,149.31
2025-01,成都仓,德邦,广州,40,5.42,902.43,20.84,106.21
2025-01,成都仓,德邦,重庆,39,4.6,433.55,5.37,57.2
2025-01,成都仓,德邦,Frankfurt,27,4.12,479.98,28.19,127.35
2025-01,成都仓,德邦,北京,46,7.68,1868.8,22.93,89.18
2025-01,成都仓,德邦,武汉,50,7.32,1625.04,11.16,59.26
2025-02,成都仓,德邦,重庆,12,18.6,2467.6,19.71,167.31
2025-02,成都仓,德邦,Frankfurt,21,9.83,6104.43,17.99,6.21
2025-02,成都仓,德邦,杭州,25,25.96,5633.32,4.75,162.38
2025-02,成都仓,德邦,深圳,33,4.53,323.14,23.45,101.44
2025-03,成都仓,德邦,Singapore,48,6.34,1147.54,3.58,199.74
2025-03,成都仓,德邦,南京,18,44.95,7021.19,6.67,31.21
2025-03,成都仓,德邦,杭州,43,17.24,1741.24,19.81,142.14
2025-03,成都仓,德邦,Tokyo,24,3.87,152.22,14.27,100.84
2025-03,成都仓,德邦,广州,41,1.73,544.95,3.23,21.04
2025-04,成都仓,德邦,杭州,15,13.96,1497.21,28.12,94.44
2025-04,成都仓,德邦,深圳,48,8.01,1201.5,17.54,86.94
2025-04,成都仓,德邦,上海,30,3.37,967.19,14.46,157.28
2025-04,成都仓,德邦,广州,12,23.08,4437.13,21.03,94.34
2025-04,成都仓,德邦,Seoul,40,9.16,1914.44,20.0,6.01
2025-05,成都仓,德邦,北京,8,15.76,7320.52,25.1,60.43
2025-05,成都仓,德邦,Singapore,10,7.98,5530.14,22.17,49.66
2025-06,成都仓,德邦,深圳,42,1.66,622.5,24.89,135.07
2025-06,成都仓,德邦,上海,20,22.36,2157.74,24.02,181.95
2025-07,成都仓,德邦,深圳,21,27.05,1044.13,2.69,166.26
2025-07,成都仓,德邦,Frankfurt,29,26.34,1641.86,6.12,63.56
2025-08,成都仓,德邦,Frankfurt,15,25.7,3084.0,6.04,32.47
2025-08,成都仓,德邦,成都,40,26.68,2347.84,10.96,36.89
2025-08,成都仓,德邦,上海,42,8.7,800.4,14.3,118.11
2025-08,成都仓,德邦,杭州,14,20.97,6242.07,6.16,82.82
2025-09,成都仓,德邦,深圳,5,2.48,1292.08,3.13,104.71
2025-09,成都仓,德邦,武汉,33,29.48,3589.19,16.24,28.55
2025-10,成都仓,德邦,北京,38,22.32,4369.14,22.52,39.94
2025-10,成都仓,德邦,Singapore,28,4.59,1331.1,28.29,54.12
2025-10,成都仓,德邦,Seoul,47,0.87,221.85,23.78,190.33
2025-10,成都仓,德邦,广州,26,16.95,2440.8,6.56,72.47
2025-11,成都仓,德邦,Seoul,37,5.35,3070.9,19.54,90.27
2025-11,成都仓,德邦,深圳,28,28.44,3938.94,13.92,9.58
2025-11,成都仓,德邦,成都,26,12.0,342.0,7.15,93.24
2025-11,成都仓,德邦,北京,48,39.8,5402.85,4.39,133.6
2024-10,成都仓,京东物流,Singapore,34,9.19,2637.53,29.6,51.87
2024-10,成都仓,京东物流,Seoul,43,4.5,1251.0,19.31,94.9
2024-11,成都仓,京东物流,Singapore,29,12.2,5453.4,20.12,26.83
2024-11,成都仓,京东物流,上海,7,4.36,595.14,10.18,28.14
2024-11,成都仓,京东物流,Frankfurt,35,2.71,924.11,14.72,169.29
2024-12,成都仓,京东物流,南京,21,4.4,1773.2,11.31,40.05
2024-12,成都仓,京东物流,广州,15,10.98,1976.4,9.78,148.73
2024-12,成都仓,京东物流,Frankfurt,27,25.55,3832.5,22.08,33.87
2025-01,成都仓,京东物流,成都,21,10.62,3150.6,5.07,167.68
2025-01,成都仓,京东物流,北京,17,8.56,1600.72,20.51,119.73
2025-01,成都仓,京东物流,Singapore,49,19.59,6196.97,20.93,44.45
2025-01,成都仓,京东物流,上海,38,7.52,836.6,22.94,56.47
2025-02,成都仓,京东物流,Tokyo,12,18.96,6958.32,22.4,135.55
2025-02,成都仓,京东物流,广州,28,2.62,765.04,16.77,130.13
2025-02,成都仓,京东物流,上海,16,12.2,2254.56,21.23,15.05
2025-02,成都仓,京东物流,南京,17,4.0,764.0,6.22,180.07
2025-03,成都仓,京东物流,Singapore,46,27.56,2383.94,6.04,196.59
2025-03,成都仓,京东物流,Frankfurt,18,37.76,5107.04,20.45,168.24
2025-04,成都仓,京东物流,Seoul,50,8.08,3292.6,22.93,136.61
2025-04,成都仓,京东物流,Frankfurt,9,29.01,1721.26,28.58,100.44
2025-05,成都仓,京东物流,Tokyo,20,7.35,845.25,4.64,20.12
2025-05,成都仓,京东物流,成都,20,9.42,1290.54,13.51,78.1
2025-05,成都仓,京东物流,Frankfurt,46,14.2,2747.7,23.58,12.06
2025-05,成都仓,京东物流,武汉,11,20.43,4358.4,8.94,109.64
2025-06,成都仓,京东物流,深圳,10,18.04,6584.6,3.11,122.99
2025-06,成都仓,京东物流,西安,11,7.37,5424.32,17.21,192.22
2025-06,成都仓,京东物流,Tokyo,47,7.34,2179.98,17.81,80.89
2025-07,成都仓,京东物流,西安,39,19.17,1923.39,29.22,172.74
2025-07,成都仓,京东物流,Seoul,22,6.8,1191.36,9.97,46.74
2025-07,成都仓,京东物流,南京,36,13.53,3878.6,15.21,166.91
2025-07,成都仓,京东物流,广州,8,20.52,5978.16,25.15,133.2
2025-07,成都仓,京东物流,Los Angeles,15,13.86,3929.31,5.23,73.98
2025-08,成都仓,京东物流,广州,42,7.83,3507.84,16.81,194.04
2025-08,成都仓,京东物流,南京,24,32.44,8053.23,20.71,183.78
2025-08,成都仓,京东物流,北京,17,11.7,813.15,21.08,66.12
2025-08,成都仓,京东物流,西安,17,25.32,1890.56,15.91,112.61
2025-09,成都仓,京东物流,Frankfurt,40,4.58,283.96,19.63,73.5
2025-09,成都仓,京东物流,Tokyo,21,19.04,1380.4,28.65,116.58
2025-09,成都仓,京东物流,深圳,5,1.87,1200.54,27.46,180.79
2025-09,成都仓,京东物流,重庆,31,10.38,2200.56,24.27,161.97
2025-09,成都仓,京东物流,西安,43,21.87,7202.52,19.61,141.18
2025-10,成都仓,京东物流,成都,37,4.5,324.0,16.94,62.37
2025-10,成都仓,京东物流,南京,23,17.12,2294.08,16.95,2.88
2025-10,成都仓,京东物流,Los Angeles,14,21.64,4484.89,19.2,12.58
2025-10,成都仓,京东物流,西安,43,8.6,7052.0,29.25,92.61
2025-11,成都仓,京东物流,Singapore,19,23.2,2233.0,10.72,138.96
2025-11,成都仓,京东物流,深圳,41,24.57,2653.56,4.94,153.64
2024-10,成都仓,中外运,重庆,9,3.18,2442.24,4.23,186.43
2024-10,成都仓,中外运,广州,41,6.96,1374.6,7.08,156.77
2024-10,成都仓,中外运,上海,10,12.96,2747.52,11.08,90.96
2024-10,成都仓,中外运,深圳,37,3.32,1822.68,27.99,127.77
2024-11,成都仓,中外运,重庆,36,12.6,844.2,7.24,146.54
2024-11,成都仓,中外运,Tokyo,44,27.78,3907.72,9.08,86.68
2024-11,成都仓,中外运,武汉,43,27.6,6423.9,19.95,11.91
2024-12,成都仓,中外运,广州,39,38.6,2424.08,18.33,173.32
2024-12,成都仓,中外运,杭州,27,22.98,7430.2,8.91,6.38
2024-12,成都仓,中外运,成都,38,3.18,807.72,25.65,88.52
2024-12,成都仓,中外运,武汉,28,3.51,758.16,7.56,13.64
2025-01,成都仓,中外运,广州,32,15.87,4676.36,11.72,181.57
2025-01,成都仓,中外运,Tokyo,41,21.72,6595.64,18.33,182.46
2025-01,成都仓,中外运,武汉,26,8.66,2368.51,27.62,123.13
2025-02,成都仓,中外运,成都,25,19.86,1158.5,15.56,185.11
2025-02,成都仓,中外运,杭州,8,9.57,8019.66,6.62,183.14
2025-02,成都仓,中外运,Frankfurt,47,14.1,2554.92,24.17,83.33
2025-03,成都仓,中外运,Seoul,18,7.91,5252.24,26.55,100.96
2025-03,成都仓,中外运,Singapore,22,2.18,1658.98,5.48,98.59
2025-03,成都仓,中外运,Frankfurt,22,28.2,4927.95,10.33,73.97
2025-03,成都仓,中外运,深圳,23,42.8,2251.28,27.34,186.03
2025-03,成都仓,中外运,Tokyo,40,12.56,637.42,15.68,170.08
2025-04,成都仓,中外运,上海,48,27.65,3522.61,17.24,180.79
2025-04,成都仓,中外运,广州,7,12.78,4447.44,25.92,45.52
2025-04,成都仓,中外运,成都,38,9.0,607.5,14.55,89.79
2025-04,成都仓,中外运,杭州,39,2.84,180.34,29.97,152.88
2025-05,成都仓,中外运,Los Angeles,5,14.04,1141.92,4.92,54.58
2025-05,成都仓,中外运,西安,13,9.66,2572.78,14.98,7.05
2025-05,成都仓,中外运,Tokyo,34,11.84,1610.24,14.59,89.97
2025-05,成都仓,中外运,Singapore,43,13.78,3589.69,2.57,173.43
2025-06,成都仓,中外运,广州,11,4.69,2124.57,21.01,48.59
2025-06,成都仓,中外运,深圳,44,39.68,3799.36,23.49,70.5
2025-06,成都仓,中外运,Singapore,16,20.04,3607.2,26.66,62.54
2025-06,成都仓,中外运,北京,24,5.57,4132.94,25.58,97.16
2025-07,成都仓,中外运,杭州,43,21.0,2541.0,6.87,141.38
2025-07,成都仓,中外运,西安,34,23.04,3824.64,5.02,151.81
2025-08,成都仓,中外运,Los Angeles,10,15.08,2239.38,5.15,138.09
2025-08,成都仓,中外运,杭州,7,31.88,6766.53,20.87,91.06
2025-08,成都仓,中外运,重庆,41,9.78,2577.03,9.94,95.74
2025-09,成都仓,中外运,武汉,8,1.38,1258.56,14.31,140.18
2025-09,成都仓,中外运,Seoul,39,18.82,941.0,13.48,54.85
2025-09,成都仓,中外运,南京,29,9.03,6935.04,7.81,161.45
2025-10,成都仓,中外运,广州,48,14.56,1230.32,17.97,20.58
2025-10,成都仓,中外运,成都,18,10.6,347.15,21.94,112.78
2025-10,成都仓,中外运,Tokyo,19,5.76,175.68,21.52,135.8
2025-11,成都仓,中外运,南京,36,4.29,1613.04,27.69,36.03
2025-11,成都仓,中外运,北京,23,5.74,4408.32,2.57,164.98
2025-11,成都仓,中外运,上海,30,18.96,2900.88,26.27,180.5
2025-11,成都仓,中外运,Tokyo,39,18.06,1089.62,10.29,61.6
2025-11,成都仓,中外运,Seoul,18,3.35,2921.2,11.63,101.76
2024-10,成都仓,DHL,Singapore,42,12.48,2803.84,29.7,45.65
2024-10,成都仓,DHL,西安,16,9.6,7795.2,16.97,43.35
2024-10,成都仓,DHL,Seoul,50,5.41,3467.81,9.11,186.36
2024-10,成都仓,DHL,武汉,19,1.34,933.98,9.25,199.16
2024-11,成都仓,DHL,南京,30,7.25,613.35,4.76,41.52
2024-11,成都仓,DHL,西安,33,16.84,4445.76,11.49,97.03
2024-12,成都仓,DHL,北京,6,7.74,4690.44,20.89,183.64
2024-12,成都仓,DHL,Seoul,11,5.04,225.54,21.63,18.65
2024-12,成都仓,DHL,杭州,45,3.88,456.87,11.42,89.85
2025-01,成都仓,DHL,深圳,48,11.96,3988.66,11.32,51.91
2025-01,成都仓,DHL,北京,35,25.68,4151.6,2.37,55.51
2025-01,成都仓,DHL,Tokyo,29,22.92,6203.68,10.32,42.82
2025-01,成都仓,DHL,广州,43,4.71,1874.58,7.36,84.95
2025-02,成都仓,DHL,南京,9,13.17,3454.93,2.85,65.64
2025-02,成都仓,DHL,Los Angeles,49,1.16,1031.24,18.58,42.07
2025-02,成都仓,DHL,成都,15,29.1,1067.0,10.49,199.01
2025-02,成都仓,DHL,上海,37,2.56,135.04,4.55,164.29
2025-02,成都仓,DHL,杭州,23,3.94,447.19,8.02,110.5
2025-03,成都仓,DHL,Singapore,42,2.39,1534.38,2.72,48.08
2025-03,成都仓,DHL,成都,18,0.87,195.75,8.57,46.51
2025-03,成都仓,DHL,上海,24,23.61,2140.64,6.85,55.73
2025-03,成都仓,DHL,杭州,44,6.3,3150.0,27.3,163.2
2025-03,成都仓,DHL,Tokyo,35,9.6,3096.0,26.49,43.45
2025-04,成都仓,DHL,南京,49,27.48,6794.43,15.87,196.09
2025-04,成都仓,DHL,Los Angeles,13,28.47,1660.75,5.6,14.19
2025-04,成都仓,DHL,西安,26,7.32,940.62,10.38,42.04
2025-04,成都仓,DHL,广州,37,5.15,1009.4,10.31,118.38
2025-05,成都仓,DHL,武汉,33,42.65,6116.01,22.29,38.02
2025-05,成都仓,DHL,西安,44,17.64,5780.04,17.51,194.73
2025-05,成都仓,DHL,Seoul,26,27.36,1760.16,3.52,20.39
2025-05,成都仓,DHL,杭州,18,7.02,6065.28,19.18,18.7
2025-06,成都仓,DHL,深圳,12,12.94,1520.45,28.08,23.76
2025-06,成都仓,DHL,南京,48,1.71,197.22,9.07,157.84
2025-07,成都仓,DHL,重庆,38,31.24,1718.2,10.02,67.1
2025-07,成都仓,DHL,Tokyo,50,10.04,4528.04,20.99,120.67
2025-07,成都仓,DHL,上海,12,35.84,6316.8,21.75,105.75
2025-07,成都仓,DHL,Frankfurt,39,7.28,2140.32,18.65,65.63
2025-08,成都仓,DHL,西安,20,4.32,2021.76,19.62,140.46
2025-08,成都仓,DHL,北京,29,32.45,3394.27,14.36,42.35
2025-09,成都仓,DHL,北京,31,20.92,2939.26,21.08,98.9
2025-09,成都仓,DHL,成都,9,22.08,4399.44,16.56,180.12
2025-10,成都仓,DHL,Seoul,27,0.68,609.96,18.48,118.45
2025-10,成都仓,DHL,广州,33,12.54,2545.62,29.23,146.76
2025-10,成都仓,DHL,Singapore,30,3.12,691.6,16.34,120.05
2025-10,成都仓,DHL,南京,35,10.65,2240.05,23.25,80.17
2025-10,成都仓,DHL,成都,6,6.66,1394.16,12.2,188.82
2025-11,成都仓,DHL,Los Angeles,41,8.06,2047.24,20.08,28.37
2025-11,成都仓,DHL,杭州,42,26.12,2931.97,12.47,172.51
2025-11,成都仓,DHL,成都,22,14.82,4347.2,8.78,160.85
2024-10,成都仓,FedEx,Seoul,23,9.21,6299.64,17.45,35.36
2024-10,成都仓,FedEx,Tokyo,44,5.13,1441.53,5.43,129.68
2024-10,成都仓,FedEx,上海,50,30.65,3359.24,27.15,180.69
2024-10,成都仓,FedEx,西安,36,5.0,586.25,22.97,179.29
2024-11,成都仓,FedEx,Seoul,13,16.41,1991.08,3.53,160.59
2024-11,成都仓,FedEx,北京,17,3.32,217.46,3.36,30.65
2024-11,成都仓,FedEx,杭州,7,23.2,4210.8,6.19,47.1
2024-12,成都仓,FedEx,北京,37,15.88,2727.39,29.9,71.37
2024-12,成都仓,FedEx,Los Angeles,45,17.25,4559.75,24.5,18.62
2025-01,成都仓,FedEx,武汉,27,1.12,861.28,5.23,5.23
2025-01,成都仓,FedEx,Singapore,31,9.49,8085.48,10.36,38.17
2025-01,成都仓,FedEx,上海,12,7.68,929.28,11.65,147.59
2025-01,成都仓,FedEx,南京,22,3.63,1807.74,14.4,196.56
2025-01,成都仓,FedEx,成都,25,9.04,1030.56,6.92,118.9
2025-02,成都仓,FedEx,西安,15,17.34,1618.4,19.36,64.5
2025-02,成都仓,FedEx,Frankfurt,43,18.72,3603.6,10.38,70.62
2025-03,成都仓,FedEx,广州,37,5.7,872.1,8.15,34.63
2025-03,成都仓,FedEx,Tokyo,15,15.98,5537.07,2.35,80.6
2025-03,成都仓,FedEx,Frankfurt,19,18.16,2932.84,27.98,61.37
2025-03,成都仓,FedEx,成都,39,37.28,2311.36,9.78,188.56
2025-03,成都仓,FedEx,Seoul,38,5.48,511.01,11.74,142.39
2025-04,成都仓,FedEx,广州,40,39.68,2698.24,10.67,94.01
2025-04,成都仓,FedEx,Singapore,23,27.72,1284.36,23.92,117.77
2025-04,成都仓,FedEx,北京,23,3.66,436.76,18.51,15.88
2025-05,成都仓,FedEx,北京,10,20.72,1398.6,27.07,192.51
2025-05,成都仓,FedEx,广州,37,33.32,6097.56,4.45,182.52
2025-06,成都仓,FedEx,南京,46,5.08,1874.52,4.38,143.74
2025-06,成都仓,FedEx,Frankfurt,15,19.35,2538.72,8.7,189.39
2025-06,成都仓,FedEx,北京,36,39.6,2574.0,21.16,134.72
2025-06,成都仓,FedEx,上海,10,8.24,2933.44,19.03,51.11
2025-07,成都仓,FedEx,上海,13,9.7,1658.7,7.62,100.12
2025-07,成都仓,FedEx,南京,44,33.85,5835.74,27.13,8.65
2025-08,成都仓,FedEx,Los Angeles,32,14.68,7009.7,18.42,147.25
2025-08,成都仓,FedEx,广州,27,5.65,1107.4,10.93,95.49
2025-08,成都仓,FedEx,重庆,19,28.9,2069.24,15.34,117.56
2025-08,成都仓,FedEx,武汉,37,37.72,8156.95,25.73,122.36
2025-09,成都仓,FedEx,西安,24,27.8,1217.64,5.96,107.69
2025-09,成都仓,FedEx,Frankfurt,25,17.22,2158.24,26.0,199.77
2025-09,成都仓,FedEx,Tokyo,43,3.67,1178.07,20.63,175.26
2025-09,成都仓,FedEx,南京,9,11.88,4169.88,4.0,68.88
2025-09,成都仓,FedEx,重庆,37,4.91,4006.56,11.73,119.79
2025-10,成都仓,FedEx,Seoul,31,3.09,849.75,28.59,183.58
2025-10,成都仓,FedEx,Los Angeles,40,9.72,2196.72,17.78,56.95
2025-10,成都仓,FedEx,Singapore,50,8.52,1469.7,13.28,156.56
2025-10,成都仓,FedEx,西安,7,24.85,1505.91,27.89,118.78
2025-11,成都仓,FedEx,广州,16,23.4,1062.36,14.59,150.92
2025-11,成都仓,FedEx,Los Angeles,21,13.64,2172.17,20.83,155.99
2025-11,成都仓,FedEx,南京,30,37.72,6374.68,15.12,42.52
