return_id,shipment_id,month,sku,category,return_qty,return_reason,return_date,refund_amount,restockable,carrier
RET00001,SHP01674,2025-08,FWDD29X,钻石系列,59,运输损坏,2025-09-01,20650.0,False,DHL
RET00002,SHP01514,2025-05,FWD249,虹彩系列,88,质量问题,2025-05-12,3300.0,False,德邦
RET00003,SHP00113,2024-10,FWD6910,水晶系列,1396,质量问题,2024-10-23,76780.0,False,中外运
RET00004,SHP01594,2025-08,BHC9326BM ,玻璃变色龙,1213,发货错误,2025-08-17,30325.0,True,DHL
RET00005,SHP03245,2024-11,FWD4012,着色系列,133,发货错误,2024-11-09,5852.0,True,京东物流
RET00006,SHP02696,2024-11,FWD3500,金属彩光系列,1380,发货错误,2024-11-25,46920.0,True,FedEx
RET00007,SHP02618,2025-01,FWD7352,其他,401,运输损坏,2025-01-14,24060.0,False,FedEx
RET00008,SHP00482,2024-11,FWD5874A,钻石系列,32,运输损坏,2024-11-28,8960.0,False,DHL
RET00009,SHP01336,2025-07,BHC9323PG,玻璃变色龙,391,发货错误,2025-08-02,195500.0,True,京东物流
RET00010,SHP01960,2025-06,FWD351WR,耐候系列,1377,质量问题,2025-06-15,123930.0,False,京东物流
RET00011,SHP03468,2025-11,FWDD23X,钻石系列,555,规格不符,2025-11-26,138750.0,True,顺丰
RET00012,SHP03016,2025-03,FWD211,虹彩系列,197,客户取消,2025-03-26,7387.5,True,德邦
RET00013,SHP02811,2025-09,FWD6820,水晶系列,809,客户取消,2025-09-10,68765.0,True,DHL
RET00014,SHP03175,2025-05,BHC9227GOH,化妆品系列,380,规格不符,2025-05-28,83600.0,True,顺丰
RET00015,SHP01607,2025-06,FWD122,银白系列,461,质量问题,2025-06-22,13830.0,False,FedEx
RET00016,SHP02323,2024-12,FWD249,虹彩系列,578,运输损坏,2024-12-17,21675.0,False,中外运
RET00017,SHP01478,2025-07,FWD103TWR,耐候系列,1010,运输损坏,2025-07-23,60600.0,False,德邦
RET00018,SHP01885,2025-07,FWD6603,磁性珠光,241,发货错误,2025-07-22,60250.0,True,FedEx
RET00019,SHP00666,2025-05,FWDD25X,钻石系列,1227,客户取消,2025-05-08,306750.0,True,德邦
RET00020,SHP01989,2025-08,FWD205A,虹彩系列,48,客户取消,2025-08-30,1800.0,True,DHL
RET00021,SHP01953,2025-06,FWD421,着色系列,192,运输损坏,2025-06-22,11520.0,False,德邦
RET00022,SHP01968,2025-03,FWD6603,磁性珠光,844,质量问题,2025-03-18,211000.0,False,DHL
RET00023,SHP00935,2024-10,FWD6504T,水晶系列,22,发货错误,2024-10-14,1870.0,True,京东物流
RET00024,SHP00230,2025-02,FWD6300T,水晶系列,231,运输损坏,2025-02-16,19635.0,False,中外运
RET00025,SHP02785,2025-08,FWD223,虹彩系列,294,规格不符,2025-08-12,11025.0,True,顺丰
RET00026,SHP00197,2025-09,FWD201WR,耐候系列,1022,规格不符,2025-09-24,91980.0,True,FedEx
RET00027,SHP01146,2024-11,FWD306,金色系列,413,质量问题,2024-11-16,15487.5,False,顺丰
RET00028,SHP00722,2025-10,FWDV580,玻璃包银系列,895,发货错误,2025-10-17,1172450.0,True,FedEx
RET00029,SHP01629,2024-10,HM010AS,云母粉,1130,运输损坏,2024-11-09,28250.0,False,京东物流
RET00030,SHP03020,2025-03,FWDD23L,钻石系列,893,规格不符,2025-04-07,250040.0,True,京东物流
RET00031,SHP00023,2025-06,FWD302WR,耐候系列,973,客户取消,2025-06-14,87570.0,True,顺丰
RET00032,SHP00438,2024-12,FWDD23L,钻石系列,363,发货错误,2024-12-16,101640.0,True,FedEx
RET00033,SHP01364,2025-06,FWD302WR,耐候系列,12,发货错误,2025-07-02,1080.0,True,德邦
RET00034,SHP00703,2025-05,HC010AS,云母粉,10,质量问题,2025-05-29,250.0,False,德邦
RET00035,SHP00697,2025-07,FWD304,金色系列,10,发货错误,2025-07-09,375.0,True,DHL
RET00036,SHP02394,2025-01,FWD416,着色系列,18,客户取消,2025-02-03,1080.0,True,中外运
RET00037,SHP02635,2025-09,BHC89234BG,着色变色龙,109,规格不符,2025-09-18,54500.0,True,DHL
RET00038,SHP02963,2025-09,BHC9321RY,玻璃变色龙,251,运输损坏,2025-09-14,125500.0,False,京东物流
RET00039,SHP00459,2025-01,FWD308,金色系列,247,运输损坏,2025-01-13,9262.5,False,顺丰
RET00040,SHP00882,2025-03,FWD402,着色系列,1541,客户取消,2025-03-16,67804.0,True,京东物流
RET00041,SHP02233,2025-04,FWDV095B,玻璃包银系列,388,发货错误,2025-04-26,690640.0,True,中外运
RET00042,SHP00919,2025-01,FWD101,银白系列,65,客户取消,2025-02-03,1625.0,True,FedEx
RET00043,SHP00215,2025-05,FWD5519WR,耐候系列,19,质量问题,2025-06-06,2280.0,False,FedEx
RET00044,SHP01361,2025-04,FWD418B,着色系列,110,运输损坏,2025-04-20,6600.0,False,顺丰
RET00045,SHP00464,2025-08,FWD4002,着色系列,150,质量问题,2025-08-16,6600.0,False,DHL
RET00046,SHP00737,2025-04,FWD6018,超白系列,345,规格不符,2025-05-01,12937.5,True,京东物流
RET00047,SHP03111,2024-12,BHC89233BR,着色变色龙,962,客户取消,2024-12-24,481000.0,True,中外运
RET00048,SHP03366,2025-11,FWD402,着色系列,54,运输损坏,2025-11-05,2376.0,False,顺丰
RET00049,SHP01532,2025-04,FWD121WR,耐候系列,234,规格不符,2025-04-29,14040.0,True,德邦
RET00050,SHP02004,2025-08,BHC9227GOH,化妆品系列,490,客户取消,2025-08-26,107800.0,True,FedEx
RET00051,SHP02981,2025-06,FWD5870A,钻石系列,45,客户取消,2025-06-15,8100.0,True,中外运
RET00052,SHP03378,2025-06,FWD6885,水晶系列,11,客户取消,2025-06-11,605.0,True,德邦
RET00053,SHP01768,2025-04,FWDV150B,玻璃包银系列,1789,客户取消,2025-04-14,3971580.0,True,DHL
RET00054,SHP03125,2025-10,FWD6300T,水晶系列,18,质量问题,2025-11-10,1530.0,False,FedEx
RET00055,SHP00442,2025-05,FWD221WR,耐候系列,1439,质量问题,2025-06-08,129510.0,False,顺丰
RET00056,SHP00225,2025-05,FWD6820,水晶系列,1341,质量问题,2025-05-20,113985.0,False,DHL
RET00057,SHP02669,2025-03,FWD6300T,水晶系列,1520,质量问题,2025-04-03,129200.0,False,德邦
RET00058,SHP03129,2025-03,FWD6005,超白系列,800,发货错误,2025-03-20,33600.0,True,FedEx
RET00059,SHP01699,2025-05,BHC9227GOH,化妆品系列,1071,质量问题,2025-05-17,235620.0,False,德邦
RET00060,SHP01138,2024-11,FWD400B,着色系列,5,发货错误,2024-11-20,220.0,True,德邦
RET00061,SHP03301,2025-11,FWD6881,水晶系列,374,客户取消,2025-11-20,20570.0,True,中外运
RET00062,SHP02361,2024-10,FWD3302,金色系列,197,规格不符,2024-10-27,7387.5,True,京东物流
RET00063,SHP02755,2025-08,FWD411,着色系列,498,客户取消,2025-08-30,29880.0,True,顺丰
RET00064,SHP03269,2024-12,FWD6501,水晶系列,604,发货错误,2024-12-25,33220.0,True,德邦
RET00065,SHP02407,2025-11,FWD323WR,耐候系列,1053,质量问题,2025-11-26,94770.0,False,顺丰
RET00066,SHP01202,2025-05,FWD502WR,耐候系列,1363,质量问题,2025-05-10,122670.0,False,中外运
RET00067,SHP02974,2025-07,FWD502WR,耐候系列,253,发货错误,2025-07-27,22770.0,True,京东物流
RET00068,SHP00186,2025-04,FWD425,着色系列,195,发货错误,2025-04-05,11700.0,True,德邦
RET00069,SHP01195,2025-02,BHC89235G,着色变色龙,1275,运输损坏,2025-02-28,637500.0,False,FedEx
RET00070,SHP02887,2025-10,FWD299,虹彩系列,159,质量问题,2025-10-13,5962.5,False,德邦
RET00071,SHP00736,2025-08,FWD418B,着色系列,206,客户取消,2025-08-27,12360.0,True,DHL
RET00072,SHP00525,2024-10,FWDD25X,钻石系列,433,规格不符,2024-10-05,108250.0,True,DHL
RET00073,SHP00952,2025-06,BHC9337GP,玻璃变色龙,204,客户取消,2025-07-07,102000.0,True,中外运
RET00074,SHP01915,2025-10,FWDV580,玻璃包银系列,1860,运输损坏,2025-11-05,2436600.0,False,京东物流
RET00075,SHP02241,2025-06,FWDD29X,钻石系列,1375,客户取消,2025-06-24,481250.0,True,DHL
RET00076,SHP00603,2025-10,FWD5870D,钻石系列,7,客户取消,2025-11-05,1260.0,True,FedEx
RET00077,SHP02290,2025-08,FWD152,银白系列,50,发货错误,2025-09-01,1350.0,True,顺丰
RET00078,SHP03392,2024-10,FWD5893,钻石系列,67,客户取消,2024-10-13,16750.0,True,FedEx
RET00079,SHP02968,2025-06,FWD3502,金属彩光系列,567,规格不符,2025-06-20,19278.0,True,京东物流
RET00080,SHP02454,2024-12,FWD6502,水晶系列,599,规格不符,2024-12-25,32945.0,True,DHL
RET00081,SHP02424,2024-10,FWD001,其他,1098,质量问题,2024-10-11,115290.0,False,顺丰
RET00082,SHP01496,2025-09,FWD418B,着色系列,526,发货错误,2025-09-29,31560.0,True,京东物流
RET00083,SHP00967,2025-05,FWDD27X,钻石系列,9,质量问题,2025-05-29,2250.0,False,DHL
RET00084,SHP02675,2025-01,FWD5870B,钻石系列,1,质量问题,2025-01-08,180.0,False,FedEx
RET00085,SHP00129,2024-10,FWD6601A,磁性珠光,594,客户取消,2024-10-22,89100.0,True,FedEx
RET00086,SHP02985,2025-01,FWD4002,着色系列,254,运输损坏,2025-02-03,11176.0,False,FedEx
RET00087,SHP01906,2025-05,BHC89234BG,着色变色龙,144,规格不符,2025-05-13,72000.0,True,FedEx
RET00088,SHP02751,2025-03,FWDV040,玻璃包银系列,583,规格不符,2025-03-04,4107235.0,True,中外运
RET00089,SHP00553,2025-02,FWD400B,着色系列,754,规格不符,2025-02-14,33176.0,True,顺丰
RET00090,SHP01015,2025-11,FWD5800D,钻石系列,21,规格不符,2025-11-23,2520.0,True,中外运
RET00091,SHP00647,2025-08,FWD405B,着色系列,914,规格不符,2025-09-05,40216.0,True,DHL
RET00092,SHP02330,2025-04,FWD123T,银白系列,595,质量问题,2025-04-12,19635.0,False,中外运
RET00093,SHP03216,2025-03,FWDV550,玻璃包银系列,117,质量问题,2025-03-27,153270.0,False,FedEx
RET00094,SHP02419,2025-07,FWD3504,金属彩光系列,295,质量问题,2025-08-02,10030.0,False,DHL
RET00095,SHP01047,2025-04,FWD508WR,耐候系列,17,发货错误,2025-04-29,1530.0,True,中外运
RET00096,SHP03042,2025-11,FWD5518,金属彩光系列,453,运输损坏,2025-11-22,27180.0,False,DHL
RET00097,SHP02316,2024-12,FWD503,金属彩光系列,517,发货错误,2024-12-26,17578.0,True,中外运
RET00098,SHP02818,2025-09,FWD6002T,超白系列,11,发货错误,2025-09-25,412.5,True,京东物流
RET00099,SHP01162,2024-10,FWD224,虹彩系列,728,客户取消,2024-10-16,27300.0,True,DHL
RET00100,SHP02774,2024-12,FWD6883,水晶系列,316,客户取消,2024-12-24,17380.0,True,中外运
RET00101,SHP01104,2025-03,FWD205WR,耐候系列,1136,运输损坏,2025-04-06,102240.0,False,中外运
RET00102,SHP00677,2025-07,FWD6502A,水晶系列,255,运输损坏,2025-07-26,14025.0,False,FedEx
RET00103,SHP00378,2025-03,FWD6005,超白系列,1763,运输损坏,2025-04-10,74046.0,False,顺丰
RET00104,SHP02273,2025-05,FWD303WR,耐候系列,1305,发货错误,2025-05-28,117450.0,True,DHL
RET00105,SHP01677,2025-07,FWD402,着色系列,115,运输损坏,2025-07-26,5060.0,False,德邦
RET00106,SHP02404,2025-02,FWD215WR,耐候系列,607,规格不符,2025-02-28,54630.0,True,顺丰
RET00107,SHP02594,2024-10,FWD323WR,耐候系列,465,发货错误,2024-10-29,41850.0,True,德邦
RET00108,SHP02112,2025-04,FWD411,着色系列,564,规格不符,2025-04-29,33840.0,True,DHL
RET00109,SHP01103,2025-09,BHC9325BR,玻璃变色龙,14,发货错误,2025-09-09,7000.0,True,顺丰
RET00110,SHP01590,2025-11,FWD505,金属彩光系列,19,客户取消,2025-11-15,646.0,True,FedEx
RET00111,SHP03290,2025-07,FWD8503WR,耐候系列,985,客户取消,2025-07-17,177300.0,True,中外运
RET00112,SHP00637,2025-04,FWD6910,水晶系列,862,客户取消,2025-05-01,47410.0,True,德邦
RET00113,SHP03201,2025-07,FWD5892,钻石系列,391,发货错误,2025-07-30,97750.0,True,FedEx
RET00114,SHP01264,2025-01,BHC9275BOH,化妆品系列,486,规格不符,2025-01-14,106920.0,True,京东物流
RET00115,SHP02172,2025-11,BHC9237GRH,化妆品系列,714,客户取消,2025-11-13,157080.0,True,DHL
RET00116,SHP03470,2025-06,FWD308,金色系列,1621,运输损坏,2025-07-03,60787.5,False,德邦
RET00117,SHP03040,2025-02,FWD410,着色系列,1281,质量问题,2025-03-05,76860.0,False,FedEx
RET00118,SHP00180,2024-12,FWD6018,超白系列,565,运输损坏,2025-01-01,21187.5,False,中外运
RET00119,SHP00643,2024-12,FWD301,金色系列,882,运输损坏,2025-01-06,33075.0,False,中外运
RET00120,SHP02900,2025-04,BHC89237BG,着色变色龙,58,规格不符,2025-04-25,29000.0,True,德邦
RET00121,SHP00163,2025-09,FWD901KSW,耐候系列,451,客户取消,2025-09-29,58630.0,True,中外运
RET00122,SHP02360,2025-05,FWD123T,银白系列,207,发货错误,2025-05-18,6831.0,True,顺丰
RET00123,SHP02715,2025-08,FWD7305WR,耐候系列,313,规格不符,2025-08-25,37560.0,True,DHL
RET00124,SHP00278,2025-01,FWD235WR,耐候系列,361,质量问题,2025-01-10,32490.0,False,京东物流
RET00125,SHP00717,2025-05,FWD6885,水晶系列,678,规格不符,2025-05-21,37290.0,True,顺丰
RET00126,SHP00813,2024-10,FWD435B,着色系列,1047,客户取消,2024-10-19,62820.0,True,京东物流
RET00127,SHP02776,2025-05,FWDD29L,钻石系列,162,质量问题,2025-05-30,56700.0,False,中外运
RET00128,SHP02282,2025-09,FWD522,金属彩光系列,527,客户取消,2025-09-23,17918.0,True,DHL
RET00129,SHP02844,2025-09,BHC9230YBH,化妆品系列,191,客户取消,2025-09-19,42020.0,True,顺丰
RET00130,SHP01504,2024-10,FWDD25M,钻石系列,258,客户取消,2024-10-24,72240.0,True,京东物流
RET00131,SHP01172,2024-10,FWDD10Y,钻石系列,5,运输损坏,2024-11-10,600.0,False,DHL
RET00132,SHP03365,2025-01,FWD504WR,耐候系列,545,客户取消,2025-01-26,49050.0,True,京东物流
RET00133,SHP03471,2025-02,FWD552,金属彩光系列,796,运输损坏,2025-02-25,23880.0,False,DHL
RET00134,SHP03283,2024-12,FWD6018,超白系列,29,质量问题,2024-12-22,1087.5,False,DHL
RET00135,SHP00609,2024-10,FWD525WR,耐候系列,791,规格不符,2024-11-08,71190.0,True,德邦
RET00136,SHP02917,2025-05,FWD8503WR,耐候系列,330,质量问题,2025-05-15,59400.0,False,京东物流
RET00137,SHP01774,2024-11,FWD534WR,耐候系列,1182,客户取消,2024-11-10,106380.0,True,德邦
RET00138,SHP01832,2025-11,FWD435,着色系列,433,质量问题,2025-11-15,25980.0,False,顺丰
RET00139,SHP02280,2024-12,FWD6003TWR,耐候系列,433,质量问题,2024-12-15,34640.0,False,中外运
RET00140,SHP02130,2024-10,FWD307,金色系列,500,发货错误,2024-10-15,18750.0,True,顺丰
RET00141,SHP00280,2025-02,FWD415Y,着色系列,594,规格不符,2025-03-05,26136.0,True,DHL
RET00142,SHP00669,2025-03,FWD6883,水晶系列,1514,规格不符,2025-03-19,83270.0,True,中外运
RET00143,SHP00234,2025-06,FWD123,银白系列,553,客户取消,2025-06-14,16590.0,True,FedEx
RET00144,SHP00463,2025-02,FWD3504,金属彩光系列,353,客户取消,2025-02-28,12002.0,True,FedEx
RET00145,SHP00937,2025-04,FWD508WR,耐候系列,16,规格不符,2025-04-06,1440.0,True,京东物流
RET00146,SHP02446,2025-08,FWD3112,金色系列,161,发货错误,2025-08-26,6440.0,True,京东物流
RET00147,SHP03177,2025-09,FWD416,着色系列,615,发货错误,2025-10-07,36900.0,True,FedEx
RET00148,SHP00211,2025-03,FWD510,金属彩光系列,266,运输损坏,2025-03-20,9044.0,False,中外运
RET00149,SHP03144,2024-12,FWD6300,水晶系列,1261,发货错误,2024-12-06,107185.0,True,顺丰
RET00150,SHP03021,2025-05,BHC9230YBH,化妆品系列,106,运输损坏,2025-05-14,23320.0,False,京东物流
RET00151,SHP02600,2025-10,FWD6009,超白系列,165,规格不符,2025-10-17,7425.0,True,中外运
RET00152,SHP03334,2025-08,FWD307,金色系列,482,运输损坏,2025-08-20,18075.0,False,DHL
RET00153,SHP02942,2025-11,FWD219,虹彩系列,1065,运输损坏,2025-11-28,39937.5,False,FedEx
RET00154,SHP01956,2024-12,FWD5891,钻石系列,184,运输损坏,2024-12-17,46000.0,False,FedEx
RET00155,SHP02013,2024-10,FWD6307A,水晶系列,356,发货错误,2024-10-27,19580.0,True,顺丰
RET00156,SHP01776,2025-01,FWD6215,水晶系列,73,客户取消,2025-01-31,4015.0,True,德邦
RET00157,SHP02377,2025-10,FWD5870D,钻石系列,168,客户取消,2025-11-01,30240.0,True,中外运
RET00158,SHP02650,2024-12,FWDD27X,钻石系列,438,规格不符,2024-12-15,109500.0,True,德邦
RET00159,SHP03066,2025-05,FWD500WR,耐候系列,915,规格不符,2025-06-13,82350.0,True,中外运
RET00160,SHP02089,2025-04,FWD121WR,耐候系列,1441,发货错误,2025-05-05,86460.0,True,顺丰
RET00161,SHP03293,2024-11,FWD415Y,着色系列,263,发货错误,2024-12-06,11572.0,True,中外运
RET00162,SHP00454,2025-02,FWD6009,超白系列,395,质量问题,2025-02-27,17775.0,False,中外运
RET00163,SHP01942,2024-10,FWD123TS,银白系列,1441,发货错误,2024-10-30,54758.0,True,德邦
RET00164,SHP00587,2024-11,FWD5870A,钻石系列,1137,运输损坏,2024-11-28,204660.0,False,顺丰
RET00165,SHP02814,2025-01,FWD6007,超白系列,843,运输损坏,2025-02-04,41307.0,False,顺丰
RET00166,SHP00268,2024-12,FWD401,着色系列,399,规格不符,2024-12-14,17556.0,True,京东物流
RET00167,SHP00834,2024-10,FWD6205,水晶系列,534,发货错误,2024-11-04,29370.0,True,京东物流
RET00168,SHP02935,2025-07,FWD216,虹彩系列,21,规格不符,2025-08-09,787.5,True,京东物流
RET00169,SHP02850,2024-10,FWDD25X,钻石系列,814,运输损坏,2024-10-03,203500.0,False,FedEx
RET00170,SHP01535,2024-11,FWD6501,水晶系列,1595,运输损坏,2024-11-24,87725.0,False,中外运
RET00171,SHP02028,2025-03,FWD6215,水晶系列,987,质量问题,2025-03-11,54285.0,False,德邦
RET00172,SHP02270,2025-06,FWD402,着色系列,182,发货错误,2025-06-14,8008.0,True,DHL
RET00173,SHP01014,2025-08,FWD6500,水晶系列,577,发货错误,2025-08-23,31735.0,True,DHL
RET00174,SHP00366,2025-02,FWD405B,着色系列,39,客户取消,2025-02-16,1716.0,True,德邦
RET00175,SHP00930,2024-11,FWD522WR,耐候系列,981,发货错误,2024-11-18,88290.0,True,中外运
RET00176,SHP02396,2025-09,FWD6602,磁性珠光,529,质量问题,2025-09-17,79350.0,False,FedEx
RET00177,SHP00351,2025-03,FWD153,银白系列,648,发货错误,2025-03-20,16848.0,True,德邦
RET00178,SHP01424,2025-06,FWDD21M,钻石系列,857,客户取消,2025-06-25,239960.0,True,FedEx
RET00179,SHP01247,2024-10,FWDD27L,钻石系列,474,运输损坏,2024-11-04,132720.0,False,京东物流
RET00180,SHP02158,2025-07,FWD5872A,钻石系列,56,质量问题,2025-08-03,15680.0,False,DHL
RET00181,SHP02145,2025-02,FWD325,金色系列,824,发货错误,2025-02-11,32548.0,True,德邦
RET00182,SHP03073,2025-07,FWD111WR,耐候系列,79,运输损坏,2025-07-20,4740.0,False,顺丰
RET00183,SHP00200,2025-08,FWDD10X,钻石系列,1028,客户取消,2025-09-01,123360.0,True,FedEx
RET00184,SHP01028,2025-05,FWDV095,玻璃包银系列,613,发货错误,2025-06-06,1311820.0,True,DHL
RET00185,SHP02156,2025-03,FWD417,着色系列,713,客户取消,2025-03-23,42780.0,True,德邦
RET00186,SHP00492,2025-01,FWD323M,金色系列,588,规格不符,2025-02-13,22050.0,True,德邦
RET00187,SHP01511,2025-08,FWD491,着色系列,69,发货错误,2025-08-21,4140.0,True,德邦
RET00188,SHP03358,2025-04,FWD122,银白系列,98,规格不符,2025-05-15,2940.0,True,顺丰
RET00189,SHP01324,2025-10,BHC9338GR,玻璃变色龙,253,质量问题,2025-11-05,126500.0,False,中外运
RET00190,SHP02077,2025-07,FWD6504,水晶系列,11,发货错误,2025-07-21,935.0,True,FedEx
RET00191,SHP00224,2024-12,FWD402,着色系列,39,规格不符,2024-12-22,1716.0,True,顺丰
RET00192,SHP00341,2024-12,FWDV150,玻璃包银系列,348,规格不符,2025-01-04,890880.0,True,中外运
RET00193,SHP00483,2025-08,BHC9232MGH,化妆品系列,800,运输损坏,2025-08-08,176000.0,False,德邦
RET00194,SHP01440,2025-03,FWD211WR,耐候系列,85,质量问题,2025-03-21,7650.0,False,顺丰
RET00195,SHP01461,2025-05,FWD320,金色系列,428,客户取消,2025-06-11,16050.0,True,DHL
RET00196,SHP00417,2025-10,FWD425B,着色系列,798,客户取消,2025-10-23,47880.0,True,FedEx
RET00197,SHP02067,2025-11,FWDD23M,钻石系列,1706,发货错误,2025-11-24,477680.0,True,中外运
RET00198,SHP02741,2025-01,FWDD21L,钻石系列,1246,规格不符,2025-01-21,348880.0,True,德邦
RET00199,SHP01782,2025-06,FWD6163,超白系列,794,质量问题,2025-07-10,29775.0,False,中外运
RET00200,SHP03429,2025-05,FWDD10M,钻石系列,799,质量问题,2025-06-04,95880.0,False,顺丰
RET00201,SHP02854,2025-09,FWD5891,钻石系列,509,发货错误,2025-09-17,127250.0,True,顺丰
RET00202,SHP00923,2025-06,BHC9321RY,玻璃变色龙,80,发货错误,2025-06-23,40000.0,True,中外运
RET00203,SHP02809,2025-07,FWD225,虹彩系列,121,客户取消,2025-07-28,4537.5,True,中外运
RET00204,SHP00871,2025-02,BHC9337GP,玻璃变色龙,616,发货错误,2025-02-18,308000.0,True,京东物流
RET00205,SHP02050,2025-02,FWD520,金属彩光系列,329,质量问题,2025-02-10,11186.0,False,顺丰
RET00206,SHP00839,2025-01,FWDD23M,钻石系列,280,质量问题,2025-01-22,78400.0,False,中外运
RET00207,SHP01777,2025-05,FWD6810,水晶系列,708,发货错误,2025-05-26,38940.0,True,京东物流
RET00208,SHP01490,2025-06,FWD535,金属彩光系列,123,质量问题,2025-06-21,4182.0,False,京东物流
RET00209,SHP02560,2025-03,FWDD10X,钻石系列,375,运输损坏,2025-04-05,45000.0,False,中外运
RET00210,SHP01680,2024-11,FWD219,虹彩系列,172,规格不符,2024-11-25,6450.0,True,中外运
RET00211,SHP03434,2024-11,FWD5894,钻石系列,100,运输损坏,2024-11-29,25000.0,False,德邦
RET00212,SHP01253,2025-02,FWD6163,超白系列,1111,运输损坏,2025-02-28,41662.5,False,京东物流
RET00213,SHP00391,2025-07,BHC89234BG,着色变色龙,303,运输损坏,2025-08-07,151500.0,False,顺丰
RET00214,SHP01126,2025-10,FWD402,着色系列,223,客户取消,2025-10-11,9812.0,True,顺丰
RET00215,SHP01506,2025-09,FWD425,着色系列,417,发货错误,2025-09-26,25020.0,True,DHL
RET00216,SHP03330,2025-06,FWD6303A,水晶系列,204,规格不符,2025-07-01,11220.0,True,京东物流
RET00217,SHP02151,2025-10,FWD5894,钻石系列,12,规格不符,2025-10-14,3000.0,True,中外运
RET00218,SHP02589,2025-03,FWD6005,超白系列,1321,规格不符,2025-03-18,55482.0,True,顺丰
RET00219,SHP01068,2025-03,FWD6205,水晶系列,44,运输损坏,2025-03-21,2420.0,False,京东物流
RET00220,SHP03377,2024-11,FWD505,金属彩光系列,216,规格不符,2024-11-17,7344.0,True,京东物流
RET00221,SHP01899,2024-12,FWD205,虹彩系列,1042,发货错误,2024-12-16,39075.0,True,DHL
RET00222,SHP01297,2025-04,FWD215WR,耐候系列,482,运输损坏,2025-04-29,43380.0,False,顺丰
RET00223,SHP02383,2025-09,FWD6860,水晶系列,194,规格不符,2025-09-18,16490.0,True,中外运
RET00224,SHP01457,2025-07,FWD6006,超白系列,3,客户取消,2025-07-19,117.0,True,DHL
RET00225,SHP00653,2025-09,FWD6601,磁性珠光,580,发货错误,2025-09-17,87000.0,True,京东物流
RET00226,SHP00181,2025-05,FWD5891,钻石系列,555,发货错误,2025-06-16,138750.0,True,德邦
RET00227,SHP01910,2025-02,FWD96107SW,耐候系列,351,规格不符,2025-02-18,35100.0,True,顺丰
RET00228,SHP02029,2025-07,FWD305,金色系列,273,客户取消,2025-07-19,10237.5,True,京东物流
RET00229,SHP00678,2025-09,FWD5890,钻石系列,175,规格不符,2025-09-20,21000.0,True,德邦
RET00230,SHP03251,2024-11,FWD7365,其他,282,规格不符,2024-11-25,16920.0,True,顺丰
RET00231,SHP01843,2025-08,FWD500,金属彩光系列,1631,运输损坏,2025-08-30,55454.0,False,德邦
RET00232,SHP00282,2024-11,FWD600,其他,334,质量问题,2024-12-02,16700.0,False,京东物流
RET00233,SHP02856,2025-09,BHC9232MGH,化妆品系列,127,质量问题,2025-09-22,27940.0,False,DHL
RET00234,SHP03176,2024-12,FWD552,金属彩光系列,822,运输损坏,2024-12-27,24660.0,False,京东物流
RET00235,SHP01357,2025-03,FWDD21L,钻石系列,52,发货错误,2025-03-10,14560.0,True,德邦
RET00236,SHP00403,2024-11,FWD425,着色系列,167,质量问题,2024-11-30,10020.0,False,中外运
RET00237,SHP00947,2025-01,BHC89230GY,着色变色龙,6,运输损坏,2025-01-15,3000.0,False,京东物流
RET00238,SHP03051,2025-10,FWD6500A,水晶系列,33,客户取消,2025-11-04,1815.0,True,京东物流
RET00239,SHP00015,2025-08,FWD7365,其他,2,规格不符,2025-09-08,120.0,True,德邦
RET00240,SHP02198,2025-05,BHC9327GP,玻璃变色龙,361,运输损坏,2025-06-09,180500.0,False,FedEx
RET00241,SHP00894,2025-03,FWD6603B,磁性珠光,1289,规格不符,2025-03-12,322250.0,True,FedEx
RET00242,SHP01537,2025-02,BHC5518,化妆品系列,999,发货错误,2025-03-11,74925.0,True,中外运
RET00243,SHP02218,2025-05,FWD306,金色系列,146,客户取消,2025-05-28,5475.0,True,德邦
RET00244,SHP01215,2025-09,FWD505,金属彩光系列,848,规格不符,2025-09-23,28832.0,True,DHL
RET00245,SHP01992,2025-07,FWD5519WR,耐候系列,16,发货错误,2025-07-26,1920.0,True,京东物流
RET00246,SHP01980,2025-04,FWD120,银白系列,652,客户取消,2025-04-15,18256.0,True,DHL
RET00247,SHP00293,2025-05,FWD5519,金属彩光系列,203,客户取消,2025-05-28,12180.0,True,京东物流
RET00248,SHP01988,2025-08,FWD6881,水晶系列,116,规格不符,2025-08-17,6380.0,True,DHL
RET00249,SHP00266,2025-09,FWD6002,超白系列,76,运输损坏,2025-09-30,2850.0,False,顺丰
RET00250,SHP03452,2025-09,BHC89237BG,着色变色龙,88,客户取消,2025-09-18,44000.0,True,DHL
RET00251,SHP02225,2025-01,FWD6810,水晶系列,205,质量问题,2025-02-07,11275.0,False,顺丰
RET00252,SHP02548,2025-01,FWD535,金属彩光系列,30,运输损坏,2025-02-09,1020.0,False,DHL
RET00253,SHP02033,2025-09,FWD411,着色系列,745,运输损坏,2025-09-15,44700.0,False,德邦
RET00254,SHP02300,2025-06,FWD5800D,钻石系列,19,客户取消,2025-06-28,2280.0,True,京东物流
RET00255,SHP00177,2025-10,FWDV580,玻璃包银系列,631,质量问题,2025-10-30,826610.0,False,顺丰
RET00256,SHP02036,2025-11,BHC9321RY,玻璃变色龙,444,质量问题,2025-11-30,222000.0,False,德邦
RET00257,SHP02661,2024-12,FWD152,银白系列,1396,质量问题,2025-01-09,37692.0,False,顺丰
RET00258,SHP00037,2025-04,FWD5800,钻石系列,115,运输损坏,2025-04-28,15525.0,False,德邦
RET00259,SHP01006,2025-01,FWD418B,着色系列,1603,质量问题,2025-01-29,96180.0,False,中外运
RET00260,SHP02569,2025-06,FWD330,金色系列,649,规格不符,2025-06-29,24337.5,True,顺丰
RET00261,SHP00153,2025-06,FWD6003T,超白系列,867,运输损坏,2025-06-12,32512.5,False,FedEx
RET00262,SHP01566,2025-06,FWD5892,钻石系列,551,发货错误,2025-06-20,137750.0,True,DHL
RET00263,SHP01388,2025-02,BHC9328GR,玻璃变色龙,522,发货错误,2025-02-28,261000.0,True,顺丰
RET00264,SHP03137,2025-02,FWD6602E,磁性珠光,384,规格不符,2025-02-17,57600.0,True,京东物流
RET00265,SHP00172,2024-11,FWD303WR,耐候系列,33,客户取消,2024-11-12,2970.0,True,FedEx
RET00266,SHP01544,2025-01,FWD122,银白系列,61,质量问题,2025-01-26,1830.0,False,德邦
RET00267,SHP03436,2024-12,FWD407,着色系列,187,运输损坏,2024-12-20,8228.0,False,中外运
RET00268,SHP00540,2025-02,FWD525WR,耐候系列,514,规格不符,2025-03-02,46260.0,True,顺丰
RET00269,SHP01199,2024-10,FWD163,银白系列,362,质量问题,2024-10-26,9050.0,False,DHL
RET00270,SHP00846,2025-01,FWD6603B,磁性珠光,59,规格不符,2025-01-25,14750.0,True,京东物流
RET00271,SHP02800,2025-05,FWD221,虹彩系列,907,运输损坏,2025-05-24,34012.5,False,京东物流
RET00272,SHP02229,2025-04,FWD6235,水晶系列,52,发货错误,2025-04-14,2860.0,True,FedEx
RET00273,SHP00372,2025-11,FWD425,着色系列,654,质量问题,2025-11-06,39240.0,False,京东物流
RET00274,SHP03234,2025-05,FWD6840,水晶系列,334,规格不符,2025-06-03,28390.0,True,德邦
RET00275,SHP02876,2025-06,FWD7504,其他,581,客户取消,2025-06-23,58100.0,True,中外运
RET00276,SHP00600,2025-10,BHC9327GP,玻璃变色龙,330,运输损坏,2025-10-19,165000.0,False,DHL
RET00277,SHP02030,2025-07,FWD6002,超白系列,733,发货错误,2025-07-17,27487.5,True,DHL
RET00278,SHP01686,2025-05,FWD306WR,耐候系列,857,质量问题,2025-05-27,77130.0,False,FedEx
RET00279,SHP03207,2025-05,FWD5872A,钻石系列,231,质量问题,2025-05-17,64680.0,False,德邦
RET00280,SHP01548,2024-10,FWD6215,水晶系列,279,发货错误,2024-10-27,15345.0,True,德邦
RET00281,SHP03074,2024-12,FWD520,金属彩光系列,574,运输损坏,2024-12-29,19516.0,False,德邦
RET00282,SHP00812,2025-11,FWD6219,水晶系列,21,运输损坏,2025-11-28,1155.0,False,DHL
RET00283,SHP00105,2024-10,FWD491,着色系列,212,质量问题,2024-11-08,12720.0,False,京东物流
RET00284,SHP02111,2025-11,FWD362,金色系列,1063,运输损坏,2025-11-20,39862.5,False,德邦
RET00285,SHP00107,2025-07,BHC9275BOH,化妆品系列,926,规格不符,2025-08-01,203720.0,True,顺丰
RET00286,SHP02425,2024-11,FWD502,金属彩光系列,553,发货错误,2024-11-24,18802.0,True,DHL
RET00287,SHP00770,2025-01,FWD001,其他,1093,运输损坏,2025-01-24,114765.0,False,京东物流
RET00288,SHP02356,2025-09,FWDV150,玻璃包银系列,37,发货错误,2025-09-16,94720.0,True,京东物流
RET00289,SHP02671,2025-04,FWD111MT,银白系列,67,规格不符,2025-04-28,1943.0,True,德邦
RET00290,SHP01432,2024-10,FWDV220,玻璃包银系列,332,发货错误,2024-10-31,468120.0,True,中外运
RET00291,SHP00648,2025-07,FWD6502,水晶系列,559,客户取消,2025-07-12,30745.0,True,DHL
RET00292,SHP02329,2025-11,FWDD10Y,钻石系列,605,规格不符,2025-12-09,72600.0,True,FedEx
RET00293,SHP02666,2024-12,FWDV150,玻璃包银系列,98,规格不符,2024-12-11,250880.0,True,中外运
RET00294,SHP02140,2025-05,FWD111MT,银白系列,1025,客户取消,2025-06-09,29725.0,True,顺丰
RET00295,SHP02182,2025-05,FWD362,金色系列,197,发货错误,2025-05-20,7387.5,True,顺丰
RET00296,SHP03049,2025-06,FWD303WR,耐候系列,756,质量问题,2025-06-19,68040.0,False,FedEx
RET00297,SHP02703,2024-11,FWD235,虹彩系列,704,质量问题,2024-12-11,26400.0,False,中外运
RET00298,SHP02918,2025-03,FWD8205WR,耐候系列,1612,规格不符,2025-03-30,354640.0,True,中外运
RET00299,SHP02242,2025-06,FWD6830,水晶系列,1367,发货错误,2025-06-14,116195.0,True,FedEx
RET00300,SHP01400,2025-10,FWD7504,其他,75,发货错误,2025-11-02,7500.0,True,FedEx
RET00301,SHP01156,2025-02,FWDD27X,钻石系列,122,质量问题,2025-03-12,30500.0,False,DHL
RET00302,SHP03483,2025-10,FWD303WR,耐候系列,798,规格不符,2025-10-24,71820.0,True,京东物流
RET00303,SHP01477,2025-10,FWD6163,超白系列,761,规格不符,2025-10-22,28537.5,True,顺丰
RET00304,SHP02365,2025-11,FWD6602E,磁性珠光,23,发货错误,2025-11-27,3450.0,True,德邦
RET00305,SHP01510,2025-09,FWD216,虹彩系列,85,质量问题,2025-09-28,3187.5,False,京东物流
RET00306,SHP00418,2025-02,FWD502,金属彩光系列,193,规格不符,2025-03-15,6562.0,True,京东物流
RET00307,SHP02832,2024-12,FWD6830,水晶系列,909,运输损坏,2024-12-30,77265.0,False,德邦
RET00308,SHP01788,2025-07,FWDV020,玻璃包银系列,122,客户取消,2025-07-22,1082140.0,True,中外运
RET00309,SHP00134,2025-05,FWD235WR,耐候系列,17,质量问题,2025-05-28,1530.0,False,京东物流
RET00310,SHP01940,2024-10,FWD6002A,超白系列,917,质量问题,2024-10-20,34387.5,False,京东物流
RET00311,SHP01322,2025-07,FWD415Y,着色系列,999,规格不符,2025-07-29,43956.0,True,京东物流
RET00312,SHP01375,2025-10,FWD225WR,耐候系列,1592,运输损坏,2025-11-08,143280.0,False,德邦
RET00313,SHP01698,2025-11,FWD5892,钻石系列,601,发货错误,2025-11-30,150250.0,True,德邦
RET00314,SHP00406,2024-12,FWD351WR,耐候系列,45,质量问题,2025-01-01,4050.0,False,京东物流
RET00315,SHP00247,2025-01,FWDD28M,钻石系列,732,客户取消,2025-01-15,204960.0,True,德邦
RET00316,SHP00392,2025-10,FWD323,金色系列,278,规格不符,2025-10-23,10425.0,True,京东物流
RET00317,SHP00869,2025-06,FWD509,金属彩光系列,959,规格不符,2025-06-25,32606.0,True,中外运
RET00318,SHP02608,2025-04,FWD249,虹彩系列,968,客户取消,2025-04-07,36300.0,True,德邦
RET00319,SHP03435,2025-04,FWD417,着色系列,85,规格不符,2025-04-22,5100.0,True,顺丰
RET00320,SHP00051,2024-11,BHC89234BG,着色变色龙,185,发货错误,2024-11-26,92500.0,True,中外运
RET00321,SHP03095,2025-02,FWD7305,其他,813,质量问题,2025-03-15,48780.0,False,德邦
RET00322,SHP02517,2024-10,FWD436 ,着色系列,404,运输损坏,2024-10-18,10100.0,False,中外运
RET00323,SHP01107,2024-10,FWD323WR,耐候系列,276,运输损坏,2024-11-04,24840.0,False,FedEx
RET00324,SHP00750,2024-12,FWD410,着色系列,940,质量问题,2024-12-08,56400.0,False,中外运
RET00325,SHP00596,2025-04,FWD111MT,银白系列,991,质量问题,2025-04-25,28739.0,False,中外运
RET00326,SHP02767,2025-03,BHC89233BR,着色变色龙,157,规格不符,2025-03-15,78500.0,True,中外运
RET00327,SHP02326,2024-11,FWD152WR,耐候系列,398,规格不符,2024-11-19,23880.0,True,中外运
RET00328,SHP01340,2025-02,FWDD25X,钻石系列,436,质量问题,2025-02-27,109000.0,False,顺丰
RET00329,SHP00545,2025-07,FWD503,金属彩光系列,150,发货错误,2025-07-09,5100.0,True,京东物流
RET00330,SHP00682,2025-02,FWD411,着色系列,35,发货错误,2025-02-14,2100.0,True,顺丰
RET00331,SHP03476,2025-08,FWD435B,着色系列,870,运输损坏,2025-08-21,52200.0,False,中外运
RET00332,SHP01117,2025-01,BHC9323PG,玻璃变色龙,640,质量问题,2025-01-05,320000.0,False,顺丰
RET00333,SHP03008,2025-08,FWD3504,金属彩光系列,311,规格不符,2025-08-26,10574.0,True,德邦
RET00334,SHP00888,2024-11,FWD6501,水晶系列,1367,规格不符,2024-11-14,75185.0,True,DHL
RET00335,SHP00198,2025-08,FWD302WR,耐候系列,309,质量问题,2025-09-07,27810.0,False,德邦
RET00336,SHP02529,2025-09,BHC9232MGH,化妆品系列,150,运输损坏,2025-09-20,33000.0,False,DHL
RET00337,SHP02892,2025-06,FWD407,着色系列,1082,运输损坏,2025-06-14,47608.0,False,德邦
RET00338,SHP00024,2025-04,FWD6504,水晶系列,171,运输损坏,2025-04-18,14535.0,False,京东物流
RET00339,SHP01237,2025-01,FWD6504,水晶系列,646,运输损坏,2025-02-15,54910.0,False,DHL
RET00340,SHP03151,2025-08,FWD215,虹彩系列,21,质量问题,2025-08-15,787.5,False,德邦
RET00341,SHP01807,2025-01,FWDD28L,钻石系列,410,客户取消,2025-01-27,114800.0,True,DHL
RET00342,SHP02482,2025-06,FWD504WR,耐候系列,1618,发货错误,2025-06-14,145620.0,True,FedEx
RET00343,SHP00296,2025-05,FWD535,金属彩光系列,207,规格不符,2025-05-21,7038.0,True,DHL
RET00344,SHP02098,2025-09,FWD6001,超白系列,13,规格不符,2025-09-17,487.5,True,中外运
RET00345,SHP01121,2024-11,FWD600,其他,211,发货错误,2024-11-24,10550.0,True,FedEx
RET00346,SHP01863,2025-11,FWD6820,水晶系列,287,质量问题,2025-11-27,24395.0,False,京东物流
RET00347,SHP01891,2024-12,FWDV080B,玻璃包银系列,160,客户取消,2024-12-29,676800.0,True,京东物流
RET00348,SHP02164,2025-04,FWD111M,银白系列,892,客户取消,2025-04-21,25868.0,True,京东物流
RET00349,SHP00879,2025-07,FWDV220,玻璃包银系列,666,发货错误,2025-07-14,939060.0,True,顺丰
RET00350,SHP02171,2025-11,FWD235,虹彩系列,13,规格不符,2025-11-22,487.5,True,德邦
RET00351,SHP01554,2025-06,FWDD25X,钻石系列,349,规格不符,2025-06-19,87250.0,True,中外运
RET00352,SHP00018,2025-11,FWD425B,着色系列,757,运输损坏,2025-11-15,45420.0,False,FedEx
RET00353,SHP02524,2025-04,BHC89230GY,着色变色龙,593,质量问题,2025-04-19,296500.0,False,京东物流
RET00354,SHP02657,2025-02,FWD3302,金色系列,91,运输损坏,2025-02-25,3412.5,False,德邦
RET00355,SHP01551,2025-11,FWD6603B,磁性珠光,97,质量问题,2025-12-08,24250.0,False,DHL
RET00356,SHP00480,2025-03,FWDD10X,钻石系列,1020,规格不符,2025-03-21,122400.0,True,京东物流
RET00357,SHP02916,2025-06,FWD435,着色系列,196,发货错误,2025-07-08,11760.0,True,京东物流
RET00358,SHP01503,2025-06,FWD5894,钻石系列,367,规格不符,2025-07-01,91750.0,True,京东物流
RET00359,SHP03024,2025-07,FWDV150,玻璃包银系列,295,规格不符,2025-07-14,755200.0,True,顺丰
RET00360,SHP02643,2025-05,FWD5870A,钻石系列,346,规格不符,2025-05-18,62280.0,True,京东物流
RET00361,SHP01285,2025-04,FWDD10L,钻石系列,331,质量问题,2025-04-19,39720.0,False,顺丰
RET00362,SHP02043,2024-11,FWD7322,其他,821,客户取消,2024-11-13,57470.0,True,中外运
RET00363,SHP03303,2025-11,FWD525WR,耐候系列,264,发货错误,2025-12-02,23760.0,True,FedEx
RET00364,SHP01805,2024-10,FWD103TWR,耐候系列,52,规格不符,2024-10-27,3120.0,True,京东物流
RET00365,SHP02087,2025-07,FWD408,着色系列,835,质量问题,2025-07-26,50100.0,False,DHL
RET00366,SHP03012,2025-06,FWD5890,钻石系列,704,规格不符,2025-06-14,84480.0,True,FedEx
RET00367,SHP03194,2025-07,FWD4002,着色系列,127,运输损坏,2025-07-27,5588.0,False,DHL
RET00368,SHP00497,2025-03,FWD5891,钻石系列,1765,规格不符,2025-03-14,441250.0,True,德邦
RET00369,SHP01842,2025-06,BHC89232BR,着色变色龙,503,客户取消,2025-06-18,251500.0,True,顺丰
RET00370,SHP01099,2025-08,FWD6002T,超白系列,768,运输损坏,2025-08-12,28800.0,False,顺丰
RET00371,SHP01393,2024-11,FWD305,金色系列,81,发货错误,2024-12-09,3037.5,True,FedEx
RET00372,SHP02148,2025-01,FWD522,金属彩光系列,674,质量问题,2025-02-08,22916.0,False,FedEx
RET00373,SHP01560,2025-05,FWD5518WR,耐候系列,406,质量问题,2025-05-22,48720.0,False,FedEx
RET00374,SHP02964,2024-11,FWD351,金色系列,611,规格不符,2024-11-10,22912.5,True,DHL
RET00375,SHP00411,2025-11,FWDD10X,钻石系列,630,客户取消,2025-11-20,75600.0,True,京东物流
RET00376,SHP03256,2025-01,FWD3504,金属彩光系列,1685,质量问题,2025-02-03,57290.0,False,FedEx
RET00377,SHP00345,2025-04,FWD525WR,耐候系列,441,规格不符,2025-05-02,39690.0,True,中外运
RET00378,SHP02333,2025-03,FWDD28M,钻石系列,978,质量问题,2025-03-30,273840.0,False,DHL
RET00379,SHP00824,2025-10,FWDV040B,玻璃包银系列,521,客户取消,2025-10-17,3047850.0,True,DHL
RET00380,SHP03460,2025-07,FWD425,着色系列,356,运输损坏,2025-08-06,21360.0,False,DHL
RET00381,SHP02872,2025-07,FWD8205WR,耐候系列,286,运输损坏,2025-07-19,62920.0,False,DHL
RET00382,SHP01497,2025-10,BHC9338GR,玻璃变色龙,1109,客户取消,2025-10-22,554500.0,True,中外运
RET00383,SHP02046,2025-06,FWD6219,水晶系列,1060,质量问题,2025-06-30,58300.0,False,FedEx
RET00384,SHP01084,2024-11,FWD223,虹彩系列,827,发货错误,2024-11-12,31012.5,True,FedEx
RET00385,SHP01127,2025-02,FWD534WR,耐候系列,507,质量问题,2025-02-19,45630.0,False,顺丰
RET00386,SHP02463,2024-11,FWD216,虹彩系列,882,规格不符,2024-12-01,33075.0,True,德邦
RET00387,SHP00694,2025-03,FWDV150B,玻璃包银系列,153,规格不符,2025-03-18,339660.0,True,DHL
RET00388,SHP00841,2025-03,FWD504,金属彩光系列,44,发货错误,2025-03-26,1496.0,True,顺丰
RET00389,SHP01171,2025-07,FWD530,金属彩光系列,1591,规格不符,2025-07-24,54094.0,True,FedEx
RET00390,SHP02692,2024-12,BHC89233BR,着色变色龙,1785,客户取消,2024-12-11,892500.0,True,FedEx
RET00391,SHP01979,2025-11,FWDD28M,钻石系列,377,规格不符,2025-11-21,105560.0,True,FedEx
RET00392,SHP03309,2024-12,HC010AS,云母粉,28,发货错误,2024-12-26,700.0,True,中外运
RET00393,SHP01763,2025-09,FWD6603B,磁性珠光,1741,规格不符,2025-09-22,435250.0,True,德邦
RET00394,SHP02106,2025-04,FWD152WR,耐候系列,1315,运输损坏,2025-04-30,78900.0,False,京东物流
RET00395,SHP01739,2024-11,FWD7331,其他,387,发货错误,2024-12-09,42570.0,True,FedEx
RET00396,SHP02845,2025-05,FWD504WR,耐候系列,725,客户取消,2025-06-16,65250.0,True,中外运
RET00397,SHP01597,2025-07,FWD205M,虹彩系列,196,客户取消,2025-08-07,7350.0,True,京东物流
RET00398,SHP02250,2025-04,FWD2205G,虹彩系列,541,客户取消,2025-04-27,20287.5,True,顺丰
RET00399,SHP00898,2025-06,FWD201WR,耐候系列,775,规格不符,2025-06-20,69750.0,True,顺丰
RET00400,SHP02358,2025-09,FWD6006,超白系列,12,规格不符,2025-09-22,468.0,True,DHL
RET00401,SHP03341,2024-10,FWD520,金属彩光系列,1073,运输损坏,2024-11-01,36482.0,False,中外运
RET00402,SHP00809,2025-10,FWD6006,超白系列,546,运输损坏,2025-10-27,21294.0,False,顺丰
RET00403,SHP00103,2024-11,FWD103TWR,耐候系列,314,运输损坏,2024-11-22,18840.0,False,中外运
RET00404,SHP03179,2024-10,FWDV550,玻璃包银系列,246,质量问题,2024-10-20,322260.0,False,FedEx
RET00405,SHP03159,2024-11,FWD6303,水晶系列,203,规格不符,2024-11-15,17255.0,True,DHL
RET00406,SHP01593,2025-09,FWD407,着色系列,279,发货错误,2025-10-07,12276.0,True,DHL
RET00407,SHP01275,2025-07,FWD402,着色系列,272,发货错误,2025-07-12,11968.0,True,中外运
RET00408,SHP02711,2024-10,FWD6502A,水晶系列,45,规格不符,2024-11-10,2475.0,True,京东物流
RET00409,SHP03413,2025-07,FWD6910,水晶系列,177,客户取消,2025-07-20,9735.0,True,顺丰
RET00410,SHP02812,2024-11,FWDV020,玻璃包银系列,41,客户取消,2024-11-26,363670.0,True,京东物流
RET00411,SHP02803,2025-10,FWDD23X,钻石系列,778,发货错误,2025-10-27,194500.0,True,顺丰
RET00412,SHP01493,2024-12,FWD3112,金色系列,204,规格不符,2024-12-17,8160.0,True,中外运
RET00413,SHP01339,2025-02,BHC9225BMTH,化妆品系列,75,质量问题,2025-02-23,16500.0,False,德邦
RET00414,SHP02682,2025-03,FWD205WR,耐候系列,518,发货错误,2025-03-18,46620.0,True,DHL
RET00415,SHP03015,2025-01,FWD6001,超白系列,129,规格不符,2025-01-27,4837.5,True,中外运
RET00416,SHP03372,2024-11,FWD163,银白系列,1594,运输损坏,2024-12-01,39850.0,False,FedEx
RET00417,SHP01404,2024-10,FWD2205G,虹彩系列,764,发货错误,2024-10-16,28650.0,True,德邦
RET00418,SHP00203,2025-09,FWD410,着色系列,201,质量问题,2025-10-01,12060.0,False,京东物流
RET00419,SHP00905,2025-08,FWD6883,水晶系列,62,质量问题,2025-09-05,3410.0,False,京东物流
RET00420,SHP01622,2024-12,FWD121WR,耐候系列,1313,发货错误,2024-12-14,78780.0,True,京东物流
RET00421,SHP00719,2025-04,FWD5893,钻石系列,741,客户取消,2025-05-14,185250.0,True,顺丰
RET00422,SHP02768,2025-07,FWD502,金属彩光系列,292,发货错误,2025-07-14,9928.0,True,京东物流
RET00423,SHP00543,2025-09,FWD530,金属彩光系列,654,质量问题,2025-09-08,22236.0,False,顺丰
RET00424,SHP02890,2024-10,FWDD29M,钻石系列,385,质量问题,2024-10-12,134750.0,False,京东物流
RET00425,SHP02055,2025-09,FWD405B,着色系列,574,质量问题,2025-10-11,25256.0,False,京东物流
RET00426,SHP01935,2025-04,FWD119,银白系列,1034,质量问题,2025-04-20,31020.0,False,顺丰
RET00427,SHP00837,2025-10,FWD524,金属彩光系列,231,发货错误,2025-10-28,7854.0,True,DHL
RET00428,SHP03206,2025-11,BHC89237BG,着色变色龙,65,质量问题,2025-11-19,32500.0,False,德邦
RET00429,SHP02884,2025-11,FWD532,金属彩光系列,453,客户取消,2025-11-18,15402.0,True,中外运
RET00430,SHP02802,2025-04,FWD6002T,超白系列,944,运输损坏,2025-04-12,35400.0,False,顺丰
RET00431,SHP01244,2024-12,FWD5893,钻石系列,428,质量问题,2024-12-24,107000.0,False,FedEx
RET00432,SHP02972,2024-10,FWD205WR,耐候系列,130,运输损坏,2024-11-03,11700.0,False,FedEx
RET00433,SHP02196,2025-04,FWD411,着色系列,681,运输损坏,2025-05-05,40860.0,False,京东物流
RET00434,SHP00190,2025-11,FWD524WR,耐候系列,417,客户取消,2025-11-20,37530.0,True,京东物流
RET00435,SHP00709,2025-09,FWD6683T,磁性珠光,141,质量问题,2025-09-25,42300.0,False,中外运
RET00436,SHP00227,2025-10,FWDV080,玻璃包银系列,257,质量问题,2025-10-20,1300420.0,False,中外运
RET00437,SHP02477,2025-07,FWD7305WR,耐候系列,117,发货错误,2025-07-29,14040.0,True,FedEx
RET00438,SHP02640,2025-09,BHC89235G,着色变色龙,292,发货错误,2025-09-26,146000.0,True,京东物流
RET00439,SHP00524,2025-02,FWDD29X,钻石系列,539,客户取消,2025-03-10,188650.0,True,中外运
RET00440,SHP01479,2025-02,BHC9232MGH,化妆品系列,296,发货错误,2025-03-04,65120.0,True,FedEx
RET00441,SHP02760,2024-12,FWDV150B,玻璃包银系列,971,质量问题,2024-12-29,2155620.0,False,德邦
RET00442,SHP00396,2025-03,FWD308,金色系列,511,发货错误,2025-03-14,19162.5,True,DHL
RET00443,SHP00695,2025-04,FWD6500,水晶系列,523,质量问题,2025-05-05,28765.0,False,DHL
RET00444,SHP01875,2025-07,FWD6215,水晶系列,84,运输损坏,2025-07-27,4620.0,False,德邦
RET00445,SHP03282,2024-10,FWD421,着色系列,380,发货错误,2024-10-20,22800.0,True,京东物流
RET00446,SHP01703,2024-10,FWD413,着色系列,32,运输损坏,2024-11-13,1920.0,False,德邦
RET00447,SHP00772,2025-05,FWD5870C,钻石系列,36,规格不符,2025-05-24,6480.0,True,DHL
RET00448,SHP01669,2025-04,FWD6885,水晶系列,45,客户取消,2025-04-26,2475.0,True,顺丰
RET00449,SHP01996,2025-01,FWD506,金属彩光系列,757,质量问题,2025-02-08,21196.0,False,顺丰
RET00450,SHP00774,2025-01,FWD362,金色系列,84,客户取消,2025-01-26,3150.0,True,德邦
RET00451,SHP02822,2025-02,FWD402,着色系列,259,运输损坏,2025-02-05,11396.0,False,京东物流
RET00452,SHP02629,2025-03,FWD522,金属彩光系列,203,规格不符,2025-04-05,6902.0,True,中外运
RET00453,SHP01959,2025-08,FWD323WR,耐候系列,743,质量问题,2025-08-24,66870.0,False,京东物流
RET00454,SHP03292,2025-03,FWDD10L,钻石系列,113,质量问题,2025-03-10,13560.0,False,德邦
RET00455,SHP00012,2025-08,FWD509,金属彩光系列,1085,质量问题,2025-08-21,36890.0,False,中外运
RET00456,SHP02341,2025-10,FWD6300,水晶系列,371,客户取消,2025-10-21,31535.0,True,京东物流
RET00457,SHP00804,2025-08,BHC89235G,着色变色龙,159,发货错误,2025-08-28,79500.0,True,顺丰
RET00458,SHP00828,2025-02,FWDV155,玻璃包银系列,269,质量问题,2025-03-02,373910.0,False,中外运
RET00459,SHP02465,2025-07,FWD402,着色系列,245,运输损坏,2025-07-15,10780.0,False,FedEx
RET00460,SHP02950,2024-12,FWD436 ,着色系列,302,质量问题,2024-12-16,7550.0,False,顺丰
RET00461,SHP00559,2025-04,FWDD27X,钻石系列,258,质量问题,2025-05-12,64500.0,False,京东物流
RET00462,SHP00939,2024-11,FWD510,金属彩光系列,7,发货错误,2024-11-19,238.0,True,DHL
RET00463,SHP00826,2025-02,BHC9234BOH,化妆品系列,519,质量问题,2025-02-03,114180.0,False,中外运
RET00464,SHP01636,2025-04,FWD173,银白系列,67,发货错误,2025-04-24,1742.0,True,FedEx
RET00465,SHP02286,2025-07,BHC89230GY,着色变色龙,256,发货错误,2025-07-31,128000.0,True,德邦
RET00466,SHP02167,2025-01,FWD5519,金属彩光系列,1335,规格不符,2025-01-16,80100.0,True,顺丰
RET00467,SHP02571,2025-09,FWD522,金属彩光系列,668,质量问题,2025-09-17,22712.0,False,FedEx
RET00468,SHP00701,2025-03,FWD111WR,耐候系列,1667,规格不符,2025-03-14,100020.0,True,德邦
RET00469,SHP00207,2025-03,FWD5874A,钻石系列,532,客户取消,2025-03-09,148960.0,True,顺丰
RET00470,SHP01150,2024-12,FWD5800D,钻石系列,369,规格不符,2024-12-17,44280.0,True,顺丰
RET00471,SHP03284,2025-01,FWDD23L,钻石系列,29,运输损坏,2025-01-19,8120.0,False,DHL
RET00472,SHP02867,2025-07,FWD525,金属彩光系列,857,质量问题,2025-07-25,29138.0,False,DHL
RET00473,SHP00602,2025-10,FWD5519,金属彩光系列,1220,发货错误,2025-10-10,73200.0,True,中外运
RET00474,SHP03203,2025-02,FWD6300T,水晶系列,466,规格不符,2025-02-22,39610.0,True,京东物流
RET00475,SHP02518,2025-05,FWD235,虹彩系列,813,运输损坏,2025-06-08,30487.5,False,DHL
RET00476,SHP01003,2025-02,FWD421,着色系列,22,客户取消,2025-02-17,1320.0,True,DHL
RET00477,SHP00309,2025-02,BHC89237BG,着色变色龙,1003,客户取消,2025-03-18,501500.0,True,德邦
RET00478,SHP00488,2024-11,FWD6219,水晶系列,690,发货错误,2024-11-23,37950.0,True,FedEx
RET00479,SHP02831,2025-06,FWDD21X,钻石系列,1777,运输损坏,2025-07-11,444250.0,False,FedEx
RET00480,SHP01799,2025-10,FWD351WR,耐候系列,362,运输损坏,2025-11-08,32580.0,False,DHL
RET00481,SHP00566,2025-10,FWDV015,玻璃包银系列,888,质量问题,2025-10-13,7112880.0,False,FedEx
RET00482,SHP02673,2024-12,FWD415Y,着色系列,100,运输损坏,2024-12-31,4400.0,False,FedEx
RET00483,SHP01045,2025-01,BHC9230YBH,化妆品系列,58,运输损坏,2025-01-22,12760.0,False,德邦
RET00484,SHP01125,2025-08,FWD249,虹彩系列,222,运输损坏,2025-08-26,8325.0,False,FedEx
RET00485,SHP00238,2024-11,FWD408,着色系列,508,发货错误,2024-11-23,30480.0,True,京东物流
RET00486,SHP00174,2025-11,FWDV580,玻璃包银系列,825,发货错误,2025-11-27,1080750.0,True,顺丰
RET00487,SHP00951,2024-10,FWD302,金色系列,928,质量问题,2024-10-11,34800.0,False,中外运
RET00488,SHP03168,2024-12,FWD520,金属彩光系列,907,运输损坏,2024-12-23,30838.0,False,京东物流
RET00489,SHP02318,2025-10,FWDD21X,钻石系列,413,客户取消,2025-10-30,103250.0,True,FedEx
RET00490,SHP02590,2025-08,FWD3112,金色系列,6,质量问题,2025-08-29,240.0,False,德邦
RET00491,SHP02788,2024-12,FWD403,着色系列,485,运输损坏,2024-12-21,21340.0,False,中外运
RET00492,SHP00369,2025-05,FWD6003,超白系列,899,规格不符,2025-05-26,44051.0,True,德邦
RET00493,SHP03296,2025-07,FWD5871C,钻石系列,1071,规格不符,2025-07-19,278460.0,True,FedEx
RET00494,SHP02251,2024-12,FWD416,着色系列,377,客户取消,2024-12-18,22620.0,True,中外运
RET00495,SHP02633,2025-04,BHC9234BOH,化妆品系列,299,运输损坏,2025-04-30,65780.0,False,DHL
RET00496,SHP00556,2025-02,FWD6502A,水晶系列,169,发货错误,2025-02-19,9295.0,True,德邦
RET00497,SHP03297,2025-02,FWD6303,水晶系列,33,规格不符,2025-02-20,2805.0,True,德邦
RET00498,SHP02857,2025-07,FWD502WR,耐候系列,766,客户取消,2025-07-25,68940.0,True,FedEx
RET00499,SHP00662,2025-09,FWDV080B,玻璃包银系列,603,运输损坏,2025-10-01,2550690.0,False,DHL
RET00500,SHP03173,2025-07,FWD525WR,耐候系列,37,发货错误,2025-07-14,3330.0,True,DHL
RET00501,SHP01729,2024-11,FWD415Y,着色系列,847,运输损坏,2024-11-29,37268.0,False,德邦
RET00502,SHP00910,2025-01,FWD224,虹彩系列,68,质量问题,2025-02-08,2550.0,False,FedEx
RET00503,SHP02519,2025-10,FWDD29X,钻石系列,603,发货错误,2025-10-17,211050.0,True,FedEx
RET00504,SHP00999,2025-03,BHC9327GP,玻璃变色龙,330,质量问题,2025-03-24,165000.0,False,顺丰
RET00505,SHP03030,2025-04,FWD503,金属彩光系列,116,质量问题,2025-04-29,3944.0,False,DHL
RET00506,SHP03395,2024-12,FWD504WR,耐候系列,80,规格不符,2024-12-26,7200.0,True,FedEx
RET00507,SHP03114,2025-11,FWD305,金色系列,403,客户取消,2025-11-28,15112.5,True,德邦
RET00508,SHP01499,2024-11,HM010AS,云母粉,76,运输损坏,2024-11-24,1900.0,False,FedEx
RET00509,SHP02630,2025-08,FWD205M,虹彩系列,341,发货错误,2025-09-08,12787.5,True,中外运
RET00510,SHP01188,2025-01,FWD100,银白系列,64,运输损坏,2025-02-07,1600.0,False,京东物流
RET00511,SHP00622,2025-10,FWD421,着色系列,141,发货错误,2025-11-11,8460.0,True,德邦
RET00512,SHP01169,2025-04,FWDD29X,钻石系列,6,质量问题,2025-04-23,2100.0,False,顺丰
RET00513,SHP02593,2025-05,FWD361,金色系列,117,规格不符,2025-06-02,4095.0,True,京东物流
RET00514,SHP02150,2025-09,FWD7322,其他,606,客户取消,2025-10-07,42420.0,True,顺丰
RET00515,SHP03373,2025-06,FWD5871A,钻石系列,799,客户取消,2025-06-13,223720.0,True,顺丰
RET00516,SHP02368,2025-09,FWD6840,水晶系列,433,发货错误,2025-10-05,36805.0,True,DHL
RET00517,SHP02896,2025-08,FWD302WR,耐候系列,1025,运输损坏,2025-09-12,92250.0,False,中外运
RET00518,SHP02894,2025-04,FWD7365,其他,481,质量问题,2025-04-17,28860.0,False,京东物流
RET00519,SHP02617,2025-11,FWD8205WR,耐候系列,120,客户取消,2025-11-29,26400.0,True,顺丰
RET00520,SHP01637,2025-09,FWD8503WR,耐候系列,1651,质量问题,2025-10-03,297180.0,False,德邦
RET00521,SHP01240,2025-04,FWD6882,水晶系列,103,客户取消,2025-04-30,5665.0,True,顺丰
RET00522,SHP01159,2024-12,FWD5800D,钻石系列,160,质量问题,2025-01-04,19200.0,False,DHL
RET00523,SHP03226,2025-01,FWD123T,银白系列,1210,质量问题,2025-01-18,39930.0,False,德邦
RET00524,SHP00706,2024-11,FWD111M,银白系列,45,发货错误,2024-11-19,1305.0,True,顺丰
RET00525,SHP02269,2025-09,FWD421,着色系列,205,规格不符,2025-09-29,12300.0,True,FedEx
RET00526,SHP03264,2024-12,FWD509,金属彩光系列,407,客户取消,2024-12-18,13838.0,True,顺丰
RET00527,SHP01123,2024-10,FWD5874A,钻石系列,401,质量问题,2024-10-28,112280.0,False,京东物流
RET00528,SHP02349,2025-05,FWD7504,其他,1325,客户取消,2025-05-23,132500.0,True,京东物流
RET00529,SHP01421,2024-11,BHC9237GRH,化妆品系列,188,运输损坏,2024-12-08,41360.0,False,顺丰
RET00530,SHP01098,2025-11,FWD6504T,水晶系列,168,客户取消,2025-12-06,14280.0,True,DHL
RET00531,SHP00078,2025-03,FWD302,金色系列,75,运输损坏,2025-04-06,2812.5,False,FedEx
RET00532,SHP00360,2024-10,FWDD23M,钻石系列,207,规格不符,2024-10-20,57960.0,True,德邦
RET00533,SHP00981,2025-08,FWD6884,水晶系列,347,运输损坏,2025-08-19,19085.0,False,德邦
RET00534,SHP02155,2025-04,FWD5519WR,耐候系列,1212,规格不符,2025-05-11,145440.0,True,顺丰
RET00535,SHP03291,2025-05,FWDV080B,玻璃包银系列,722,规格不符,2025-05-24,3054060.0,True,FedEx
RET00536,SHP01645,2024-12,FWD221WR,耐候系列,1189,运输损坏,2024-12-31,107010.0,False,德邦
RET00537,SHP01119,2025-10,FWD413,着色系列,101,规格不符,2025-10-07,6060.0,True,京东物流
RET00538,SHP00514,2025-03,FWD8205WR,耐候系列,260,运输损坏,2025-04-09,57200.0,False,德邦
RET00539,SHP02494,2024-12,FWD362,金色系列,25,质量问题,2024-12-23,937.5,False,中外运
RET00540,SHP03085,2024-10,FWD6910,水晶系列,719,质量问题,2024-10-12,39545.0,False,德邦
RET00541,SHP03002,2025-04,FWDV150B,玻璃包银系列,1213,客户取消,2025-04-17,2692860.0,True,中外运
RET00542,SHP00485,2025-03,BHC9233POH,化妆品系列,1000,客户取消,2025-03-22,220000.0,True,顺丰
RET00543,SHP00099,2024-10,FWD103TWR,耐候系列,799,质量问题,2024-10-24,47940.0,False,中外运
RET00544,SHP01516,2025-06,FWD249,虹彩系列,242,客户取消,2025-07-02,9075.0,True,京东物流
RET00545,SHP00452,2025-07,FWD530,金属彩光系列,319,规格不符,2025-08-10,10846.0,True,FedEx
RET00546,SHP03495,2025-02,FWD3112,金色系列,646,客户取消,2025-02-27,25840.0,True,中外运
RET00547,SHP02202,2024-10,FWD534WR,耐候系列,37,规格不符,2024-11-05,3330.0,True,DHL
RET00548,SHP00226,2025-02,FWDD21M,钻石系列,82,质量问题,2025-03-07,22960.0,False,DHL
RET00549,SHP02268,2025-09,BHC5518,化妆品系列,561,质量问题,2025-09-11,42075.0,False,中外运
RET00550,SHP02745,2025-02,FWD401,着色系列,1105,规格不符,2025-03-02,48620.0,True,顺丰
RET00551,SHP01270,2025-04,FWD3302,金色系列,92,运输损坏,2025-04-23,3450.0,False,FedEx
RET00552,SHP02094,2024-12,FWD300WR,耐候系列,88,规格不符,2024-12-18,7920.0,True,DHL
RET00553,SHP03404,2025-02,FWD289,虹彩系列,304,客户取消,2025-02-10,11400.0,True,FedEx
RET00554,SHP00757,2025-11,FWD522,金属彩光系列,207,规格不符,2025-12-03,7038.0,True,中外运
RET00555,SHP01311,2025-11,FWD6603,磁性珠光,1071,客户取消,2025-11-22,267750.0,True,FedEx
RET00556,SHP01124,2025-06,FWD504,金属彩光系列,848,质量问题,2025-06-27,28832.0,False,中外运
RET00557,SHP02849,2025-06,FWDV040,玻璃包银系列,414,运输损坏,2025-06-28,2916630.0,False,德邦
RET00558,SHP03448,2025-08,FWD151WR,耐候系列,539,发货错误,2025-08-20,32340.0,True,中外运
RET00559,SHP02436,2025-09,FWD231,虹彩系列,739,规格不符,2025-09-19,27712.5,True,京东物流
RET00560,SHP00986,2025-08,FWD5870B,钻石系列,515,质量问题,2025-08-28,92700.0,False,DHL
RET00561,SHP01137,2025-06,BHC9227GOH,化妆品系列,267,客户取消,2025-06-20,58740.0,True,DHL
RET00562,SHP01222,2024-10,FWD123T,银白系列,918,运输损坏,2024-10-25,30294.0,False,顺丰
RET00563,SHP02120,2025-06,FWDD23L,钻石系列,136,运输损坏,2025-07-03,38080.0,False,FedEx
RET00564,SHP01348,2025-09,BHC9320YB,玻璃变色龙,395,发货错误,2025-10-10,197500.0,True,京东物流
RET00565,SHP00049,2025-06,FWD435,着色系列,43,质量问题,2025-06-14,2580.0,False,FedEx
RET00566,SHP02704,2025-03,FWD152,银白系列,103,发货错误,2025-03-12,2781.0,True,FedEx
RET00567,SHP01111,2025-10,FWD901KSW,耐候系列,1530,规格不符,2025-10-15,198900.0,True,FedEx
RET00568,SHP02464,2024-10,FWD510,金属彩光系列,54,发货错误,2024-10-21,1836.0,True,京东物流
RET00569,SHP01405,2025-03,FWD6500A,水晶系列,766,运输损坏,2025-03-11,42130.0,False,中外运
RET00570,SHP00818,2024-11,FWD323WR,耐候系列,150,发货错误,2024-12-09,13500.0,True,德邦
RET00571,SHP00820,2025-10,FWD505,金属彩光系列,188,质量问题,2025-11-06,6392.0,False,DHL
RET00572,SHP00535,2025-10,FWDD28M,钻石系列,1210,客户取消,2025-10-24,338800.0,True,中外运
RET00573,SHP01481,2025-06,HC010AS,云母粉,400,发货错误,2025-07-08,10000.0,True,DHL
RET00574,SHP00629,2024-12,BHC9227GOH,化妆品系列,536,客户取消,2024-12-28,117920.0,True,FedEx
RET00575,SHP01781,2025-05,FWDD27M,钻石系列,412,质量问题,2025-05-31,115360.0,False,DHL
RET00576,SHP01580,2025-04,FWD103TWR,耐候系列,310,质量问题,2025-04-21,18600.0,False,京东物流
RET00577,SHP00739,2024-11,FWD6001,超白系列,1636,发货错误,2024-11-08,61350.0,True,京东物流
RET00578,SHP02410,2025-01,FWD435B,着色系列,62,发货错误,2025-01-19,3720.0,True,京东物流
RET00579,SHP00329,2025-08,FWD410,着色系列,147,客户取消,2025-08-21,8820.0,True,德邦
RET00580,SHP03191,2025-11,FWD205WR,耐候系列,1076,运输损坏,2025-12-09,96840.0,False,FedEx
RET00581,SHP00061,2025-06,BHC89232BR,着色变色龙,43,质量问题,2025-06-13,21500.0,False,德邦
RET00582,SHP00887,2025-10,FWD401,着色系列,45,质量问题,2025-10-16,1980.0,False,DHL
RET00583,SHP01069,2025-10,FWD6006,超白系列,25,发货错误,2025-10-16,975.0,True,德邦
RET00584,SHP01976,2025-03,FWD101WR,耐候系列,422,质量问题,2025-04-03,25320.0,False,德邦
RET00585,SHP02366,2024-10,FWD6501,水晶系列,37,运输损坏,2024-10-12,2035.0,False,FedEx
RET00586,SHP02069,2025-04,FWDV080B,玻璃包银系列,7,规格不符,2025-04-12,29610.0,True,FedEx
RET00587,SHP00209,2025-10,FWD205,虹彩系列,164,质量问题,2025-10-23,6150.0,False,DHL
RET00588,SHP01927,2025-04,FWD351WR,耐候系列,17,质量问题,2025-05-10,1530.0,False,FedEx
RET00589,SHP02176,2025-02,FWD320,金色系列,598,运输损坏,2025-03-02,22425.0,False,FedEx
RET00590,SHP02456,2025-01,FWD400B,着色系列,54,运输损坏,2025-01-23,2376.0,False,DHL
RET00591,SHP01268,2025-05,FWDD10X,钻石系列,1085,规格不符,2025-05-11,130200.0,True,DHL
RET00592,SHP00154,2024-10,FWD300,金色系列,312,运输损坏,2024-11-04,11700.0,False,DHL
RET00593,SHP00755,2025-04,FWD7322B,其他,195,运输损坏,2025-04-19,13650.0,False,中外运
RET00594,SHP03022,2025-02,FWDV550,玻璃包银系列,918,质量问题,2025-03-05,1202580.0,False,顺丰
RET00595,SHP02248,2025-11,FWDV095,玻璃包银系列,775,运输损坏,2025-12-04,1658500.0,False,德邦
RET00596,SHP02551,2024-10,FWD308,金色系列,162,客户取消,2024-10-13,6075.0,True,京东物流
RET00597,SHP02461,2025-11,FWD5516,金属彩光系列,979,运输损坏,2025-11-30,58740.0,False,京东物流
RET00598,SHP00126,2025-08,FWD123TS,银白系列,576,客户取消,2025-08-22,21888.0,True,FedEx
RET00599,SHP02624,2025-07,FWD532,金属彩光系列,1514,客户取消,2025-07-21,51476.0,True,FedEx
RET00600,SHP01044,2025-10,FWD306WR,耐候系列,235,运输损坏,2025-11-01,21150.0,False,DHL
RET00601,SHP01856,2024-10,FWD152,银白系列,582,规格不符,2024-10-31,15714.0,True,德邦
RET00602,SHP01458,2025-10,FWD304,金色系列,270,运输损坏,2025-10-27,10125.0,False,顺丰
RET00603,SHP02678,2025-10,FWD6219,水晶系列,858,质量问题,2025-11-04,47190.0,False,DHL
RET00604,SHP02747,2024-12,FWD400B,着色系列,607,运输损坏,2025-01-08,26708.0,False,FedEx
RET00605,SHP01290,2025-07,FWD215,虹彩系列,28,规格不符,2025-08-10,1050.0,True,DHL
RET00606,SHP00843,2024-11,FWD111M,银白系列,38,发货错误,2024-12-09,1102.0,True,FedEx
RET00607,SHP02296,2024-11,FWD510,金属彩光系列,357,客户取消,2024-12-01,12138.0,True,顺丰
RET00608,SHP01017,2025-09,FWD6003T,超白系列,757,规格不符,2025-10-05,28387.5,True,德邦
RET00609,SHP03120,2025-11,FWD2205G,虹彩系列,677,运输损坏,2025-11-17,25387.5,False,DHL
RET00610,SHP02658,2025-10,FWD3112,金色系列,888,运输损坏,2025-10-24,35520.0,False,德邦
RET00611,SHP01273,2025-02,FWD5516,金属彩光系列,79,质量问题,2025-02-18,4740.0,False,FedEx
RET00612,SHP02647,2025-03,FWDV150B,玻璃包银系列,1169,发货错误,2025-04-02,2595180.0,True,FedEx
RET00613,SHP02988,2025-10,FWD225WR,耐候系列,15,发货错误,2025-11-07,1350.0,True,中外运
RET00614,SHP00628,2025-05,BHC89234BG,着色变色龙,62,质量问题,2025-05-24,31000.0,False,德邦
RET00615,SHP01547,2025-06,FWD6502A,水晶系列,108,质量问题,2025-06-20,5940.0,False,中外运
RET00616,SHP03029,2025-07,FWD151,银白系列,612,规格不符,2025-08-04,15300.0,True,中外运
RET00617,SHP02851,2024-12,FWD5871A,钻石系列,981,发货错误,2024-12-13,274680.0,True,德邦
RET00618,SHP01919,2025-02,FWD304,金色系列,573,发货错误,2025-02-23,21487.5,True,顺丰
RET00619,SHP00499,2025-09,FWD323WR,耐候系列,115,质量问题,2025-09-18,10350.0,False,DHL
RET00620,SHP03220,2025-08,FWD6820,水晶系列,516,规格不符,2025-08-30,43860.0,True,德邦
RET00621,SHP00933,2025-08,FWD6910,水晶系列,1418,运输损坏,2025-09-08,77990.0,False,京东物流
RET00622,SHP00017,2024-10,FWD221,虹彩系列,702,发货错误,2024-10-20,26325.0,True,顺丰
RET00623,SHP00139,2025-09,FWD5870D,钻石系列,444,发货错误,2025-09-10,79920.0,True,顺丰
RET00624,SHP01578,2025-01,FWD6884,水晶系列,1057,规格不符,2025-01-10,58135.0,True,顺丰
RET00625,SHP03313,2025-03,FWD305,金色系列,1406,客户取消,2025-03-30,52725.0,True,京东物流
RET00626,SHP01667,2025-06,BHC89233BR,着色变色龙,609,客户取消,2025-07-03,304500.0,True,FedEx
RET00627,SHP01682,2025-10,FWD5870B,钻石系列,33,质量问题,2025-11-09,5940.0,False,顺丰
RET00628,SHP00640,2025-07,FWD205,虹彩系列,791,发货错误,2025-07-26,29662.5,True,顺丰
RET00629,SHP00950,2025-11,FWD3112,金色系列,842,质量问题,2025-12-09,33680.0,False,中外运
RET00630,SHP02537,2025-06,BHC9326BM ,玻璃变色龙,1098,质量问题,2025-06-23,27450.0,False,DHL
RET00631,SHP01380,2025-08,BHC89232BR,着色变色龙,1430,质量问题,2025-08-15,715000.0,False,FedEx
RET00632,SHP00020,2025-02,FWD6500A,水晶系列,993,发货错误,2025-02-23,54615.0,True,FedEx
RET00633,SHP01984,2024-12,FWDV155,玻璃包银系列,737,规格不符,2024-12-21,1024430.0,True,德邦
RET00634,SHP01412,2025-04,FWD355,金色系列,509,规格不符,2025-04-17,19087.5,True,中外运
RET00635,SHP03275,2025-01,FWD520WR,耐候系列,216,客户取消,2025-01-16,19440.0,True,中外运
RET00636,SHP01681,2025-03,FWD504WR,耐候系列,218,发货错误,2025-03-18,19620.0,True,京东物流
RET00637,SHP02315,2024-12,FWD421,着色系列,80,客户取消,2024-12-24,4800.0,True,中外运
RET00638,SHP01408,2025-04,FWD303WR,耐候系列,744,客户取消,2025-04-24,66960.0,True,DHL
RET00639,SHP02027,2025-01,FWD6850,水晶系列,679,发货错误,2025-02-03,57715.0,True,顺丰
RET00640,SHP02562,2025-10,FWD362,金色系列,986,发货错误,2025-10-20,36975.0,True,德邦
RET00641,SHP01223,2025-02,FWD6603,磁性珠光,1064,发货错误,2025-02-24,266000.0,True,顺丰
RET00642,SHP00289,2025-04,BHC89230GY,着色变色龙,743,发货错误,2025-04-29,371500.0,True,DHL
RET00643,SHP03027,2025-05,FWDD28M,钻石系列,321,发货错误,2025-06-03,89880.0,True,京东物流
RET00644,SHP03477,2025-04,FWDD28X,钻石系列,518,质量问题,2025-04-23,129500.0,False,FedEx
RET00645,SHP00466,2025-03,FWD6840,水晶系列,86,客户取消,2025-04-05,7310.0,True,中外运
