month,channel,category,revenue_rmb,units_sold,orders_count,avg_order_value,return_rate,new_customer_ratio
2024-10,电商平台,金色系列,28799.55,1674,84,126.31,0.01,0.16
2024-10,电商平台,磁性珠光,433531.55,3215,218,1559.47,0.03,0.29
2024-10,电商平台,其他,123399.55,2853,228,483.92,0.01,0.23
2024-10,电商平台,金属彩光系列,35311.19,1001,147,180.16,0.03,0.21
2024-10,电商平台,超白系列,214856.36,2720,34,2085.98,0.01,0.12
2024-10,电商平台,钻石系列,374929.81,1836,156,1493.74,0.03,0.28
2024-10,电商平台,耐候系列,221144.69,2166,261,1128.29,0.03,0.13
2024-10,电商平台,着色系列,337784.29,4620,76,1887.06,0.04,0.34
2024-10,电商平台,玻璃变色龙,374036.69,4924,280,1870.18,0.03,0.18
2024-10,电商平台,水晶系列,296320.34,814,64,3898.95,0.05,0.28
2024-10,电商平台,化妆品系列,30109.08,1660,108,126.51,0.07,0.12
2024-10,电商平台,云母粉,277823.72,2909,164,1102.48,0.08,0.16
2024-10,电商平台,银白系列,363177.04,458,75,3362.75,0.04,0.31
2024-10,电商平台,虹彩系列,446877.46,4690,187,2268.41,0.04,0.32
2024-10,电商平台,着色变色龙,456316.1,654,257,2037.13,0.05,0.39
2024-10,电商平台,玻璃包银系列,397533.73,1467,150,5230.71,0.03,0.39
2024-11,电商平台,金色系列,39788.76,1658,213,151.29,0.06,0.36
2024-11,电商平台,磁性珠光,486053.82,1455,234,1800.2,0.04,0.33
2024-11,电商平台,其他,206415.99,2324,115,1984.77,0.01,0.27
2024-11,电商平台,金属彩光系列,300135.25,172,272,1235.12,0.05,0.32
2024-11,电商平台,超白系列,136828.96,1904,161,930.81,0.05,0.15
2024-11,电商平台,钻石系列,32350.11,2051,159,1078.34,0.05,0.38
2024-11,电商平台,耐候系列,146100.69,1189,148,4058.35,0.05,0.17
2024-11,电商平台,着色系列,413471.03,4479,69,41347.1,0.06,0.29
2024-11,电商平台,玻璃变色龙,486387.13,2758,52,1671.43,0.03,0.14
2024-11,电商平台,水晶系列,450184.52,2515,176,11543.19,0.05,0.1
2024-11,电商平台,化妆品系列,184186.75,2391,100,1306.29,0.08,0.26
2024-11,电商平台,云母粉,489593.57,4878,64,2388.26,0.08,0.18
2024-11,电商平台,银白系列,316852.52,4612,115,1342.6,0.03,0.18
2024-11,电商平台,虹彩系列,295015.26,3339,89,1239.56,0.03,0.32
2024-11,电商平台,着色变色龙,190633.6,4024,57,724.84,0.02,0.16
2024-11,电商平台,玻璃包银系列,432552.56,1647,261,4240.71,0.06,0.11
2024-12,电商平台,金色系列,89830.14,1555,211,847.45,0.01,0.12
2024-12,电商平台,磁性珠光,130174.38,3397,61,466.57,0.02,0.33
2024-12,电商平台,其他,15776.38,916,203,76.58,0.01,0.35
2024-12,电商平台,金属彩光系列,384088.42,458,77,2803.57,0.06,0.18
2024-12,电商平台,超白系列,469913.21,210,14,7342.39,0.05,0.35
2024-12,电商平台,钻石系列,427832.9,796,113,5281.89,0.04,0.27
2024-12,电商平台,耐候系列,227719.84,1436,167,1272.18,0.04,0.17
2024-12,电商平台,着色系列,276327.95,2291,288,3785.31,0.01,0.11
2024-12,电商平台,玻璃变色龙,276874.63,940,271,1247.18,0.02,0.37
2024-12,电商平台,水晶系列,21760.43,3599,207,256.01,0.03,0.19
2024-12,电商平台,化妆品系列,461628.55,3251,67,1768.69,0.02,0.13
2024-12,电商平台,云母粉,59850.76,2408,192,1221.44,0.05,0.14
2024-12,电商平台,银白系列,462426.61,794,32,5315.25,0.02,0.26
2024-12,电商平台,虹彩系列,303809.63,3583,86,1852.5,0.05,0.19
2024-12,电商平台,着色变色龙,438947.06,2320,265,2216.9,0.08,0.34
2024-12,电商平台,玻璃包银系列,358540.27,725,11,4169.07,0.06,0.14
2025-01,电商平台,金色系列,82412.29,3759,254,1873.01,0.02,0.23
2025-01,电商平台,磁性珠光,366086.79,1285,56,2091.92,0.08,0.15
2025-01,电商平台,其他,198658.52,2715,263,875.15,0.04,0.39
2025-01,电商平台,金属彩光系列,304854.13,2831,80,2258.18,0.04,0.26
2025-01,电商平台,超白系列,273986.15,4135,282,964.74,0.07,0.22
2025-01,电商平台,钻石系列,294672.33,3555,279,2415.35,0.06,0.17
2025-01,电商平台,耐候系列,11404.39,240,195,38.66,0.04,0.14
2025-01,电商平台,着色系列,63976.59,2961,194,789.83,0.03,0.14
2025-01,电商平台,玻璃变色龙,428122.98,3549,134,3659.17,0.07,0.12
2025-01,电商平台,水晶系列,77522.64,1272,203,3370.55,0.06,0.23
2025-01,电商平台,化妆品系列,36500.84,968,47,143.7,0.07,0.36
2025-01,电商平台,云母粉,24791.01,3092,82,495.82,0.03,0.1
2025-01,电商平台,银白系列,417223.32,3511,86,4050.71,0.04,0.14
2025-01,电商平台,虹彩系列,268450.52,2553,250,1220.23,0.06,0.23
2025-01,电商平台,着色变色龙,325975.1,208,156,4939.02,0.02,0.36
2025-01,电商平台,玻璃包银系列,25738.36,1521,267,279.76,0.01,0.35
2025-02,电商平台,金色系列,343152.74,3821,293,2416.57,0.07,0.25
2025-02,电商平台,磁性珠光,357582.88,3570,90,2399.89,0.08,0.26
2025-02,电商平台,其他,489183.88,1125,118,2275.27,0.05,0.17
2025-02,电商平台,金属彩光系列,100009.95,4681,49,401.65,0.04,0.3
2025-02,电商平台,超白系列,208498.94,3216,94,5635.11,0.07,0.29
2025-02,电商平台,钻石系列,105417.99,988,63,2151.39,0.04,0.33
2025-02,电商平台,耐候系列,174381.11,2062,154,1875.07,0.05,0.12
2025-02,电商平台,着色系列,302584.27,2632,106,1036.25,0.02,0.38
2025-02,电商平台,玻璃变色龙,127764.23,796,299,3992.63,0.05,0.34
2025-02,电商平台,水晶系列,32383.5,2677,57,192.76,0.01,0.21
2025-02,电商平台,化妆品系列,148377.07,3361,266,1361.26,0.03,0.22
2025-02,电商平台,云母粉,184360.27,1161,59,1029.95,0.04,0.32
2025-02,电商平台,银白系列,59491.41,1330,22,290.2,0.04,0.36
2025-02,电商平台,虹彩系列,28330.06,1420,87,114.7,0.02,0.29
2025-02,电商平台,着色变色龙,476880.96,1997,120,5815.62,0.06,0.15
2025-02,电商平台,玻璃包银系列,482197.01,4329,277,2620.64,0.04,0.14
2025-03,电商平台,金色系列,152512.38,3629,30,733.23,0.03,0.4
2025-03,电商平台,磁性珠光,307369.75,1348,300,1164.28,0.02,0.1
2025-03,电商平台,其他,385495.48,2635,290,7138.81,0.04,0.24
2025-03,电商平台,金属彩光系列,93161.64,2521,92,2117.31,0.03,0.21
2025-03,电商平台,超白系列,53722.33,1567,245,378.33,0.08,0.39
2025-03,电商平台,钻石系列,383941.72,3721,81,5259.48,0.08,0.25
2025-03,电商平台,耐候系列,188101.33,2448,215,858.91,0.07,0.38
2025-03,电商平台,着色系列,73202.28,3104,272,430.6,0.04,0.3
2025-03,电商平台,玻璃变色龙,257911.79,2253,31,6613.12,0.06,0.17
2025-03,电商平台,水晶系列,412405.17,165,89,6546.11,0.03,0.15
2025-03,电商平台,化妆品系列,205647.41,697,124,988.69,0.07,0.3
2025-03,电商平台,云母粉,180979.6,3937,283,729.76,0.02,0.15
2025-03,电商平台,银白系列,63090.68,3351,231,563.31,0.04,0.12
2025-03,电商平台,虹彩系列,177787.54,4083,118,702.72,0.02,0.24
2025-03,电商平台,着色变色龙,277089.8,3949,84,2328.49,0.03,0.11
2025-03,电商平台,玻璃包银系列,304527.93,3215,41,1561.68,0.07,0.39
2025-04,电商平台,金色系列,114576.21,1832,21,506.97,0.03,0.29
2025-04,电商平台,磁性珠光,50959.73,667,150,234.84,0.02,0.36
2025-04,电商平台,其他,231196.26,3538,278,1942.83,0.06,0.18
2025-04,电商平台,金属彩光系列,416969.05,857,229,2253.89,0.08,0.19
2025-04,电商平台,超白系列,107316.6,3533,256,424.18,0.05,0.34
2025-04,电商平台,钻石系列,483139.02,3678,191,2311.67,0.07,0.27
2025-04,电商平台,耐候系列,447951.85,1726,49,5332.76,0.03,0.4
2025-04,电商平台,着色系列,470094.84,2692,17,5403.39,0.07,0.38
2025-04,电商平台,玻璃变色龙,254728.38,2692,68,1168.48,0.03,0.32
2025-04,电商平台,水晶系列,494236.92,1129,240,8376.9,0.01,0.32
2025-04,电商平台,化妆品系列,101951.9,4573,95,502.23,0.03,0.16
2025-04,电商平台,云母粉,103667.91,4825,17,520.94,0.07,0.1
2025-04,电商平台,银白系列,449360.91,4213,73,1695.7,0.06,0.24
2025-04,电商平台,虹彩系列,211089.54,2985,287,925.83,0.05,0.33
2025-04,电商平台,着色变色龙,65556.2,1540,244,286.27,0.04,0.27
2025-04,电商平台,玻璃包银系列,89702.0,3670,205,578.72,0.07,0.31
2025-05,电商平台,金色系列,224371.9,2420,60,4155.04,0.07,0.13
2025-05,电商平台,磁性珠光,328316.05,3469,63,1243.62,0.06,0.29
2025-05,电商平台,其他,276919.53,3738,267,10650.75,0.06,0.36
2025-05,电商平台,金属彩光系列,113816.85,3824,292,555.2,0.02,0.36
2025-05,电商平台,超白系列,475770.23,2972,247,2152.81,0.07,0.29
2025-05,电商平台,钻石系列,394471.23,3342,13,1962.54,0.06,0.25
2025-05,电商平台,耐候系列,141128.48,2266,167,635.71,0.06,0.1
2025-05,电商平台,着色系列,455438.93,367,17,19801.69,0.02,0.21
2025-05,电商平台,玻璃变色龙,410186.44,2700,181,4228.73,0.08,0.4
2025-05,电商平台,水晶系列,128497.25,3306,108,608.99,0.07,0.34
2025-05,电商平台,化妆品系列,293148.27,1155,209,2991.31,0.04,0.2
2025-05,电商平台,云母粉,87637.39,1992,60,1184.29,0.05,0.29
2025-05,电商平台,银白系列,394297.83,2231,293,4332.94,0.08,0.16
2025-05,电商平台,虹彩系列,55700.05,3683,15,632.96,0.01,0.31
2025-05,电商平台,着色变色龙,461091.25,745,205,20958.69,0.06,0.14
2025-05,电商平台,玻璃包银系列,232316.07,3033,105,1759.97,0.06,0.17
2025-06,电商平台,金色系列,104976.17,2109,203,734.1,0.06,0.18
2025-06,电商平台,磁性珠光,468138.19,289,62,7093.0,0.04,0.28
2025-06,电商平台,其他,62467.56,2413,144,612.43,0.02,0.25
2025-06,电商平台,金属彩光系列,187084.69,1803,210,3066.96,0.04,0.11
2025-06,电商平台,超白系列,46052.23,725,117,205.59,0.04,0.19
2025-06,电商平台,钻石系列,455068.18,1419,102,2809.06,0.01,0.15
2025-06,电商平台,耐候系列,287973.99,357,70,1556.62,0.08,0.25
2025-06,电商平台,着色系列,310862.45,4576,12,3416.07,0.05,0.18
2025-06,电商平台,玻璃变色龙,69580.87,342,284,3313.37,0.05,0.33
2025-06,电商平台,水晶系列,115990.2,3089,68,958.6,0.01,0.14
2025-06,电商平台,化妆品系列,50886.95,1136,147,339.25,0.04,0.39
2025-06,电商平台,云母粉,180791.16,4617,160,726.07,0.06,0.25
2025-06,电商平台,银白系列,261201.71,3376,108,1892.77,0.02,0.31
2025-06,电商平台,虹彩系列,444784.3,2402,211,7173.94,0.05,0.33
2025-06,电商平台,着色变色龙,162676.71,1786,259,704.23,0.07,0.23
2025-06,电商平台,玻璃包银系列,376068.84,2711,65,1825.58,0.04,0.27
2025-07,电商平台,金色系列,193240.64,626,240,2034.11,0.07,0.39
2025-07,电商平台,磁性珠光,134001.19,3457,160,476.87,0.03,0.11
2025-07,电商平台,其他,98153.08,2743,229,934.79,0.04,0.12
2025-07,电商平台,金属彩光系列,331907.76,3147,84,1952.4,0.02,0.2
2025-07,电商平台,超白系列,15341.5,2794,119,61.86,0.05,0.2
2025-07,电商平台,钻石系列,123997.88,642,207,799.99,0.05,0.26
2025-07,电商平台,耐候系列,60430.89,2377,48,268.58,0.06,0.23
2025-07,电商平台,着色系列,408563.29,1723,110,11673.24,0.07,0.25
2025-07,电商平台,玻璃变色龙,495227.26,3550,71,6783.94,0.04,0.28
2025-07,电商平台,水晶系列,299673.84,2036,20,1933.38,0.01,0.33
2025-07,电商平台,化妆品系列,292121.78,138,246,1884.66,0.02,0.39
2025-07,电商平台,云母粉,28134.02,4470,280,937.8,0.03,0.1
2025-07,电商平台,银白系列,240247.74,3500,164,1601.65,0.03,0.2
2025-07,电商平台,虹彩系列,49085.93,2665,262,1443.7,0.04,0.31
2025-07,电商平台,着色变色龙,232745.05,1094,201,3753.95,0.01,0.11
2025-07,电商平台,玻璃包银系列,15094.05,961,175,64.78,0.03,0.13
2025-08,电商平台,金色系列,364812.88,3121,285,30401.07,0.08,0.36
2025-08,电商平台,磁性珠光,137246.97,452,66,4036.68,0.08,0.12
2025-08,电商平台,其他,171371.2,3209,148,1766.71,0.07,0.28
2025-08,电商平台,金属彩光系列,68751.7,2715,85,311.09,0.05,0.3
2025-08,电商平台,超白系列,265664.21,2070,254,1021.79,0.08,0.2
2025-08,电商平台,钻石系列,368123.64,1950,57,2538.78,0.06,0.31
2025-08,电商平台,耐候系列,182974.75,2085,115,3734.18,0.02,0.25
2025-08,电商平台,着色系列,114112.98,1870,249,551.27,0.02,0.13
2025-08,电商平台,玻璃变色龙,112244.11,4937,280,411.15,0.07,0.33
2025-08,电商平台,水晶系列,162794.46,3819,88,607.44,0.02,0.14
2025-08,电商平台,化妆品系列,459181.65,3258,241,1688.17,0.02,0.22
2025-08,电商平台,云母粉,43633.26,3565,94,261.28,0.08,0.27
2025-08,电商平台,银白系列,60011.53,3876,64,909.27,0.03,0.37
2025-08,电商平台,虹彩系列,101644.59,334,253,361.72,0.04,0.18
2025-08,电商平台,着色变色龙,464194.58,788,191,2018.24,0.02,0.22
2025-08,电商平台,玻璃包银系列,221115.73,2833,37,940.92,0.03,0.13
2025-09,电商平台,金色系列,327824.66,3561,109,2048.9,0.02,0.15
2025-09,电商平台,磁性珠光,145203.59,4143,275,628.59,0.02,0.11
2025-09,电商平台,其他,131982.68,1009,122,1940.92,0.01,0.11
2025-09,电商平台,金属彩光系列,140427.34,639,282,2302.09,0.03,0.36
2025-09,电商平台,超白系列,352761.02,3414,210,1671.85,0.02,0.32
2025-09,电商平台,钻石系列,440968.56,2297,263,3834.51,0.02,0.16
2025-09,电商平台,耐候系列,322080.61,4984,157,29280.06,0.02,0.25
2025-09,电商平台,着色系列,353230.9,4005,166,2675.99,0.02,0.3
2025-09,电商平台,玻璃变色龙,91656.27,2821,243,1117.76,0.08,0.3
2025-09,电商平台,水晶系列,219682.05,270,100,1515.05,0.07,0.15
2025-09,电商平台,化妆品系列,382527.77,179,190,1517.97,0.05,0.25
2025-09,电商平台,云母粉,131280.11,996,33,7293.34,0.05,0.4
2025-09,电商平台,银白系列,419325.93,4403,267,4413.96,0.06,0.33
2025-09,电商平台,虹彩系列,58996.31,2849,241,226.04,0.06,0.4
2025-09,电商平台,着色变色龙,136096.36,4085,139,694.37,0.04,0.35
2025-09,电商平台,玻璃包银系列,157555.68,2833,275,613.06,0.02,0.31
2025-10,电商平台,金色系列,366825.62,269,85,1667.39,0.07,0.3
2025-10,电商平台,磁性珠光,79400.23,4178,25,588.15,0.05,0.31
2025-10,电商平台,其他,221053.05,1790,55,2028.01,0.07,0.21
2025-10,电商平台,金属彩光系列,62886.51,2343,288,262.03,0.08,0.36
2025-10,电商平台,超白系列,95726.6,2957,179,455.84,0.05,0.38
2025-10,电商平台,钻石系列,145361.09,1661,31,526.67,0.06,0.35
2025-10,电商平台,耐候系列,70251.02,3827,300,375.67,0.03,0.39
2025-10,电商平台,着色系列,254474.24,1305,248,2959.0,0.05,0.19
2025-10,电商平台,玻璃变色龙,283489.02,1432,165,1094.55,0.03,0.34
2025-10,电商平台,水晶系列,17640.28,435,121,114.55,0.07,0.14
2025-10,电商平台,化妆品系列,249299.56,141,230,1312.1,0.06,0.1
2025-10,电商平台,云母粉,133202.4,2968,155,498.89,0.06,0.33
2025-10,电商平台,银白系列,85968.14,804,148,1035.76,0.08,0.16
2025-10,电商平台,虹彩系列,296760.17,761,158,2432.46,0.01,0.38
2025-10,电商平台,着色变色龙,131876.97,3264,226,616.25,0.08,0.13
2025-10,电商平台,玻璃包银系列,138017.85,2574,169,1408.35,0.05,0.3
2025-11,电商平台,金色系列,168015.15,4836,81,1500.14,0.03,0.22
2025-11,电商平台,磁性珠光,107766.36,2598,53,665.22,0.05,0.29
2025-11,电商平台,其他,277457.03,3179,233,4702.66,0.02,0.23
2025-11,电商平台,金属彩光系列,163497.63,3029,249,856.01,0.04,0.23
2025-11,电商平台,超白系列,211026.73,326,296,9175.08,0.08,0.23
2025-11,电商平台,钻石系列,380369.66,2577,134,1398.42,0.04,0.29
2025-11,电商平台,耐候系列,450957.08,2503,37,2137.24,0.02,0.3
2025-11,电商平台,着色系列,236775.83,4343,245,6399.35,0.02,0.18
2025-11,电商平台,玻璃变色龙,493225.03,976,180,8359.75,0.07,0.27
2025-11,电商平台,水晶系列,348390.52,598,72,1285.57,0.06,0.12
2025-11,电商平台,化妆品系列,110481.58,1280,297,420.08,0.02,0.37
2025-11,电商平台,云母粉,323437.38,1367,164,1913.83,0.06,0.38
2025-11,电商平台,银白系列,404752.25,1744,68,9198.91,0.01,0.28
2025-11,电商平台,虹彩系列,69306.86,893,136,607.95,0.02,0.11
2025-11,电商平台,着色变色龙,257844.21,3300,38,3581.17,0.03,0.25
2025-11,电商平台,玻璃包银系列,100181.53,2024,289,700.57,0.07,0.3
2024-10,线下门店,金色系列,431063.81,1109,231,5131.71,0.05,0.16
2024-10,线下门店,磁性珠光,411089.55,2071,97,1516.94,0.06,0.26
2024-10,线下门店,其他,243317.62,2475,158,3988.81,0.08,0.25
2024-10,线下门店,金属彩光系列,337172.83,3304,207,5268.33,0.04,0.34
2024-10,线下门店,超白系列,82601.6,2421,244,1163.4,0.05,0.1
2024-10,线下门店,钻石系列,158353.17,3741,31,829.07,0.08,0.24
2024-10,线下门店,耐候系列,364301.98,2368,14,4003.32,0.04,0.36
2024-10,线下门店,着色系列,256570.75,2957,278,1227.61,0.05,0.15
2024-10,线下门店,玻璃变色龙,84187.33,4713,183,343.62,0.06,0.34
2024-10,线下门店,水晶系列,146386.67,2581,211,3326.97,0.07,0.29
2024-10,线下门店,化妆品系列,194496.14,3964,102,723.03,0.06,0.26
2024-10,线下门店,云母粉,73416.77,2754,188,339.89,0.01,0.11
2024-10,线下门店,银白系列,369109.98,1998,59,5767.34,0.04,0.3
2024-10,线下门店,虹彩系列,168593.1,1996,131,2676.08,0.07,0.15
2024-10,线下门店,着色变色龙,447311.7,3541,42,10910.04,0.05,0.13
2024-10,线下门店,玻璃包银系列,424932.91,697,236,2114.09,0.05,0.35
2024-11,线下门店,金色系列,462539.91,2730,65,1927.25,0.04,0.4
2024-11,线下门店,磁性珠光,291152.03,1736,110,2094.62,0.04,0.3
2024-11,线下门店,其他,120493.3,1427,232,430.33,0.07,0.16
2024-11,线下门店,金属彩光系列,295232.89,888,114,10934.55,0.07,0.37
2024-11,线下门店,超白系列,186184.89,3442,300,644.24,0.07,0.2
2024-11,线下门店,钻石系列,344356.99,4426,264,3218.29,0.07,0.27
2024-11,线下门店,耐候系列,242129.11,2984,192,818.0,0.07,0.34
2024-11,线下门店,着色系列,225050.25,3181,46,4501.01,0.02,0.26
2024-11,线下门店,玻璃变色龙,59447.37,4185,128,1651.32,0.05,0.2
2024-11,线下门店,水晶系列,119770.4,2474,138,573.06,0.06,0.12
2024-11,线下门店,化妆品系列,437021.93,2459,48,1544.25,0.05,0.36
2024-11,线下门店,云母粉,466586.43,4196,169,2180.31,0.05,0.26
2024-11,线下门店,银白系列,446986.1,4874,251,3104.07,0.06,0.11
2024-11,线下门店,虹彩系列,216488.79,1742,181,5412.22,0.02,0.26
2024-11,线下门店,着色变色龙,369597.61,610,130,1410.68,0.02,0.38
2024-11,线下门店,玻璃包银系列,453118.69,389,187,9850.41,0.08,0.28
2024-12,线下门店,金色系列,310092.0,760,292,1216.05,0.08,0.18
2024-12,线下门店,磁性珠光,30453.08,391,264,113.21,0.03,0.21
2024-12,线下门店,其他,244020.37,1965,20,6421.59,0.01,0.33
2024-12,线下门店,金属彩光系列,106125.4,3207,19,363.44,0.04,0.22
2024-12,线下门店,超白系列,194841.63,1125,230,854.57,0.05,0.13
2024-12,线下门店,钻石系列,67816.35,3112,190,622.17,0.03,0.38
2024-12,线下门店,耐候系列,126703.4,853,15,1005.58,0.04,0.33
2024-12,线下门店,着色系列,405790.17,4492,300,12296.67,0.08,0.1
2024-12,线下门店,玻璃变色龙,362715.16,565,49,9300.39,0.02,0.15
2024-12,线下门店,水晶系列,31422.52,2964,135,197.63,0.02,0.22
2024-12,线下门店,化妆品系列,332215.58,729,49,2407.36,0.08,0.16
2024-12,线下门店,云母粉,355575.04,3024,122,1500.32,0.06,0.38
2024-12,线下门店,银白系列,392302.12,2497,135,1406.1,0.07,0.2
2024-12,线下门店,虹彩系列,275295.4,955,37,1472.17,0.07,0.31
2024-12,线下门店,着色变色龙,314717.17,2391,50,2760.68,0.07,0.35
2024-12,线下门店,玻璃包银系列,265287.52,2598,293,2267.41,0.02,0.32
2025-01,线下门店,金色系列,396090.63,393,130,1685.49,0.06,0.24
2025-01,线下门店,磁性珠光,65976.93,4187,27,445.79,0.03,0.22
2025-01,线下门店,其他,415317.64,792,40,2732.35,0.07,0.22
2025-01,线下门店,金属彩光系列,19235.75,3234,206,81.16,0.01,0.16
2025-01,线下门店,超白系列,100369.13,3631,282,2788.03,0.06,0.11
2025-01,线下门店,钻石系列,383868.19,312,182,2665.75,0.07,0.28
2025-01,线下门店,耐候系列,381053.59,2893,232,1671.29,0.06,0.38
2025-01,线下门店,着色系列,378676.35,994,293,1820.56,0.08,0.38
2025-01,线下门店,玻璃变色龙,150835.05,4480,247,664.47,0.05,0.27
2025-01,线下门店,水晶系列,264267.3,1431,205,1061.31,0.06,0.38
2025-01,线下门店,化妆品系列,74617.63,224,153,497.45,0.02,0.17
2025-01,线下门店,云母粉,275974.23,2865,212,9516.35,0.05,0.21
2025-01,线下门店,银白系列,333022.67,201,73,1994.15,0.05,0.2
2025-01,线下门店,虹彩系列,139613.6,1564,237,567.53,0.01,0.1
2025-01,线下门店,着色变色龙,28131.84,3038,255,95.69,0.03,0.12
2025-01,线下门店,玻璃包银系列,470028.79,2364,292,2764.88,0.08,0.23
2025-02,线下门店,金色系列,136423.41,2362,142,518.72,0.02,0.29
2025-02,线下门店,磁性珠光,81981.87,506,129,1205.62,0.06,0.16
2025-02,线下门店,其他,258292.4,3707,172,8332.01,0.05,0.17
2025-02,线下门店,金属彩光系列,476334.86,2222,141,26463.05,0.06,0.36
2025-02,线下门店,超白系列,183134.17,466,130,968.96,0.02,0.25
2025-02,线下门店,钻石系列,65459.46,734,131,574.21,0.03,0.21
2025-02,线下门店,耐候系列,413119.54,3507,46,1811.93,0.07,0.14
2025-02,线下门店,着色系列,170004.87,3051,181,779.84,0.07,0.21
2025-02,线下门店,玻璃变色龙,471814.98,2508,25,5128.42,0.04,0.19
2025-02,线下门店,水晶系列,83530.99,4943,23,1305.17,0.05,0.34
2025-02,线下门店,化妆品系列,260290.11,4263,186,2169.08,0.04,0.27
2025-02,线下门店,云母粉,331959.07,1329,205,6639.18,0.08,0.39
2025-02,线下门店,银白系列,496236.52,4731,267,1711.16,0.06,0.26
2025-02,线下门店,虹彩系列,69408.76,4423,36,276.53,0.06,0.26
2025-02,线下门店,着色变色龙,165300.28,1697,160,1233.58,0.03,0.34
2025-02,线下门店,玻璃包银系列,488962.63,1991,243,2859.43,0.06,0.13
2025-03,线下门店,金色系列,128112.77,3458,195,2562.26,0.03,0.25
2025-03,线下门店,磁性珠光,458171.4,4066,127,1917.04,0.07,0.17
2025-03,线下门店,其他,415632.34,1126,285,3078.76,0.06,0.22
2025-03,线下门店,金属彩光系列,296530.11,1231,143,1900.83,0.03,0.14
2025-03,线下门店,超白系列,210166.37,4237,85,799.11,0.05,0.33
2025-03,线下门店,钻石系列,450937.51,3819,17,4746.71,0.02,0.18
2025-03,线下门店,耐候系列,281743.6,3949,61,3807.35,0.07,0.35
2025-03,线下门店,着色系列,21726.42,1467,47,282.16,0.05,0.26
2025-03,线下门店,玻璃变色龙,200175.92,3559,191,2669.01,0.04,0.27
2025-03,线下门店,水晶系列,358871.92,1075,182,1971.82,0.05,0.28
2025-03,线下门店,化妆品系列,497125.71,470,47,2602.75,0.08,0.37
2025-03,线下门店,云母粉,319107.68,3669,158,1256.33,0.06,0.32
2025-03,线下门店,银白系列,364616.66,4929,270,7011.86,0.02,0.1
2025-03,线下门店,虹彩系列,300593.66,3815,204,1727.55,0.04,0.25
2025-03,线下门店,着色变色龙,298159.63,893,128,1840.49,0.04,0.11
2025-03,线下门店,玻璃包银系列,263662.04,4402,270,1156.41,0.03,0.22
2025-04,线下门店,金色系列,381077.11,1273,31,3257.07,0.04,0.18
2025-04,线下门店,磁性珠光,440996.03,2675,60,2358.27,0.03,0.14
2025-04,线下门店,其他,144185.77,3695,124,1501.94,0.03,0.38
2025-04,线下门店,金属彩光系列,494514.73,969,128,3253.39,0.02,0.16
2025-04,线下门店,超白系列,421007.1,1483,24,14033.57,0.08,0.26
2025-04,线下门店,钻石系列,401506.08,154,260,17456.79,0.04,0.18
2025-04,线下门店,耐候系列,474461.09,3593,237,1719.06,0.02,0.24
2025-04,线下门店,着色系列,459817.64,1082,237,1990.55,0.04,0.13
2025-04,线下门店,玻璃变色龙,77040.84,2381,69,403.36,0.07,0.32
2025-04,线下门店,水晶系列,118996.47,709,177,1322.18,0.05,0.18
2025-04,线下门店,化妆品系列,319005.73,4301,47,1865.53,0.07,0.11
2025-04,线下门店,云母粉,59215.01,4370,172,553.41,0.07,0.3
2025-04,线下门店,银白系列,440011.03,391,14,3259.34,0.02,0.21
2025-04,线下门店,虹彩系列,472149.56,1702,145,1888.6,0.02,0.34
2025-04,线下门店,着色变色龙,369444.74,2415,77,3328.33,0.05,0.13
2025-04,线下门店,玻璃包银系列,262990.05,1854,11,1133.58,0.01,0.27
2025-05,线下门店,金色系列,112188.02,1559,29,500.84,0.06,0.28
2025-05,线下门店,磁性珠光,319202.93,2022,188,1242.03,0.05,0.39
2025-05,线下门店,其他,440165.93,1999,159,1706.07,0.04,0.29
2025-05,线下门店,金属彩光系列,302942.63,4551,256,1881.63,0.02,0.13
2025-05,线下门店,超白系列,441638.64,2453,224,1855.62,0.03,0.3
2025-05,线下门店,钻石系列,66751.4,3907,173,981.64,0.03,0.22
2025-05,线下门店,耐候系列,72748.35,4062,260,330.67,0.06,0.11
2025-05,线下门店,着色系列,141282.69,1862,219,3445.92,0.05,0.2
2025-05,线下门店,玻璃变色龙,340744.63,3468,210,1443.83,0.04,0.18
2025-05,线下门店,水晶系列,36770.35,4077,122,200.93,0.05,0.11
2025-05,线下门店,化妆品系列,229341.81,1912,95,807.54,0.02,0.29
2025-05,线下门店,云母粉,474460.12,2800,76,1658.95,0.01,0.32
2025-05,线下门店,银白系列,403182.31,839,180,2122.01,0.06,0.27
2025-05,线下门店,虹彩系列,330916.48,4348,117,1697.01,0.05,0.4
2025-05,线下门店,着色变色龙,420693.04,3340,127,2662.61,0.07,0.37
2025-05,线下门店,玻璃包银系列,172436.04,1866,293,1258.66,0.08,0.11
2025-06,线下门店,金色系列,19813.9,4413,62,74.49,0.04,0.25
2025-06,线下门店,磁性珠光,86903.3,2569,22,684.28,0.05,0.31
2025-06,线下门店,其他,26551.23,1112,203,123.49,0.02,0.32
2025-06,线下门店,金属彩光系列,142299.34,795,49,3027.65,0.05,0.31
2025-06,线下门店,超白系列,368993.03,265,17,1285.69,0.05,0.15
2025-06,线下门店,钻石系列,370577.97,3304,109,2192.77,0.06,0.23
2025-06,线下门店,耐候系列,374306.85,2575,150,1534.04,0.02,0.18
2025-06,线下门店,着色系列,331464.85,3961,202,2084.68,0.04,0.17
2025-06,线下门店,玻璃变色龙,209102.05,2381,257,1349.05,0.07,0.26
2025-06,线下门店,水晶系列,129860.88,241,264,615.45,0.08,0.33
2025-06,线下门店,化妆品系列,360143.58,3804,124,16370.16,0.04,0.17
2025-06,线下门店,云母粉,191212.6,4713,65,1131.44,0.03,0.34
2025-06,线下门店,银白系列,488150.54,881,297,5084.9,0.02,0.38
2025-06,线下门店,虹彩系列,300770.67,787,82,1392.46,0.05,0.24
2025-06,线下门店,着色变色龙,364285.88,4741,129,9107.15,0.06,0.18
2025-06,线下门店,玻璃包银系列,162612.93,2867,87,5807.6,0.03,0.27
2025-07,线下门店,金色系列,209201.8,145,147,1788.05,0.06,0.34
2025-07,线下门店,磁性珠光,277338.48,2664,130,1593.9,0.04,0.24
2025-07,线下门店,其他,281855.55,767,63,1241.65,0.06,0.21
2025-07,线下门店,金属彩光系列,380874.49,1427,276,5289.92,0.02,0.23
2025-07,线下门店,超白系列,486238.97,419,227,1848.82,0.02,0.34
2025-07,线下门店,钻石系列,248724.75,4581,224,1162.27,0.01,0.14
2025-07,线下门店,耐候系列,497914.71,2320,277,2845.23,0.05,0.21
2025-07,线下门店,着色系列,328608.15,1259,158,1186.31,0.06,0.34
2025-07,线下门店,玻璃变色龙,476477.73,3141,275,3452.74,0.04,0.16
2025-07,线下门店,水晶系列,171786.81,1208,94,617.94,0.06,0.24
2025-07,线下门店,化妆品系列,165667.13,1568,86,662.67,0.01,0.39
2025-07,线下门店,云母粉,162801.85,1637,112,2806.93,0.05,0.2
2025-07,线下门店,银白系列,39942.82,3939,90,907.79,0.03,0.27
2025-07,线下门店,虹彩系列,120754.46,215,108,805.03,0.03,0.37
2025-07,线下门店,着色变色龙,218821.17,2604,198,1013.06,0.08,0.27
2025-07,线下门店,玻璃包银系列,324383.68,1759,49,3686.18,0.02,0.16
2025-08,线下门店,金色系列,97379.38,4717,62,1315.94,0.07,0.28
2025-08,线下门店,磁性珠光,385366.63,2804,151,1529.23,0.02,0.1
2025-08,线下门店,其他,123597.21,1873,56,1454.08,0.02,0.24
2025-08,线下门店,金属彩光系列,10120.97,737,36,126.51,0.05,0.23
2025-08,线下门店,超白系列,335772.69,2779,164,1262.3,0.06,0.17
2025-08,线下门店,钻石系列,202690.86,3258,252,1061.21,0.03,0.26
2025-08,线下门店,耐候系列,270035.9,1852,95,1776.55,0.06,0.35
2025-08,线下门店,着色系列,284638.07,4114,138,4008.99,0.05,0.23
2025-08,线下门店,玻璃变色龙,180608.44,307,197,728.26,0.06,0.2
2025-08,线下门店,水晶系列,217798.19,4685,107,1062.43,0.04,0.38
2025-08,线下门店,化妆品系列,497764.83,1704,236,2565.8,0.05,0.1
2025-08,线下门店,云母粉,162091.44,870,198,1166.13,0.05,0.1
2025-08,线下门店,银白系列,143783.64,2352,255,675.04,0.01,0.31
2025-08,线下门店,虹彩系列,133988.6,568,25,533.82,0.08,0.29
2025-08,线下门店,着色变色龙,250247.24,3978,289,3972.18,0.01,0.11
2025-08,线下门店,玻璃包银系列,448189.92,1354,100,5820.65,0.02,0.35
2025-09,线下门店,金色系列,68519.11,3732,41,403.05,0.02,0.26
2025-09,线下门店,磁性珠光,491867.68,1690,18,2732.6,0.07,0.35
2025-09,线下门店,其他,165075.34,1486,197,602.46,0.01,0.3
2025-09,线下门店,金属彩光系列,214025.58,603,43,1981.72,0.07,0.25
2025-09,线下门店,超白系列,367188.96,787,98,1549.32,0.01,0.28
2025-09,线下门店,钻石系列,347471.19,3452,98,31588.29,0.03,0.27
2025-09,线下门店,耐候系列,67680.14,3919,300,1253.34,0.05,0.24
2025-09,线下门店,着色系列,66968.23,841,103,1240.15,0.02,0.28
2025-09,线下门店,玻璃变色龙,483225.14,1487,15,3993.6,0.05,0.24
2025-09,线下门店,水晶系列,439827.21,2121,167,4110.53,0.06,0.32
2025-09,线下门店,化妆品系列,162138.66,3207,156,1605.33,0.03,0.27
2025-09,线下门店,云母粉,212851.56,1642,149,1900.46,0.02,0.19
2025-09,线下门店,银白系列,351803.5,2267,57,1353.09,0.03,0.21
2025-09,线下门店,虹彩系列,388461.57,4384,240,4004.76,0.01,0.35
2025-09,线下门店,着色变色龙,198983.54,4506,117,857.69,0.03,0.34
2025-09,线下门店,玻璃包银系列,400172.99,1799,185,1498.78,0.05,0.32
2025-10,线下门店,金色系列,141785.56,4304,117,998.49,0.03,0.18
2025-10,线下门店,磁性珠光,461740.49,4335,105,1825.06,0.02,0.28
2025-10,线下门店,其他,192418.55,3195,27,1099.53,0.06,0.29
2025-10,线下门店,金属彩光系列,435971.26,164,91,1937.65,0.04,0.2
2025-10,线下门店,超白系列,452460.14,1632,193,2725.66,0.02,0.26
2025-10,线下门店,钻石系列,378502.14,3696,243,1631.47,0.06,0.24
2025-10,线下门店,耐候系列,129358.48,3157,182,503.34,0.06,0.19
2025-10,线下门店,着色系列,485675.18,2019,269,7471.93,0.04,0.33
2025-10,线下门店,玻璃变色龙,477451.15,3382,24,5133.88,0.05,0.38
2025-10,线下门店,水晶系列,444431.67,4393,111,1481.44,0.06,0.14
2025-10,线下门店,化妆品系列,173242.09,540,56,1031.2,0.07,0.14
2025-10,线下门店,云母粉,179590.2,3343,94,733.02,0.01,0.14
2025-10,线下门店,银白系列,442647.82,2568,167,8679.37,0.02,0.36
2025-10,线下门店,虹彩系列,223908.95,2104,88,761.6,0.07,0.21
2025-10,线下门店,着色变色龙,243898.6,2923,61,971.71,0.05,0.22
2025-10,线下门店,玻璃包银系列,114121.02,3969,202,462.03,0.06,0.33
2025-11,线下门店,金色系列,56954.18,1152,172,730.18,0.04,0.2
2025-11,线下门店,磁性珠光,148765.35,3578,211,525.67,0.02,0.25
2025-11,线下门店,其他,372810.27,4904,23,3030.98,0.07,0.15
2025-11,线下门店,金属彩光系列,125227.22,3067,184,470.78,0.07,0.28
2025-11,线下门店,超白系列,378325.39,732,127,4729.07,0.04,0.11
2025-11,线下门店,钻石系列,157949.58,860,183,766.75,0.06,0.23
2025-11,线下门店,耐候系列,149632.42,3268,256,5541.94,0.03,0.39
2025-11,线下门店,着色系列,97963.8,3362,274,1530.68,0.04,0.12
2025-11,线下门店,玻璃变色龙,346172.15,930,217,21635.76,0.02,0.14
2025-11,线下门店,水晶系列,258415.51,3824,15,1001.61,0.06,0.3
2025-11,线下门店,化妆品系列,217003.96,546,165,955.96,0.03,0.29
2025-11,线下门店,云母粉,305781.66,3788,267,1528.91,0.06,0.31
2025-11,线下门店,银白系列,423642.52,3088,67,4194.48,0.08,0.26
2025-11,线下门店,虹彩系列,197901.19,755,86,15223.17,0.03,0.38
2025-11,线下门店,着色变色龙,299174.98,1718,273,1236.26,0.04,0.24
2025-11,线下门店,玻璃包银系列,29523.78,4110,245,149.87,0.01,0.28
2024-10,经销商,金色系列,190955.25,3587,182,1186.06,0.06,0.11
2024-10,经销商,磁性珠光,140945.4,2502,192,632.04,0.01,0.2
2024-10,经销商,其他,321631.52,4980,67,1675.16,0.06,0.26
2024-10,经销商,金属彩光系列,204145.14,1535,53,721.36,0.02,0.32
2024-10,经销商,超白系列,320130.81,3631,150,1721.13,0.08,0.31
2024-10,经销商,钻石系列,129609.35,4388,244,4320.31,0.02,0.21
2024-10,经销商,耐候系列,81907.72,928,205,301.13,0.08,0.12
2024-10,经销商,着色系列,464445.87,2573,226,2160.21,0.01,0.39
2024-10,经销商,玻璃变色龙,135860.42,749,231,1968.99,0.07,0.27
2024-10,经销商,水晶系列,497510.02,4311,286,3712.76,0.06,0.11
2024-10,经销商,化妆品系列,290934.65,1862,233,1939.56,0.06,0.33
2024-10,经销商,云母粉,145658.37,474,214,1428.02,0.06,0.18
2024-10,经销商,银白系列,209519.57,253,222,2756.84,0.03,0.24
2024-10,经销商,虹彩系列,397226.53,2706,59,3229.48,0.03,0.31
2024-10,经销商,着色变色龙,118318.28,2457,245,525.86,0.05,0.2
2024-10,经销商,玻璃包银系列,200629.36,4668,16,1084.48,0.03,0.2
2024-11,经销商,金色系列,227747.7,3884,265,1946.56,0.05,0.15
2024-11,经销商,磁性珠光,201130.01,3400,26,4022.6,0.05,0.27
2024-11,经销商,其他,179196.6,1800,281,900.49,0.03,0.33
2024-11,经销商,金属彩光系列,231234.6,3928,25,2598.14,0.05,0.15
2024-11,经销商,超白系列,182296.93,3635,222,8680.81,0.06,0.19
2024-11,经销商,钻石系列,374585.49,2022,202,1314.34,0.02,0.28
2024-11,经销商,耐候系列,426337.41,894,212,3523.45,0.02,0.13
2024-11,经销商,着色系列,151781.0,1403,215,521.58,0.04,0.33
2024-11,经销商,玻璃变色龙,214908.2,2384,173,1102.09,0.05,0.3
2024-11,经销商,水晶系列,346553.5,2703,267,1220.26,0.05,0.17
2024-11,经销商,化妆品系列,207943.32,3900,156,866.43,0.02,0.36
2024-11,经销商,云母粉,206026.64,127,282,1138.27,0.06,0.3
2024-11,经销商,银白系列,344842.37,905,206,1539.47,0.08,0.22
2024-11,经销商,虹彩系列,321844.27,1936,80,1205.41,0.08,0.28
2024-11,经销商,着色变色龙,368752.52,287,176,2691.62,0.02,0.29
2024-11,经销商,玻璃包银系列,345337.9,3133,21,1652.33,0.05,0.36
2024-12,经销商,金色系列,426651.42,1422,244,2154.81,0.06,0.17
2024-12,经销商,磁性珠光,241362.76,1736,175,3134.58,0.03,0.37
2024-12,经销商,其他,111433.56,3877,245,825.43,0.06,0.23
2024-12,经销商,金属彩光系列,128522.99,1548,246,483.17,0.05,0.34
2024-12,经销商,超白系列,420558.97,1404,135,1709.59,0.06,0.12
2024-12,经销商,钻石系列,376818.2,3428,276,1507.27,0.07,0.12
2024-12,经销商,耐候系列,214373.91,2230,285,3019.35,0.06,0.28
2024-12,经销商,着色系列,494712.32,294,234,1932.47,0.07,0.12
2024-12,经销商,玻璃变色龙,407714.57,426,196,1905.21,0.06,0.25
2024-12,经销商,水晶系列,328318.6,3610,73,5211.41,0.02,0.18
2024-12,经销商,化妆品系列,414362.01,1015,96,2103.36,0.04,0.2
2024-12,经销商,云母粉,457357.55,4053,117,3154.19,0.02,0.29
2024-12,经销商,银白系列,46294.08,4126,135,323.73,0.03,0.31
2024-12,经销商,虹彩系列,172023.99,3789,142,573.41,0.03,0.11
2024-12,经销商,着色变色龙,78610.28,4374,157,3417.84,0.03,0.21
2024-12,经销商,玻璃包银系列,187734.88,2485,167,2063.02,0.05,0.19
2025-01,经销商,金色系列,359408.63,2515,89,4792.12,0.02,0.19
2025-01,经销商,磁性珠光,198271.07,1967,24,1680.26,0.05,0.14
2025-01,经销商,其他,15912.69,3083,270,58.08,0.04,0.29
2025-01,经销商,金属彩光系列,93500.96,2919,89,351.51,0.03,0.21
2025-01,经销商,超白系列,434050.26,4075,96,1561.33,0.04,0.25
2025-01,经销商,钻石系列,196137.46,630,185,1569.1,0.03,0.17
2025-01,经销商,耐候系列,146374.62,1079,110,762.37,0.04,0.27
2025-01,经销商,着色系列,322931.92,199,278,2562.95,0.06,0.21
2025-01,经销商,玻璃变色龙,26091.86,909,178,97.0,0.01,0.27
2025-01,经销商,水晶系列,272029.4,4505,50,7158.67,0.04,0.26
2025-01,经销商,化妆品系列,129899.2,1596,135,1030.95,0.06,0.24
2025-01,经销商,云母粉,29714.07,2277,292,195.49,0.02,0.16
2025-01,经销商,银白系列,417039.27,621,77,1505.56,0.03,0.16
2025-01,经销商,虹彩系列,129530.89,4861,254,524.42,0.02,0.36
2025-01,经销商,着色变色龙,35030.57,698,110,137.92,0.02,0.13
2025-01,经销商,玻璃包银系列,106724.16,4543,120,412.06,0.03,0.1
2025-02,经销商,金色系列,220580.27,1013,236,2023.67,0.05,0.29
2025-02,经销商,磁性珠光,380216.09,104,138,1744.11,0.05,0.25
2025-02,经销商,其他,96500.62,4255,257,353.48,0.03,0.29
2025-02,经销商,金属彩光系列,139457.95,4459,137,757.92,0.03,0.27
2025-02,经销商,超白系列,161313.97,3704,67,1566.16,0.04,0.2
2025-02,经销商,钻石系列,487433.65,3954,263,5241.22,0.02,0.33
2025-02,经销商,耐候系列,339758.33,874,236,1836.53,0.05,0.26
2025-02,经销商,着色系列,99501.28,990,128,836.15,0.03,0.19
2025-02,经销商,玻璃变色龙,385546.05,3965,62,2365.31,0.07,0.16
2025-02,经销商,水晶系列,339224.75,2752,90,3140.97,0.06,0.34
2025-02,经销商,化妆品系列,427655.07,1387,176,1560.78,0.08,0.3
2025-02,经销商,云母粉,396486.83,2306,127,2753.38,0.04,0.36
2025-02,经销商,银白系列,158772.88,1287,166,882.07,0.06,0.35
2025-02,经销商,虹彩系列,164519.86,2623,227,552.08,0.04,0.23
2025-02,经销商,着色变色龙,383489.14,3410,38,1751.09,0.03,0.34
2025-02,经销商,玻璃包银系列,487743.02,2346,19,4316.31,0.02,0.32
2025-03,经销商,金色系列,154450.48,3159,22,887.65,0.04,0.21
2025-03,经销商,磁性珠光,283453.4,1733,120,1061.62,0.04,0.18
2025-03,经销商,其他,46469.19,1414,176,182.23,0.08,0.28
2025-03,经销商,金属彩光系列,476502.23,476,209,1839.78,0.03,0.4
2025-03,经销商,超白系列,297196.04,585,61,7820.95,0.05,0.18
2025-03,经销商,钻石系列,191029.93,2428,66,761.08,0.02,0.32
2025-03,经销商,耐候系列,169027.3,3489,87,1942.84,0.05,0.27
2025-03,经销商,着色系列,285299.83,3690,135,1611.86,0.05,0.33
2025-03,经销商,玻璃变色龙,137752.37,4450,159,6559.64,0.02,0.33
2025-03,经销商,水晶系列,436655.41,2671,194,1834.69,0.06,0.16
2025-03,经销商,化妆品系列,167420.89,1965,245,858.57,0.03,0.3
2025-03,经销商,云母粉,354989.55,2191,21,4382.59,0.02,0.22
2025-03,经销商,银白系列,204190.91,4084,34,729.25,0.01,0.4
2025-03,经销商,虹彩系列,193002.44,4734,233,7423.17,0.08,0.36
2025-03,经销商,着色变色龙,170264.31,4513,261,1105.61,0.05,0.29
2025-03,经销商,玻璃包银系列,369872.57,4730,57,1253.81,0.06,0.26
2025-04,经销商,金色系列,401309.58,818,249,3750.56,0.06,0.33
2025-04,经销商,磁性珠光,221163.9,2368,248,917.69,0.07,0.4
2025-04,经销商,其他,84580.6,2806,47,821.17,0.06,0.2
2025-04,经销商,金属彩光系列,268579.84,3642,20,1249.21,0.05,0.1
2025-04,经销商,超白系列,415829.09,254,14,3326.63,0.03,0.15
2025-04,经销商,钻石系列,429231.57,4887,177,1522.1,0.04,0.3
2025-04,经销商,耐候系列,387264.64,4805,191,4400.73,0.02,0.14
2025-04,经销商,着色系列,161156.02,926,23,569.46,0.05,0.35
2025-04,经销商,玻璃变色龙,391936.98,4524,188,8709.71,0.03,0.19
2025-04,经销商,水晶系列,122750.89,1810,113,743.94,0.02,0.4
2025-04,经销商,化妆品系列,124159.64,1879,191,5398.25,0.02,0.37
2025-04,经销商,云母粉,225424.06,3172,23,951.16,0.07,0.36
2025-04,经销商,银白系列,112206.33,503,238,479.51,0.04,0.16
2025-04,经销商,虹彩系列,196447.4,1121,57,1984.32,0.05,0.27
2025-04,经销商,着色变色龙,263083.13,1434,117,3705.4,0.08,0.32
2025-04,经销商,玻璃包银系列,185611.27,2695,222,1734.68,0.02,0.13
2025-05,经销商,金色系列,258385.99,4015,140,956.99,0.02,0.24
2025-05,经销商,磁性珠光,13555.24,3540,214,222.22,0.03,0.38
2025-05,经销商,其他,419901.97,3656,163,3306.31,0.08,0.13
2025-05,经销商,金属彩光系列,325355.16,3292,251,18075.29,0.08,0.18
2025-05,经销商,超白系列,327206.21,2748,33,3990.32,0.07,0.15
2025-05,经销商,钻石系列,14544.23,4348,89,179.56,0.06,0.33
2025-05,经销商,耐候系列,39978.92,1818,160,199.89,0.05,0.35
2025-05,经销商,着色系列,215427.18,1530,275,2476.17,0.06,0.34
2025-05,经销商,玻璃变色龙,98991.2,996,93,3959.65,0.04,0.19
2025-05,经销商,水晶系列,316403.12,2272,174,13183.46,0.06,0.2
2025-05,经销商,化妆品系列,445522.02,380,83,2043.68,0.01,0.21
2025-05,经销商,云母粉,303268.66,4402,96,3369.65,0.02,0.2
2025-05,经销商,银白系列,119122.84,3539,43,1777.95,0.08,0.24
2025-05,经销商,虹彩系列,213387.65,4496,235,2735.74,0.07,0.34
2025-05,经销商,着色变色龙,10353.6,4001,250,73.43,0.02,0.3
2025-05,经销商,玻璃包银系列,189135.54,889,254,721.89,0.06,0.36
2025-06,经销商,金色系列,106180.68,1896,273,1397.11,0.07,0.14
2025-06,经销商,磁性珠光,333012.87,876,216,2162.42,0.07,0.13
2025-06,经销商,其他,120849.47,1612,164,678.93,0.06,0.24
2025-06,经销商,金属彩光系列,299484.48,4334,146,3889.41,0.03,0.21
2025-06,经销商,超白系列,81158.29,380,207,2387.01,0.07,0.39
2025-06,经销商,钻石系列,17017.65,379,131,184.97,0.04,0.1
2025-06,经销商,耐候系列,245580.42,2917,106,1131.71,0.04,0.16
2025-06,经销商,着色系列,314443.15,4571,235,4492.05,0.06,0.3
2025-06,经销商,玻璃变色龙,262100.55,2863,182,2496.2,0.03,0.34
2025-06,经销商,水晶系列,248804.02,4596,243,4217.02,0.06,0.2
2025-06,经销商,化妆品系列,264345.73,617,197,1159.41,0.05,0.39
2025-06,经销商,云母粉,71851.8,1960,244,1088.66,0.02,0.31
2025-06,经销商,银白系列,71886.63,2947,167,298.28,0.04,0.4
2025-06,经销商,虹彩系列,50653.95,4234,103,237.81,0.07,0.37
2025-06,经销商,着色变色龙,260343.26,1260,123,14463.51,0.02,0.32
2025-06,经销商,玻璃包银系列,267531.6,1343,298,952.07,0.05,0.34
2025-07,经销商,金色系列,187701.51,1987,281,1975.81,0.04,0.13
2025-07,经销商,磁性珠光,91161.4,1953,87,318.75,0.08,0.28
2025-07,经销商,其他,430564.65,2380,35,2002.63,0.03,0.37
2025-07,经销商,金属彩光系列,486284.34,4003,249,2794.74,0.02,0.38
2025-07,经销商,超白系列,10173.27,2158,294,60.2,0.02,0.32
2025-07,经销商,钻石系列,301052.62,647,40,1368.42,0.02,0.24
2025-07,经销商,耐候系列,88523.95,2086,210,972.79,0.06,0.22
2025-07,经销商,着色系列,104751.94,2970,46,838.02,0.08,0.18
2025-07,经销商,玻璃变色龙,447392.87,1111,87,3890.37,0.04,0.3
2025-07,经销商,水晶系列,382686.45,188,70,1386.55,0.03,0.13
2025-07,经销商,化妆品系列,317987.41,3959,128,1358.92,0.03,0.14
2025-07,经销商,云母粉,374026.75,3822,88,8131.02,0.07,0.33
2025-07,经销商,银白系列,362803.34,2329,30,1769.77,0.07,0.18
2025-07,经销商,虹彩系列,317180.19,3589,96,1224.63,0.06,0.17
2025-07,经销商,着色变色龙,60494.58,3070,133,230.02,0.07,0.39
2025-07,经销商,玻璃包银系列,216620.32,961,153,1434.57,0.07,0.29
2025-08,经销商,金色系列,171126.54,2158,192,3290.89,0.01,0.31
2025-08,经销商,磁性珠光,247918.89,4898,263,2015.6,0.05,0.3
2025-08,经销商,其他,60943.07,4096,297,203.82,0.04,0.26
2025-08,经销商,金属彩光系列,463369.12,3234,31,7128.76,0.05,0.34
2025-08,经销商,超白系列,477495.02,4815,58,6821.36,0.08,0.17
2025-08,经销商,钻石系列,294259.81,3555,211,9808.66,0.03,0.34
2025-08,经销商,耐候系列,427594.19,4796,277,14744.63,0.08,0.34
2025-08,经销商,着色系列,317777.99,3637,23,2648.15,0.05,0.11
2025-08,经销商,玻璃变色龙,473515.38,909,159,2142.6,0.07,0.32
2025-08,经销商,水晶系列,426220.74,2176,193,2291.51,0.03,0.39
2025-08,经销商,化妆品系列,145549.91,491,176,596.52,0.06,0.29
2025-08,经销商,云母粉,386619.46,1415,117,1310.57,0.06,0.26
2025-08,经销商,银白系列,167721.76,3387,188,1711.45,0.07,0.36
2025-08,经销商,虹彩系列,173544.0,4509,126,1008.98,0.07,0.13
2025-08,经销商,着色变色龙,363750.93,3426,170,1377.84,0.05,0.33
2025-08,经销商,玻璃包银系列,109053.07,4076,189,599.19,0.07,0.37
2025-09,经销商,金色系列,379837.71,1480,175,21102.1,0.02,0.27
2025-09,经销商,磁性珠光,455326.86,4691,161,1538.27,0.05,0.22
2025-09,经销商,其他,350861.68,1727,57,6265.39,0.06,0.37
2025-09,经销商,金属彩光系列,334963.19,2257,84,1820.45,0.05,0.22
2025-09,经销商,超白系列,461416.58,948,160,8873.4,0.03,0.17
2025-09,经销商,钻石系列,414805.68,2114,290,4660.74,0.06,0.18
2025-09,经销商,耐候系列,252301.53,1893,135,2018.41,0.04,0.34
2025-09,经销商,着色系列,81234.58,2531,134,4061.73,0.07,0.24
2025-09,经销商,玻璃变色龙,225085.45,4657,292,750.28,0.02,0.16
2025-09,经销商,水晶系列,264099.98,3373,208,1846.85,0.06,0.39
2025-09,经销商,化妆品系列,403678.78,2259,230,2028.54,0.04,0.38
2025-09,经销商,云母粉,125005.85,4526,192,2551.14,0.08,0.14
2025-09,经销商,银白系列,431372.9,2122,285,5751.64,0.02,0.38
2025-09,经销商,虹彩系列,492897.07,3997,284,2899.39,0.02,0.35
2025-09,经销商,着色变色龙,121633.97,2953,293,980.92,0.04,0.27
2025-09,经销商,玻璃包银系列,36068.71,3687,264,154.8,0.01,0.4
2025-10,经销商,金色系列,20836.44,3773,296,534.27,0.07,0.24
2025-10,经销商,磁性珠光,356091.42,622,191,8281.2,0.08,0.18
2025-10,经销商,其他,133485.92,325,261,580.37,0.06,0.38
2025-10,经销商,金属彩光系列,493241.23,1862,241,2935.96,0.05,0.3
2025-10,经销商,超白系列,171961.29,4768,270,788.81,0.02,0.26
2025-10,经销商,钻石系列,343847.65,2676,13,9293.18,0.06,0.21
2025-10,经销商,耐候系列,68644.86,681,42,244.29,0.04,0.15
2025-10,经销商,着色系列,105363.29,1569,102,4214.53,0.06,0.25
2025-10,经销商,玻璃变色龙,68555.05,829,58,317.38,0.05,0.38
2025-10,经销商,水晶系列,199851.06,3438,205,793.06,0.02,0.2
2025-10,经销商,化妆品系列,56973.02,3009,100,247.71,0.07,0.25
2025-10,经销商,云母粉,100437.53,3388,112,797.12,0.03,0.29
2025-10,经销商,银白系列,49968.52,3800,58,179.74,0.03,0.36
2025-10,经销商,虹彩系列,39841.44,4663,40,198.22,0.02,0.1
2025-10,经销商,着色变色龙,492713.07,203,12,2783.69,0.04,0.11
2025-10,经销商,玻璃包银系列,453521.07,4715,201,10078.25,0.08,0.16
2025-11,经销商,金色系列,314227.47,1589,284,2596.92,0.08,0.13
2025-11,经销商,磁性珠光,344758.73,1367,201,3447.59,0.07,0.31
2025-11,经销商,其他,441039.25,1554,269,5128.36,0.07,0.23
2025-11,经销商,金属彩光系列,314820.48,4503,71,1862.84,0.08,0.13
2025-11,经销商,超白系列,344685.71,4934,275,3628.27,0.07,0.25
2025-11,经销商,钻石系列,305716.65,2863,242,1054.2,0.07,0.34
2025-11,经销商,耐候系列,472565.44,4642,43,2582.32,0.03,0.14
2025-11,经销商,着色系列,480589.66,4120,106,2224.95,0.01,0.12
2025-11,经销商,玻璃变色龙,491349.36,4035,60,1780.25,0.02,0.3
2025-11,经销商,水晶系列,456814.84,4712,282,1649.15,0.04,0.26
2025-11,经销商,化妆品系列,108456.72,2724,79,453.79,0.06,0.19
2025-11,经销商,云母粉,316906.24,3411,232,1561.11,0.02,0.11
2025-11,经销商,银白系列,61116.07,4697,257,292.42,0.03,0.4
2025-11,经销商,虹彩系列,387662.98,551,280,12505.26,0.02,0.13
2025-11,经销商,着色变色龙,447125.34,4779,287,4562.5,0.05,0.32
2025-11,经销商,玻璃包银系列,271803.14,486,165,1313.06,0.02,0.39
2024-10,直销,金色系列,35693.28,3653,270,128.39,0.07,0.25
2024-10,直销,磁性珠光,343755.36,466,119,5729.26,0.04,0.16
2024-10,直销,其他,118567.9,2723,47,1040.07,0.04,0.27
2024-10,直销,金属彩光系列,310378.35,470,205,2698.94,0.07,0.13
2024-10,直销,超白系列,152316.42,2069,179,1523.16,0.08,0.35
2024-10,直销,钻石系列,192174.05,3392,32,2159.26,0.02,0.17
2024-10,直销,耐候系列,337581.07,3563,168,2961.24,0.08,0.3
2024-10,直销,着色系列,457730.73,3452,15,2061.85,0.07,0.21
2024-10,直销,玻璃变色龙,422890.78,1652,259,3042.38,0.05,0.29
2024-10,直销,水晶系列,203779.55,3779,75,1643.38,0.01,0.13
2024-10,直销,化妆品系列,87872.68,4102,44,853.13,0.05,0.15
2024-10,直销,云母粉,372645.54,3362,155,1312.13,0.03,0.36
2024-10,直销,银白系列,138134.6,1078,212,1222.43,0.08,0.27
2024-10,直销,虹彩系列,254003.94,1141,275,9071.57,0.04,0.13
2024-10,直销,着色变色龙,122036.09,3279,104,2346.85,0.06,0.34
2024-10,直销,玻璃包银系列,128458.4,3138,234,1547.69,0.04,0.33
2024-11,直销,金色系列,334809.61,4225,106,2861.62,0.06,0.11
2024-11,直销,磁性珠光,16963.46,1351,184,122.92,0.07,0.21
2024-11,直销,其他,108318.16,562,210,530.97,0.02,0.19
2024-11,直销,金属彩光系列,41188.2,1607,109,227.56,0.06,0.23
2024-11,直销,超白系列,436955.28,668,135,1560.55,0.03,0.15
2024-11,直销,钻石系列,278090.45,2701,39,4150.6,0.06,0.22
2024-11,直销,耐候系列,271794.15,1491,174,1365.8,0.01,0.37
2024-11,直销,着色系列,345315.14,148,205,31392.29,0.05,0.34
2024-11,直销,玻璃变色龙,386660.76,1080,124,13809.31,0.05,0.12
2024-11,直销,水晶系列,327942.69,4002,207,2129.5,0.06,0.22
2024-11,直销,化妆品系列,456018.13,2046,261,3304.48,0.03,0.4
2024-11,直销,云母粉,232942.3,1354,242,820.22,0.07,0.17
2024-11,直销,银白系列,150563.12,1528,208,1067.82,0.07,0.21
2024-11,直销,虹彩系列,20259.19,2556,83,653.52,0.04,0.31
2024-11,直销,着色变色龙,275334.28,1959,215,3720.73,0.07,0.21
2024-11,直销,玻璃包银系列,471521.74,3549,223,1924.58,0.06,0.23
2024-12,直销,金色系列,200337.0,3078,182,1138.28,0.06,0.14
2024-12,直销,磁性珠光,269669.02,2115,121,2520.27,0.05,0.38
2024-12,直销,其他,367360.33,3077,247,1266.76,0.07,0.34
2024-12,直销,金属彩光系列,193660.15,2614,119,917.82,0.02,0.13
2024-12,直销,超白系列,329596.35,2560,221,9155.45,0.02,0.2
2024-12,直销,钻石系列,446063.08,3248,274,1931.01,0.02,0.23
2024-12,直销,耐候系列,350045.11,3261,300,3571.89,0.03,0.32
2024-12,直销,着色系列,286048.36,1376,215,2577.01,0.02,0.19
2024-12,直销,玻璃变色龙,130392.26,1169,259,762.53,0.05,0.33
2024-12,直销,水晶系列,269988.17,389,59,6278.79,0.02,0.1
2024-12,直销,化妆品系列,432502.14,532,179,7723.25,0.03,0.37
2024-12,直销,云母粉,109473.46,1333,119,655.53,0.07,0.21
2024-12,直销,银白系列,455530.35,4879,238,1800.52,0.03,0.15
2024-12,直销,虹彩系列,158587.83,4702,91,1822.85,0.02,0.14
2024-12,直销,着色变色龙,456013.43,3456,91,1535.4,0.05,0.24
2024-12,直销,玻璃包银系列,491818.48,2143,68,5786.1,0.07,0.13
2025-01,直销,金色系列,29295.39,3220,252,143.6,0.04,0.33
2025-01,直销,磁性珠光,297225.93,3068,235,2885.69,0.04,0.11
2025-01,直销,其他,250965.85,4743,186,1371.4,0.08,0.37
2025-01,直销,金属彩光系列,43756.1,1205,163,207.37,0.07,0.13
2025-01,直销,超白系列,468164.15,1714,174,2944.43,0.06,0.38
2025-01,直销,钻石系列,50705.62,4152,18,227.38,0.08,0.21
2025-01,直销,耐候系列,133830.73,4305,153,484.89,0.07,0.11
2025-01,直销,着色系列,166098.1,1467,36,1258.32,0.06,0.18
2025-01,直销,玻璃变色龙,498115.43,2864,30,3343.06,0.06,0.33
2025-01,直销,水晶系列,234462.89,757,180,802.96,0.01,0.36
2025-01,直销,化妆品系列,464007.13,187,19,2829.31,0.04,0.37
2025-01,直销,云母粉,196208.3,394,148,971.33,0.03,0.34
2025-01,直销,银白系列,428277.06,3577,218,2315.01,0.02,0.2
2025-01,直销,虹彩系列,138178.09,1680,260,897.26,0.03,0.37
2025-01,直销,着色变色龙,460200.3,794,173,1704.45,0.07,0.11
2025-01,直销,玻璃包银系列,72977.66,976,134,1520.37,0.02,0.12
2025-02,直销,金色系列,290235.32,2041,54,6046.57,0.01,0.1
2025-02,直销,磁性珠光,405423.26,676,89,1654.79,0.05,0.2
2025-02,直销,其他,335819.65,1099,38,4145.92,0.02,0.32
2025-02,直销,金属彩光系列,49766.24,851,56,4524.2,0.04,0.31
2025-02,直销,超白系列,113007.33,750,208,649.47,0.05,0.16
2025-02,直销,钻石系列,410599.96,4157,105,1642.4,0.03,0.3
2025-02,直销,耐候系列,433854.03,601,236,4171.67,0.05,0.12
2025-02,直销,着色系列,487353.27,2256,83,1698.1,0.05,0.16
2025-02,直销,玻璃变色龙,70765.05,720,106,673.95,0.07,0.33
2025-02,直销,水晶系列,121580.62,3333,161,550.14,0.05,0.19
2025-02,直销,化妆品系列,218996.42,2924,133,779.35,0.01,0.37
2025-02,直销,云母粉,344930.2,2405,92,8021.63,0.01,0.25
2025-02,直销,银白系列,452319.8,594,230,9046.4,0.06,0.37
2025-02,直销,虹彩系列,228506.68,822,173,1171.83,0.06,0.28
2025-02,直销,着色变色龙,480055.09,4762,144,2774.88,0.04,0.32
2025-02,直销,玻璃包银系列,245419.92,4193,163,943.92,0.03,0.4
2025-03,直销,金色系列,103239.68,4910,97,3330.31,0.06,0.22
2025-03,直销,磁性珠光,441187.58,2757,216,1786.18,0.07,0.24
2025-03,直销,其他,84815.57,3258,224,3855.25,0.07,0.34
2025-03,直销,金属彩光系列,196914.1,1323,214,999.56,0.01,0.34
2025-03,直销,超白系列,334268.32,1515,87,3214.12,0.03,0.1
2025-03,直销,钻石系列,241421.23,2319,182,2174.97,0.01,0.22
2025-03,直销,耐候系列,158725.84,4600,152,1259.73,0.02,0.28
2025-03,直销,着色系列,254577.08,3664,91,982.92,0.08,0.12
2025-03,直销,玻璃变色龙,481105.31,648,175,1894.12,0.05,0.14
2025-03,直销,水晶系列,264193.72,4148,120,1184.73,0.04,0.39
2025-03,直销,化妆品系列,319439.22,2873,169,1394.93,0.05,0.28
2025-03,直销,云母粉,269521.99,2894,201,3593.63,0.04,0.39
2025-03,直销,银白系列,40931.25,3762,199,183.55,0.03,0.38
2025-03,直销,虹彩系列,347258.07,2660,253,2269.66,0.05,0.27
2025-03,直销,着色变色龙,172219.75,1692,75,989.77,0.06,0.27
2025-03,直销,玻璃包银系列,456576.62,4956,131,3332.68,0.04,0.24
2025-04,直销,金色系列,19504.67,4285,58,94.68,0.06,0.29
2025-04,直销,磁性珠光,49840.76,4121,246,341.38,0.01,0.22
2025-04,直销,其他,104659.04,2362,83,533.97,0.07,0.12
2025-04,直销,金属彩光系列,130826.95,125,177,681.39,0.07,0.24
2025-04,直销,超白系列,81598.9,2334,173,316.27,0.08,0.28
2025-04,直销,钻石系列,272791.98,1641,71,1694.36,0.06,0.32
2025-04,直销,耐候系列,105522.11,4229,154,770.23,0.07,0.23
2025-04,直销,着色系列,411107.4,189,162,2874.88,0.02,0.19
2025-04,直销,玻璃变色龙,24122.41,3552,50,121.83,0.04,0.37
2025-04,直销,水晶系列,82331.22,3229,294,914.79,0.05,0.33
2025-04,直销,化妆品系列,62794.99,2340,243,415.86,0.02,0.28
2025-04,直销,云母粉,149533.76,4904,75,854.48,0.08,0.14
2025-04,直销,银白系列,435191.47,4626,254,2197.94,0.02,0.35
2025-04,直销,虹彩系列,193764.23,308,232,1107.22,0.04,0.2
2025-04,直销,着色变色龙,419675.93,382,154,2398.15,0.05,0.27
2025-04,直销,玻璃包银系列,442797.21,557,77,1677.26,0.01,0.12
2025-05,直销,金色系列,84269.26,4382,93,648.23,0.02,0.21
2025-05,直销,磁性珠光,184969.71,764,221,999.84,0.06,0.25
2025-05,直销,其他,277104.58,4398,223,1307.1,0.06,0.26
2025-05,直销,金属彩光系列,53842.12,1797,239,591.67,0.02,0.37
2025-05,直销,超白系列,137769.8,2060,38,467.02,0.01,0.29
2025-05,直销,钻石系列,351671.01,4021,31,11344.23,0.03,0.17
2025-05,直销,耐候系列,84789.07,1227,266,490.11,0.03,0.33
2025-05,直销,着色系列,338428.87,257,271,2141.95,0.04,0.3
2025-05,直销,玻璃变色龙,351591.13,4605,44,11719.7,0.02,0.11
2025-05,直销,水晶系列,122457.94,4126,13,651.37,0.06,0.27
2025-05,直销,化妆品系列,190377.93,1444,213,1613.37,0.02,0.1
2025-05,直销,云母粉,317563.1,2405,146,1080.15,0.04,0.22
2025-05,直销,银白系列,419062.95,2199,181,3809.66,0.03,0.18
2025-05,直销,虹彩系列,68392.15,2437,241,2849.67,0.04,0.39
2025-05,直销,着色变色龙,339204.72,3423,114,3261.58,0.02,0.22
2025-05,直销,玻璃包银系列,62297.52,1784,112,384.55,0.07,0.3
2025-06,直销,金色系列,444459.56,2585,194,1799.43,0.01,0.29
2025-06,直销,磁性珠光,287754.83,2167,121,1061.83,0.01,0.1
2025-06,直销,其他,416497.72,2835,115,1571.69,0.08,0.22
2025-06,直销,金属彩光系列,170405.81,3301,94,652.9,0.04,0.28
2025-06,直销,超白系列,399551.56,2135,49,6242.99,0.07,0.36
2025-06,直销,钻石系列,313445.6,191,150,31344.56,0.03,0.21
2025-06,直销,耐候系列,288374.35,1406,59,7793.9,0.04,0.29
2025-06,直销,着色系列,485760.7,3154,48,3174.91,0.04,0.11
2025-06,直销,玻璃变色龙,387517.41,1083,164,4725.82,0.03,0.38
2025-06,直销,水晶系列,444807.36,1776,71,17792.29,0.07,0.38
2025-06,直销,化妆品系列,95544.83,1022,54,734.96,0.04,0.37
2025-06,直销,云母粉,350510.1,2337,148,16690.96,0.06,0.24
2025-06,直销,银白系列,368402.67,1355,120,8567.5,0.04,0.21
2025-06,直销,虹彩系列,28208.97,3642,248,127.64,0.02,0.1
2025-06,直销,着色变色龙,449729.98,616,153,2920.32,0.06,0.16
2025-06,直销,玻璃包银系列,140969.37,2327,106,1084.38,0.06,0.34
2025-07,直销,金色系列,497960.35,461,298,2146.38,0.05,0.31
2025-07,直销,磁性珠光,398062.25,487,156,2030.93,0.02,0.21
2025-07,直销,其他,412149.96,4561,93,2050.5,0.06,0.21
2025-07,直销,金属彩光系列,280001.79,1293,174,1497.34,0.04,0.27
2025-07,直销,超白系列,192333.86,2946,159,2262.75,0.07,0.33
2025-07,直销,钻石系列,252310.23,4542,218,1300.57,0.08,0.13
2025-07,直销,耐候系列,134068.15,1227,180,694.65,0.06,0.24
2025-07,直销,着色系列,274213.78,1445,31,1482.24,0.05,0.36
2025-07,直销,玻璃变色龙,316280.78,2898,286,3475.61,0.07,0.27
2025-07,直销,水晶系列,488843.67,1786,212,9585.17,0.07,0.36
2025-07,直销,化妆品系列,495346.93,4556,31,1794.74,0.02,0.1
2025-07,直销,云母粉,467907.58,1449,126,2585.12,0.04,0.2
2025-07,直销,银白系列,419869.7,3158,290,1980.52,0.05,0.35
2025-07,直销,虹彩系列,117345.0,2976,218,1833.52,0.03,0.29
2025-07,直销,着色变色龙,86293.58,1642,10,321.99,0.07,0.25
2025-07,直销,玻璃包银系列,458763.41,2611,133,2114.12,0.03,0.16
2025-08,直销,金色系列,322741.82,1664,22,17930.1,0.01,0.14
2025-08,直销,磁性珠光,100999.92,684,44,726.62,0.04,0.14
2025-08,直销,其他,472988.56,3401,15,2901.77,0.03,0.21
2025-08,直销,金属彩光系列,158855.44,4930,254,5124.37,0.06,0.39
2025-08,直销,超白系列,254997.47,2979,25,1821.41,0.06,0.36
2025-08,直销,钻石系列,198040.08,4515,60,876.28,0.06,0.29
2025-08,直销,耐候系列,182016.91,4116,23,892.24,0.01,0.25
2025-08,直销,着色系列,453878.95,3990,139,1575.97,0.02,0.17
2025-08,直销,玻璃变色龙,417008.73,870,242,2044.16,0.06,0.17
2025-08,直销,水晶系列,492160.12,381,175,2929.52,0.05,0.31
2025-08,直销,化妆品系列,231087.5,3463,58,15405.83,0.06,0.28
2025-08,直销,云母粉,340868.92,331,269,1438.27,0.01,0.15
2025-08,直销,银白系列,144623.16,4728,208,509.24,0.06,0.11
2025-08,直销,虹彩系列,296973.92,4333,261,2999.74,0.07,0.19
2025-08,直销,着色变色龙,89745.63,2478,179,393.62,0.02,0.15
2025-08,直销,玻璃包银系列,420313.47,1731,256,1629.12,0.03,0.22
2025-09,直销,金色系列,374820.08,1546,202,11713.13,0.03,0.17
2025-09,直销,磁性珠光,434127.14,4880,262,3418.32,0.06,0.34
2025-09,直销,其他,474540.16,1051,61,5048.3,0.02,0.32
2025-09,直销,金属彩光系列,473869.49,4710,22,2025.08,0.04,0.34
2025-09,直销,超白系列,220687.0,4402,198,766.27,0.02,0.24
2025-09,直销,钻石系列,146662.08,4665,226,3333.23,0.01,0.18
2025-09,直销,耐候系列,474844.4,3029,253,2208.58,0.05,0.17
2025-09,直销,着色系列,464655.2,1226,71,21120.69,0.02,0.27
2025-09,直销,玻璃变色龙,335674.07,3754,289,1670.02,0.05,0.24
2025-09,直销,水晶系列,485724.03,1619,221,7039.48,0.05,0.17
2025-09,直销,化妆品系列,82219.74,1191,210,5481.32,0.04,0.25
2025-09,直销,云母粉,15961.06,4397,146,56.8,0.01,0.36
2025-09,直销,银白系列,77160.28,2096,255,648.41,0.02,0.24
2025-09,直销,虹彩系列,244579.83,911,98,1175.86,0.05,0.29
2025-09,直销,着色变色龙,430759.47,680,84,5743.46,0.07,0.14
2025-09,直销,玻璃包银系列,382653.83,4013,272,8141.57,0.05,0.17
2025-10,直销,金色系列,379172.74,3063,125,2633.14,0.04,0.33
2025-10,直销,磁性珠光,31025.36,2725,212,1292.72,0.02,0.32
2025-10,直销,其他,193104.29,3784,125,2574.72,0.04,0.38
2025-10,直销,金属彩光系列,259678.17,3430,90,1952.47,0.05,0.19
2025-10,直销,超白系列,388818.59,3645,25,1743.58,0.01,0.13
2025-10,直销,钻石系列,446908.73,1292,30,2245.77,0.03,0.18
2025-10,直销,耐候系列,328581.76,2897,165,1156.98,0.05,0.38
2025-10,直销,着色系列,429135.66,3949,271,1656.89,0.04,0.36
2025-10,直销,玻璃变色龙,347341.33,4689,80,1389.37,0.03,0.31
2025-10,直销,水晶系列,487861.06,4464,274,11615.74,0.03,0.18
2025-10,直销,化妆品系列,142913.09,2467,272,1134.23,0.03,0.37
2025-10,直销,云母粉,454536.64,4736,107,2417.75,0.08,0.16
2025-10,直销,银白系列,174149.26,3471,152,1201.03,0.05,0.3
2025-10,直销,虹彩系列,102292.86,1240,161,956.01,0.06,0.21
2025-10,直销,着色变色龙,275960.2,2730,114,1121.79,0.05,0.15
2025-10,直销,玻璃包银系列,365050.42,2487,136,3174.35,0.05,0.29
2025-11,直销,金色系列,175312.31,4171,201,1298.61,0.04,0.32
2025-11,直销,磁性珠光,466917.12,3860,285,2537.59,0.02,0.28
2025-11,直销,其他,133742.49,3184,291,633.85,0.01,0.16
2025-11,直销,金属彩光系列,467719.78,4155,242,1607.28,0.05,0.18
2025-11,直销,超白系列,288052.28,1731,146,8001.45,0.08,0.29
2025-11,直销,钻石系列,249884.2,985,253,1072.46,0.04,0.14
2025-11,直销,耐候系列,98741.32,3060,37,3185.2,0.07,0.18
2025-11,直销,着色系列,278760.44,2298,75,4724.75,0.07,0.31
2025-11,直销,玻璃变色龙,110397.44,4741,40,7359.83,0.02,0.39
2025-11,直销,水晶系列,362590.26,2428,230,2726.24,0.03,0.29
2025-11,直销,化妆品系列,289602.38,2285,292,1516.24,0.07,0.15
2025-11,直销,云母粉,281318.02,2694,122,2900.19,0.07,0.35
2025-11,直销,银白系列,109539.19,242,92,1956.06,0.05,0.28
2025-11,直销,虹彩系列,487302.15,4083,73,8401.76,0.03,0.22
2025-11,直销,着色变色龙,128592.01,1456,98,1054.03,0.03,0.1
2025-11,直销,玻璃包银系列,338869.18,3665,207,1423.82,0.02,0.13
2024-10,展会,金色系列,50178.6,3738,236,583.47,0.06,0.22
2024-10,展会,磁性珠光,311375.93,3214,21,1084.93,0.06,0.16
2024-10,展会,其他,339922.47,3677,278,1837.42,0.03,0.25
2024-10,展会,金属彩光系列,311662.54,3722,115,1558.31,0.02,0.12
2024-10,展会,超白系列,420100.48,3193,96,1944.91,0.02,0.19
2024-10,展会,钻石系列,208500.12,2137,158,1628.91,0.04,0.36
2024-10,展会,耐候系列,480720.99,4714,134,11179.56,0.04,0.34
2024-10,展会,着色系列,200546.24,2927,194,978.27,0.01,0.23
2024-10,展会,玻璃变色龙,228210.5,3574,55,979.44,0.03,0.17
2024-10,展会,水晶系列,189631.43,2228,255,2107.02,0.02,0.36
2024-10,展会,化妆品系列,326054.38,4449,110,11644.8,0.08,0.21
2024-10,展会,云母粉,382748.02,837,91,6714.88,0.05,0.27
2024-10,展会,银白系列,132691.65,4402,140,550.59,0.02,0.14
2024-10,展会,虹彩系列,223587.95,1623,127,1020.95,0.03,0.26
2024-10,展会,着色变色龙,123589.66,855,36,1235.9,0.03,0.24
2024-10,展会,玻璃包银系列,217399.37,1475,130,12077.74,0.07,0.16
2024-11,展会,金色系列,359139.24,651,61,2443.12,0.07,0.15
2024-11,展会,磁性珠光,70827.27,3889,293,357.71,0.06,0.15
2024-11,展会,其他,466753.55,2112,14,2652.01,0.07,0.33
2024-11,展会,金属彩光系列,261490.5,269,266,975.71,0.07,0.22
2024-11,展会,超白系列,91830.62,3942,89,1192.61,0.03,0.28
2024-11,展会,钻石系列,189923.52,2387,246,1406.84,0.04,0.31
2024-11,展会,耐候系列,359580.55,1427,31,8172.29,0.08,0.14
2024-11,展会,着色系列,150729.22,4432,260,710.99,0.05,0.32
2024-11,展会,玻璃变色龙,445508.42,3922,276,2332.5,0.07,0.27
2024-11,展会,水晶系列,420437.59,3419,138,1512.37,0.08,0.15
2024-11,展会,化妆品系列,430384.15,1134,28,3742.47,0.02,0.4
2024-11,展会,云母粉,422553.55,1046,221,2061.24,0.04,0.21
2024-11,展会,银白系列,164127.14,1727,18,1367.73,0.04,0.29
2024-11,展会,虹彩系列,82113.38,4936,81,500.69,0.04,0.14
2024-11,展会,着色变色龙,451246.75,3696,139,1742.27,0.04,0.31
2024-11,展会,玻璃包银系列,192067.89,1776,247,2527.21,0.04,0.12
2024-12,展会,金色系列,474385.46,929,161,2360.13,0.01,0.24
2024-12,展会,磁性珠光,199412.86,3650,49,1246.33,0.03,0.25
2024-12,展会,其他,243782.97,4027,44,1283.07,0.03,0.19
2024-12,展会,金属彩光系列,258291.6,190,61,3074.9,0.06,0.27
2024-12,展会,超白系列,39344.61,4273,121,142.55,0.04,0.23
2024-12,展会,钻石系列,173680.06,3870,187,981.24,0.03,0.12
2024-12,展会,耐候系列,263328.79,1110,234,1016.71,0.04,0.25
2024-12,展会,着色系列,336496.81,4589,299,1250.92,0.01,0.39
2024-12,展会,玻璃变色龙,467144.32,3195,179,1987.85,0.06,0.29
2024-12,展会,水晶系列,80536.22,1708,57,390.95,0.03,0.17
2024-12,展会,化妆品系列,31566.58,199,78,289.6,0.04,0.16
2024-12,展会,云母粉,401741.12,1342,228,1385.31,0.05,0.4
2024-12,展会,银白系列,113201.83,642,93,3903.51,0.03,0.24
2024-12,展会,虹彩系列,42383.65,3936,94,161.77,0.02,0.3
2024-12,展会,着色变色龙,407727.99,2907,200,1630.91,0.08,0.18
2024-12,展会,玻璃包银系列,283698.61,2808,177,1016.84,0.02,0.3
2025-01,展会,金色系列,361116.41,4360,152,2674.94,0.03,0.11
2025-01,展会,磁性珠光,246864.02,2788,270,1514.5,0.04,0.32
2025-01,展会,其他,208307.45,4947,163,1477.36,0.02,0.14
2025-01,展会,金属彩光系列,119576.35,1893,137,484.11,0.07,0.38
2025-01,展会,超白系列,351717.04,4243,195,1591.48,0.06,0.23
2025-01,展会,钻石系列,172294.44,764,134,1852.63,0.05,0.38
2025-01,展会,耐候系列,334812.34,2671,39,1436.96,0.04,0.23
2025-01,展会,着色系列,212969.22,350,180,1070.2,0.02,0.17
2025-01,展会,玻璃变色龙,440761.86,4129,212,3703.88,0.04,0.35
2025-01,展会,水晶系列,150369.12,1450,182,1652.41,0.05,0.28
2025-01,展会,化妆品系列,428067.31,924,52,8232.06,0.07,0.1
2025-01,展会,云母粉,274781.52,4135,57,3158.41,0.08,0.1
2025-01,展会,银白系列,97010.8,1193,159,492.44,0.06,0.38
2025-01,展会,虹彩系列,352992.35,4785,54,11766.41,0.02,0.19
2025-01,展会,着色变色龙,58985.94,4874,52,1966.2,0.05,0.35
2025-01,展会,玻璃包银系列,104201.59,1492,210,399.24,0.02,0.28
2025-02,展会,金色系列,311563.19,4409,46,2010.09,0.02,0.24
2025-02,展会,磁性珠光,427673.77,1389,273,7248.71,0.04,0.17
2025-02,展会,其他,149011.54,3322,183,1602.27,0.06,0.34
2025-02,展会,金属彩光系列,185788.44,4268,166,1161.18,0.06,0.34
2025-02,展会,超白系列,214805.1,2026,168,1213.59,0.02,0.24
2025-02,展会,钻石系列,354584.96,401,50,8864.62,0.05,0.14
2025-02,展会,耐候系列,62760.5,3777,74,729.77,0.06,0.18
2025-02,展会,着色系列,173036.82,2721,132,675.93,0.04,0.14
2025-02,展会,玻璃变色龙,325712.4,4622,164,2783.87,0.07,0.3
2025-02,展会,水晶系列,188462.57,3301,108,1013.24,0.01,0.11
2025-02,展会,化妆品系列,428003.12,2165,209,4076.22,0.07,0.24
2025-02,展会,云母粉,483610.74,2750,240,6200.14,0.07,0.32
2025-02,展会,银白系列,356618.42,2678,300,3429.02,0.01,0.33
2025-02,展会,虹彩系列,477601.89,3506,57,1844.02,0.07,0.2
2025-02,展会,着色变色龙,30592.48,1249,132,112.47,0.05,0.39
2025-02,展会,玻璃包银系列,454580.38,1578,223,15675.19,0.06,0.29
2025-03,展会,金色系列,358568.96,3155,182,32597.18,0.02,0.33
2025-03,展会,磁性珠光,484944.3,1752,118,5705.23,0.03,0.3
2025-03,展会,其他,370907.28,4236,150,1319.95,0.04,0.26
2025-03,展会,金属彩光系列,299339.02,1711,232,9977.97,0.04,0.32
2025-03,展会,超白系列,278090.36,4513,243,8690.32,0.03,0.11
2025-03,展会,钻石系列,298766.93,614,252,1339.76,0.08,0.37
2025-03,展会,耐候系列,308292.62,1991,171,2486.23,0.04,0.19
2025-03,展会,着色系列,329506.8,417,127,2353.62,0.04,0.1
2025-03,展会,玻璃变色龙,122318.21,1916,240,926.65,0.04,0.23
2025-03,展会,水晶系列,479732.35,2341,284,1659.97,0.08,0.1
2025-03,展会,化妆品系列,435587.5,2608,36,1649.95,0.08,0.16
2025-03,展会,云母粉,334031.41,2455,69,2569.47,0.07,0.22
2025-03,展会,银白系列,365603.4,1551,289,3264.32,0.01,0.23
2025-03,展会,虹彩系列,171099.67,2111,255,8554.98,0.02,0.38
2025-03,展会,着色变色龙,368198.12,1484,159,2611.33,0.04,0.37
2025-03,展会,玻璃包银系列,110005.73,1442,195,1864.5,0.06,0.19
2025-04,展会,金色系列,498963.69,4594,45,10182.93,0.08,0.36
2025-04,展会,磁性珠光,427984.84,127,132,9953.14,0.06,0.34
2025-04,展会,其他,472738.31,1566,68,1961.57,0.03,0.25
2025-04,展会,金属彩光系列,419243.74,4479,248,1547.02,0.02,0.3
2025-04,展会,超白系列,146367.28,782,192,2567.85,0.03,0.22
2025-04,展会,钻石系列,102757.08,2150,19,1902.91,0.08,0.15
2025-04,展会,耐候系列,177629.58,4376,283,1629.63,0.04,0.38
2025-04,展会,着色系列,319469.43,344,184,1528.56,0.07,0.23
2025-04,展会,玻璃变色龙,405564.77,3396,118,4269.1,0.02,0.29
2025-04,展会,水晶系列,388997.06,648,126,1479.08,0.05,0.24
2025-04,展会,化妆品系列,167884.86,3121,111,5415.64,0.01,0.16
2025-04,展会,云母粉,289760.26,240,200,1583.39,0.04,0.35
2025-04,展会,银白系列,485096.03,3896,53,6219.18,0.07,0.28
2025-04,展会,虹彩系列,285092.02,1054,79,1131.32,0.04,0.4
2025-04,展会,着色变色龙,365692.8,2891,71,14065.11,0.07,0.29
2025-04,展会,玻璃包银系列,130558.41,4499,227,815.99,0.01,0.13
2025-05,展会,金色系列,470133.82,1221,142,2304.58,0.08,0.18
2025-05,展会,磁性珠光,426371.13,709,281,2175.36,0.02,0.19
2025-05,展会,其他,156911.87,286,23,1012.33,0.03,0.31
2025-05,展会,金属彩光系列,436057.39,4400,61,2236.19,0.02,0.39
2025-05,展会,超白系列,386319.4,2707,73,3750.67,0.05,0.27
2025-05,展会,钻石系列,48631.04,502,151,287.76,0.07,0.27
2025-05,展会,耐候系列,275240.1,752,291,952.39,0.03,0.27
2025-05,展会,着色系列,155797.57,3406,30,921.88,0.07,0.23
2025-05,展会,玻璃变色龙,332369.78,2304,36,4154.62,0.01,0.38
2025-05,展会,水晶系列,298269.09,975,254,9621.58,0.04,0.21
2025-05,展会,化妆品系列,275562.56,2265,91,927.82,0.07,0.17
2025-05,展会,云母粉,173690.79,1616,63,9649.49,0.04,0.32
2025-05,展会,银白系列,72064.1,4275,132,330.57,0.01,0.26
2025-05,展会,虹彩系列,143924.06,1636,262,496.29,0.03,0.23
2025-05,展会,着色变色龙,310496.4,3282,108,1108.92,0.03,0.14
2025-05,展会,玻璃包银系列,487123.53,3471,157,3313.77,0.03,0.36
2025-06,展会,金色系列,71077.92,3542,140,269.23,0.01,0.13
2025-06,展会,磁性珠光,299461.31,2172,75,2879.44,0.07,0.27
2025-06,展会,其他,483915.44,2138,77,16130.51,0.03,0.17
2025-06,展会,金属彩光系列,32816.46,691,212,420.72,0.08,0.18
2025-06,展会,超白系列,65180.64,123,117,987.59,0.07,0.1
2025-06,展会,钻石系列,62407.29,1790,238,751.9,0.02,0.29
2025-06,展会,耐候系列,70389.64,3120,176,319.95,0.04,0.26
2025-06,展会,着色系列,144781.65,1751,84,1258.97,0.04,0.16
2025-06,展会,玻璃变色龙,336269.93,2088,260,1293.35,0.08,0.23
2025-06,展会,水晶系列,133534.52,3649,247,1467.41,0.01,0.37
2025-06,展会,化妆品系列,39200.24,3858,278,248.1,0.02,0.13
2025-06,展会,云母粉,150732.87,2421,153,1507.33,0.04,0.1
2025-06,展会,银白系列,394990.66,4438,43,1632.19,0.03,0.29
2025-06,展会,虹彩系列,230178.11,2357,254,1101.33,0.03,0.24
2025-06,展会,着色变色龙,224683.35,1193,18,1728.33,0.06,0.22
2025-06,展会,玻璃包银系列,493381.63,4619,270,5873.59,0.02,0.32
2025-07,展会,金色系列,265793.83,909,149,970.05,0.07,0.32
2025-07,展会,磁性珠光,19946.79,4746,64,149.98,0.07,0.18
2025-07,展会,其他,129704.16,4654,281,1259.26,0.05,0.39
2025-07,展会,金属彩光系列,11651.71,260,177,39.77,0.04,0.2
2025-07,展会,超白系列,245699.43,1634,65,1480.12,0.06,0.23
2025-07,展会,钻石系列,351053.2,2327,112,1632.81,0.06,0.39
2025-07,展会,耐候系列,286955.68,3023,59,1406.65,0.04,0.16
2025-07,展会,着色系列,129993.19,475,182,677.05,0.04,0.17
2025-07,展会,玻璃变色龙,173380.3,1964,230,583.77,0.01,0.12
2025-07,展会,水晶系列,286927.89,1222,128,1304.22,0.07,0.16
2025-07,展会,化妆品系列,212056.34,694,62,731.23,0.04,0.14
2025-07,展会,云母粉,371631.99,1889,199,6298.85,0.01,0.1
2025-07,展会,银白系列,297874.81,1085,153,1241.15,0.07,0.13
2025-07,展会,虹彩系列,462547.91,1073,57,3351.8,0.07,0.26
2025-07,展会,着色变色龙,318262.43,2075,32,1257.95,0.06,0.26
2025-07,展会,玻璃包银系列,332075.54,152,260,2767.3,0.07,0.37
2025-08,展会,金色系列,59045.84,4226,127,388.46,0.01,0.31
2025-08,展会,磁性珠光,467980.87,3805,294,4978.52,0.01,0.13
2025-08,展会,其他,317331.16,274,150,2938.25,0.02,0.15
2025-08,展会,金属彩光系列,371362.75,1569,110,3174.04,0.02,0.19
2025-08,展会,超白系列,40024.83,3782,125,513.14,0.01,0.32
2025-08,展会,钻石系列,364790.33,3103,163,1579.18,0.02,0.12
2025-08,展会,耐候系列,451566.68,3980,203,34735.9,0.02,0.11
2025-08,展会,着色系列,95796.91,3543,65,1807.49,0.06,0.16
2025-08,展会,玻璃变色龙,85332.45,988,232,671.91,0.06,0.15
2025-08,展会,水晶系列,359711.54,4646,281,2020.85,0.07,0.15
2025-08,展会,化妆品系列,498636.65,4465,300,4155.31,0.08,0.23
2025-08,展会,云母粉,309364.89,3746,152,1809.15,0.03,0.16
2025-08,展会,银白系列,369373.05,264,110,1702.18,0.03,0.33
2025-08,展会,虹彩系列,237785.51,845,69,3213.32,0.07,0.17
2025-08,展会,着色变色龙,353132.09,1027,296,1384.83,0.04,0.29
2025-08,展会,玻璃包银系列,359100.0,1207,37,1305.82,0.02,0.36
2025-09,展会,金色系列,401482.02,2070,35,1486.97,0.07,0.26
2025-09,展会,磁性珠光,46344.74,4515,292,891.25,0.03,0.26
2025-09,展会,其他,137232.53,2820,291,1737.12,0.07,0.11
2025-09,展会,金属彩光系列,250349.09,1781,81,2052.04,0.06,0.13
2025-09,展会,超白系列,82432.89,3723,46,364.75,0.06,0.26
2025-09,展会,钻石系列,371493.14,2736,245,3952.05,0.06,0.4
2025-09,展会,耐候系列,175463.93,371,15,7628.87,0.06,0.31
2025-09,展会,着色系列,432814.04,348,52,2473.22,0.02,0.32
2025-09,展会,玻璃变色龙,322149.21,764,52,3010.74,0.04,0.34
2025-09,展会,水晶系列,225099.74,4515,200,5771.79,0.07,0.32
2025-09,展会,化妆品系列,306386.68,1326,190,1802.27,0.04,0.13
2025-09,展会,云母粉,457986.92,2474,159,3202.71,0.02,0.26
2025-09,展会,银白系列,82492.37,4821,286,324.77,0.03,0.26
2025-09,展会,虹彩系列,386313.68,1333,99,2460.6,0.05,0.34
2025-09,展会,着色变色龙,163915.68,3941,30,609.35,0.04,0.11
2025-09,展会,玻璃包银系列,303613.71,122,143,2248.99,0.04,0.29
2025-10,展会,金色系列,53457.39,4326,150,190.24,0.02,0.21
2025-10,展会,磁性珠光,70241.74,3483,86,477.83,0.05,0.4
2025-10,展会,其他,191087.49,501,197,1137.43,0.07,0.34
2025-10,展会,金属彩光系列,193909.51,443,292,6463.65,0.05,0.12
2025-10,展会,超白系列,111879.09,3460,295,456.65,0.05,0.34
2025-10,展会,钻石系列,18327.24,4407,104,247.67,0.01,0.18
2025-10,展会,耐候系列,33023.43,1102,210,237.58,0.07,0.14
2025-10,展会,着色系列,282338.79,4435,12,1974.4,0.05,0.18
2025-10,展会,玻璃变色龙,429903.42,1553,290,1705.97,0.04,0.38
2025-10,展会,水晶系列,262675.04,3197,106,938.13,0.06,0.22
2025-10,展会,化妆品系列,128691.32,636,82,601.36,0.05,0.19
2025-10,展会,云母粉,93726.86,4781,167,429.94,0.03,0.11
2025-10,展会,银白系列,440928.6,1169,198,1574.74,0.04,0.13
2025-10,展会,虹彩系列,480779.09,2163,52,1954.39,0.07,0.35
2025-10,展会,着色变色龙,152896.41,3293,90,800.5,0.08,0.21
2025-10,展会,玻璃包银系列,152399.83,446,105,705.55,0.07,0.32
2025-11,展会,金色系列,190833.33,4552,105,1192.71,0.02,0.36
2025-11,展会,磁性珠光,367330.68,793,250,1809.51,0.03,0.34
2025-11,展会,其他,432911.25,4302,281,1615.34,0.07,0.11
2025-11,展会,金属彩光系列,120674.53,992,198,907.33,0.05,0.25
2025-11,展会,超白系列,97442.77,2356,179,1249.27,0.04,0.35
2025-11,展会,钻石系列,40149.74,2884,29,254.11,0.06,0.12
2025-11,展会,耐候系列,427953.04,2056,114,3566.28,0.02,0.33
2025-11,展会,着色系列,183981.1,4410,141,1075.91,0.07,0.14
2025-11,展会,玻璃变色龙,366941.0,1258,62,6552.52,0.02,0.28
2025-11,展会,水晶系列,267843.59,1113,288,7877.75,0.05,0.16
2025-11,展会,化妆品系列,300725.67,1721,262,2506.05,0.02,0.29
2025-11,展会,云母粉,499727.35,421,218,18508.42,0.06,0.39
2025-11,展会,银白系列,459883.89,4236,264,2598.21,0.08,0.13
2025-11,展会,虹彩系列,480762.57,3435,292,1729.36,0.07,0.1
2025-11,展会,着色变色龙,100566.12,317,25,1571.35,0.03,0.22
2025-11,展会,玻璃包银系列,279372.81,4992,278,17460.8,0.03,0.21
