SKU,batch,Last_Month_Stock,month_in,month_out,month_sales,month_end_stock,Note_value,safety_stock,Location,month_end_inventory,inventory_diff,Remark,Time
FWD110,24100761,6193.05,0,0,375,5818.05,5818.05,1000,2F-2,5818.05,0,,2025-01
FWD111,23112560,1523.94,0,320,50,1153.94,1153.94,479,2C-4,1153.94,0,,2025-01
FWD111M,23121560,50,0,0,0,50,5370,459,E-4,50,0,,2025-01
FWD111M,24092061,6145,0,100,725,5320,,,2E-1,5320,0,,2025-01
FWD111MT,24040761,1623.8,0,0,0,1623.8,1623.8,333,B-1,1623.8,0,,2025-01
FWD111Z,24090961,4,0,0,0,4,4,,D-2,4,0,,2025-01
FWD120,24072661,675,0,0,675,0,2772.85,2000,,0,0,,2025-01
FWD120,24072661,591.35,0,0,591.35,0,,,,0,0,,2025-01
FWD120,24072661,3998.5,0,0,1333.65,2664.85,,,C-2,2664.85,0,,2025-01
FWD120,24042964,308,0,0,250,58,,,2G-4,58,0,2个零头,2025-01
FWD120,24051560,50,0,0,0,50,,,D-2,50,0,,2025-01
FWD120K,24040760,588.43,0,0,0,588.43,588.43,,B-1,588.43,0,,2025-01
FWD122,23030261,4,0,0,0,4,837.3,1000,D-2,4,0,,2025-01
FWD122,24040764,888.3,0,0,55,833.3,,,A-3,833.3,0,,2025-01
FWD123,24072660,4569.35,0,0,350,4219.35,4219.35,783,B-1,4219.35,0,2个零头,2025-01
定制123,D24112161,6266,0,0,900,5366,5366,,E-3,5366,0,,2025-01
FWD123T,25011360,0,3324,0,525,2799,2799,400,E-2,2799,0,,2025-01
FWD123T,24091862,115,0,3.5,111.5,0,,,,0,0,,2025-01
FWD100,25011660,0,5000,0,25,4975,4975,5000,E-4,4975,0,,2025-01
FWD100,24112961,8771,0,2,8769,0,,,,0,0,,2025-01
FWD100,24112961,8700,0,0,8700,0,,,,0,0,,2025-01
FWD100,H23123060,1572,0,0,500,1072,1072,,E-5,1072,0,,2025-01
FWD100K,24071560,7350,0,0,2050,5300,6396,,E-4,5300,0,,2025-01
FWD100,D24121460,1296,0,0,200,1096,,,A-3,1096,0,,2025-01
FWD100W,24031160,1850,0,0,200,1650,1650,,C-2,1650,0,,2025-01
FWD101,24050561,4850,0,0,0,4850,4925,1000,E-2,4850,0,,2025-01
FWD101,24050561,350,0,0,275,75,,,A-3,75,0,,2025-01
FWD101T,24112962,1950,0,0,800,1150,1150,0,E-4,1150,0,,2025-01
FWD173,25011062,0,3583,8,925,2650,14400,1000,E-3,2650,0,,2025-01
FWD173,25011361,0,5750,0,0,5750,,,E-4,5750,0,,2025-01
FWD173,25011361,0,6000,0,0,6000,,,E-3,6000,0,,2025-01
FWD173,24041160,1099.15,0,49.15,1050,0,,,,0,0,,2025-01
定制173,D23062562,1800,0,0,0,1800,1800,,E-4,1800,0,,2025-01
FWD173K,22110860,3200,0,0,600,2600,2600,,E-3,2600,0,,2025-01
FWD103,24110561,7358.25,0,0,1375,5983.25,5983.25,1000,2C-3,5983.25,0,,2025-01
FWD103,24062760,125,0,0,125,0,,,,0,0,,2025-01
FWD103,2411110,1000,0,0,1000,0,,,,0,0,,2025-01
FWD151,24081461,1695.89,0,0,75,1620.89,5995.89,1000,B2-D2,1620.89,0,2个零头,2025-01
FWD151,24081461,4375,0,0,0,4375,,,E-3,4375,0,,2025-01
FWD151K,24040762,1175,0,0,250,925,925,,C-2,925,0,,2025-01
FWD153,25010960,0,8385,0,2100,6285,12285,1000,E-2,6285,0,,2025-01
FWD153,25010960,0,6000,0,0,6000,,,E-2,6000,0,,2025-01
FWD153,24061160,6298.9,0,898.9,5400,0,,,,0,0,,2025-01
FWD153,D24112160,2035,0,0,0,2035,2035,,A-2,2035,0,,2025-01
FWD163,24090760,125,0,0,0,125,5125,745,A-3,125,0,,2025-01
FWD163,24090760,5000,0,0,0,5000,,,B-2,5000,0,,2025-01
HC010AS,24032561,58.3,0,0,2,56.3,56.3,,B-2,56.3,0,,2025-01
FWD104Z,24060761,2852.58,0,0,0,2852.58,2852.58,,棚,2852.58,0,,2025-01
FWD001,17092062,0.3,0,0,0,0.3,2703.3,,E-1,0.3,0,,2025-01
FWD001,15120460,25,0,0,0,25,,,E-1,25,0,退,2025-01
FWD001,17123060,2678,0,0,0,2678,,,D-2,2678,0,,2025-01
FWD205,25011560,0,1650,0,75,1575,2575,800,E-4,1575,0,,2025-01
FWD205,25011560,0,5000,0,4000,1000,,,棚,1000,0,,2025-01
FWD205,24101760,6028.62,0,0.62,6028,0,,,,0,0,,2025-01
FWD2205G,24010260,959.95,0,0,265,694.95,694.95,500,2B-3,694.95,0,,2025-01
FWD205A,24041761,1245,0,0,1075,170,170,410,2B-3,170,0,,2025-01
FWD215,23111161,206.73,0,0,100,106.73,3456.73,500,2C-3,106.73,0,,2025-01
FWD215,24110960,3350,0,0,0,3350,,,2B-3,3350,0,,2025-01
FWD219,24042061,2494.1,0,0,150,2344.1,2344.1,500,2G-2,2344.1,0,,2025-01
FWD219S,20121160,600,0,0,200,400,400,0,2D-2,400,0,,2025-01
FWD219K,24042760,1677,0,100,0,1577,1577,,2D-1,1577,0,,2025-01
FWD219Y,22121760,750,0,0,0,750,750,0,2D-2,750,0,,2025-01
FWD225,24101960,5100,0,0,150,4950,7025,773,2C-1,4950,0,,2025-01
FWD225,24101960,3000,0,0,925,2075,,,2G-3,2075,0,,2025-01
FWD225Z,24061862,550,0,0,0,550,550,,3B-1,550,0,,2025-01
FWD225S,23091963,1000,0,0,300,700,700,0,2B-3,700,0,,2025-01
FWD225K,21041562,1300,0,800,0,500,500,,B-2,500,0,,2025-01
FWD225A,24010261,550,0,0,0,550,550,,2D-1,550,0,,2025-01
FWD235,23060161,24.3,0,0,0,24.3,2098.4,500,D-2,24.3,0,,2025-01
FWD235,24011562,2174.1,0,0,100,2074.1,,,2C-4,2074.1,0,,2025-01
FWD235T,19062263,200,0,0,0,200,200,,4E-4,200,0,,2025-01
FWD235K,21041563,150,0,0,0,150,150,,2B-4,150,0,,2025-01
FWD201,24052960,2364.48,0,0,166,2198.48,2198.48,800,2F-2,2198.48,0,,2025-01
FWD201,D24120661,500,0,0,250,250,250,,A-3,250,0,,2025-01
FWD211,24111960,4466,0,0,258,4208,4208,500,2E-2,4208,0,,2025-01
FWD223,24111660,2194,0,0,51,2143,2143,447,2C-3,2143,0,,2025-01
FWD221,24110760,4411.5,0,0,611,3800.5,3800.5,600,2F-3,3800.5,0,,2025-01
FWD221S,21051960,825,0,0,0,825,825,0,2E-2,825,0,,2025-01
FWD224,20080861,225,0,0,2,223,223,0,C-2,223,0,,2025-01
FWD224T,24092761,1325,0,0,450,875,875,,2B-3,875,0,,2025-01
FWD231,24111861,4039.67,0,0,85,3954.67,3954.67,493,2G-6,3954.67,0,,2025-01
FWD249,23100761,758.95,0,0,50,708.95,708.95,325,4B-1,708.95,0,,2025-01
FWD249A,23112460,125,0,0,0,125,125,,2E-1,125,0,,2025-01
FWD249,D24050661,431,0,0,0,431,431,,2F-4,431,0,,2025-01
FWD216,24111863,3370.1,0,0,80,3290.1,3290.1,0,2B-4,3290.1,0,,2025-01
FWD216K,24043060,1028.13,0,0,350,678.13,678.13,,4A-3,678.13,0,2个零头,2025-01
FWD216Y,24070260,682,0,0,0,682,682,0,2B-2,682,0,,2025-01
FWD217,18011860,274.5,0,0,0,274.5,274.5,250,2B-3,274.5,0,,2025-01
FWD299,23082163,534,0,0,0,534,534,,2E-1,534,0,,2025-01
FWD289,23091661,272,0,0,75,197,197,43,2D-1,197,0,,2025-01
FWD1289,16122660,768.44,0,0,0,768.44,768.44,,B-1,768.44,0,,2025-01
FWD300,24111961,4900,0,0,0,4900,15640,2000,3B-4,4900,0,,2025-01
FWD300,24111961,6000,0,0,0,6000,,,3A-1,6000,0,,2025-01
FWD300,24111961,5765,0,0,1925,3840,,,3B-3,3840,0,,2025-01
FWD300,24111961,900,0,0,0,900,,,2B-1,900,0,,2025-01
FWD300B,24052961,2438,0,0,300,2138,2138,0,3A-1,2138,0,,2025-01
FWD300S,21072760,300,0,0,0,300,300,0,2E-2,300,0,,2025-01
FWD300Y,24082860,840,0,0,0,840,840,0,3B-4,840,0,,2025-01
FWD301,24070962,2500,0,0,50,2450,2450,324,4B-2,2450,0,,2025-01
FWD303,23122860,2,0,0,0,2,7072.75,2000,D-2,2,0,,2025-01
FWD303,24070661,3724.75,0,0,454,3270.75,,,2G-7,3270.75,0,,2025-01
FWD303,24070661,3850,0,0,50,3800,,,2G-6,3800,0,,2025-01
FWD303,H23120860,642,0,0,150,492,492,,4B-4,492,0,,2025-01
FWD303Y,19072761,250,0,0,0,250,250,0,2D-1,250,0,,2025-01
FWD304K,23042662,423.7,0,0,0,423.7,423.7,,3B-3,423.7,0,,2025-01
FWD305,24071960,4050,0,0,0,4050,4431.8,1309,2E-1,4050,0,,2025-01
FWD305,24071960,1466.8,0,0,1085,381.8,,,2G-8,381.8,0,,2025-01
FWD305S,24112960,4882,0,0,500,4382,4382,0,2G-6,4382,0,,2025-01
FWD305Y,19072762,172,0,0,0,172,172,0,2E-1,172,0,,2025-01
FWD306,24120560,6662,0,0,675,5987,17887,1500,2F-4,5987,0,,2025-01
FWD306,24120560,12000,0,0,100,11900,,,2G-4,11900,0,,2025-01
FWD306,D24110862,3,0,0,0,3,3,,D-2,3,0,,2025-01
FWD306C,24103060,648.8,0,0,0,648.8,648.8,,A-2,648.8,0,纸袋装,2025-01
FWD306B,D23101063,800,0,0,300,500,4139,,2G-6,500,0,,2025-01
FWD306B,24060460,4939,0,0,1300,3639,,,2C-4,3639,0,,2025-01
FWD306S,24121160,3125,0,0,0,3125,3125,,4C-2,3125,0,,2025-01
FWD307,23121962,1925,0,0,300,1625,8184,1000,3A-2,1625,0,,2025-01
FWD307,24122060,6562,0,0,3,6559,,,2B-4,6559,0,,2025-01
FWD307B,24072260,2675,0,0,400,2275,2275,0,2F-2,2275,0,,2025-01
FWD307Y,24091460,884,0,0,0,884,884,0,2E-2,884,0,,2025-01
FWD3307A,24040862,2600,0,0,300,2300,2300,500,2C-2,2300,0,,2025-01
FWD308,23122861,1452.8,0,0,182,1270.8,1270.8,500,2C-2,1270.8,0,,2025-01
FWD302,24041960,25,0,0,25,0,15710,2000,,0,0,,2025-01
FWD302,24102863,5218.5,0,0,1090,4128.5,,,4C-2,4128.5,0,,2025-01
FWD302,24102863,11641.5,0,0,60,11581.5,,,4D-3,11581.5,0,,2025-01
FWD3302,24082960,1613.5,0,0,108.5,1505,1505,127,2E-2,1505,0,,2025-01
FWD323,24110162,5872.95,0,0,3100,2772.95,2772.95,1000,4C-3,2772.95,0,2个零头,2025-01
FWD323,H24111262,694,0,0,0,694,694,,2E-1,694,0,,2025-01
FWD323Y,24111263,368,0,0,0,368,368,,2C-1,368,0,,2025-01
FWD320,24070960,3045,0,0,2485,560,560,1000,2G-4,560,0,,2025-01
FWD320K,24040162,2550,0,0,0,2550,2550,,2C-3,2550,0,,2025-01
FWD322,25010260,0,7689,0,1000,6689,6689,0,4A-2,6689,0,,2025-01
FWD322,24110460,8,0,8,0,0,,,,0,0,,2025-01
FWD325,24110560,5967.95,0,0,605,5362.95,9059.95,439,2C-2,5362.95,0,,2025-01
FWD325,24110560,4322,0,0,625,3697,,,2D-2,3697,0,,2025-01
FWD351,24120960,4304,0,0,125,4179,4179,500,2E-2,4179,0,,2025-01
FWD351Y,24111362,1128,0,0,200,928,928,0,2C-1,928,0,,2025-01
FWD353,23120460,500,0,0,75,425,5213,500,2B-3,425,0,,2025-01
FWD353,24121660,4790,0,0,2,4788,,,2D-2,4788,0,,2025-01
FWD353Y,24111662,1681,0,0,250,1431,1431,0,2F-1,1431,0,,2025-01
FWD355,24122362,3551,0,0,400,3151,3151,500,2C-4,3151,0,,2025-01
FWD355Y,21062361,675,0,0,0,675,675,,3A-1,675,0,,2025-01
FWD330,21050560,374.1,0,0,0,374.1,374.1,,2C-2,374.1,0,,2025-01
FWD361,21042260,1879,0,0,0,1879,1879,,3A-2,1879,0,,2025-01
FWD362,16061460,74.95,0,0,55,19.95,40.25,,2C2-D2,19.95,0,,2025-01
FWD362,16061460,20.3,0,0,0,20.3,,,E-1,20.3,0,退货,2025-01
FWD3112,24101663,3048.7,0,0,100,2948.7,2948.7,500,2B-3,2948.7,0,,2025-01
FWD6622,23101163,725,0,0,0,725,725,,3A-1,725,0,,2025-01
FWD500,23120160,1,0,0,0,1,3040.3,1000,D-2,1,0,,2025-01
FWD500,24061260,3299.3,0,0,260,3039.3,,,4C-3,3039.3,0,,2025-01
FWD500K,230801461,2449.2,0,0,0,2449.2,2449.2,,2G-3,2449.2,0,,2025-01
FWD3500E,23082560,225,0,0,100,125,125,,3B-1,125,0,,2025-01
FWD3500,24010460,1215.43,0,0,0,1215.43,1215.43,200,3B-2,1215.43,0,,2025-01
FWD3502,23110660,833.96,0,0,75,758.96,758.96,500,4B-5,758.96,0,,2025-01
FWD3504,24071860,1860.2,0,0,175,1685.2,1685.2,0,4D-3,1685.2,0,,2025-01
FWD502,24100860,6316.46,0,0,778,5538.46,5538.46,1000,4A-1,5538.46,0,,2025-01
FWD502S,21052960,1900,0,0,0,1900,1900,0,2D-1,1900,0,,2025-01
FWD502Z,23122762,1625,0,0,0,1625,1625,0,4D-2,1625,0,,2025-01
FWD503,24060161,467.28,0,0,125,342.28,342.28,600,4C-3,342.28,0,,2025-01
FWD504,24100963,2266.8,0,0,25,2241.8,7327.9,1000,4B-5,2241.8,0,,2025-01
FWD504,24100963,4945,0,0,0,4945,,,4A-2,4945,0,,2025-01
FWD504,23111660,418.1,0,0,277,141.1,,,3A-1,141.1,0,,2025-01
FWD504,D24110262,10,0,0,0,10,10,,D-2,10,0,,2025-01
FWD5004B,D24081460,10,0,0,0,10,10,,D-2,10,0,,2025-01
FWD504Z,24032260,1024.95,0,0,0,1024.95,1024.95,,4A-1,1024.95,0,,2025-01
FWD505,24102160,2982.22,0,0,175,2807.22,2807.22,500,4C-2,2807.22,0,,2025-01
FWD506,19041360,22.15,0,0,0,22.15,8112.61,0,D-2,22.15,0,,2025-01
FWD506,19041360,14.96,0,0,0,14.96,,,D-2,14.96,0,退货,2025-01
FWD506,19101560,2580.5,0,0,225,2355.5,,,2G-5,2355.5,0,2个零头,2025-01
FWD506,19101560,5720,0,0,0,5720,,,2G-2,5720,0,,2025-01
FWD508,24110863,2479,0,0,150,2329,2329,500,2B-4,2329,0,,2025-01
FWD510,20122060,334,0,0,50,284,284,472,4C-2,284,0,,2025-01
FWD510Y,22030462,550,0,0,0,550,550,0,4A-3,550,0,,2025-01
FWD510W,23091962,750,0,0,100,650,650,0,2E-2,650,0,,2025-01
FWD520,24062462,2881.6,0,0,80.6,2801,2801,841,4D-2,2801,0,,2025-01
FWD522,24053161,1225,0,0,75,1150,7166,1000,4A-1,1150,0,,2025-01
FWD522,24112260,6018,0,0,2,6016,,,4C-2,6016,0,,2025-01
FWD5221,23100760,1030,0,0,0,1030,1030,,3A-1,1030,0,,2025-01
FWD523,20080560,244.1,0,0,29.3,214.8,214.8,260,4B-5,214.8,0,,2025-01
FWD524,25010660,0,4119,0,25,4094,4094,600,4C-1,4094,0,,2025-01
FWD524,22030761,340.9,0,340.9,0,0,,,,0,0,,2025-01
FWD524A,24051660,780,0,0,0,780,780,,3A-1,780,0,,2025-01
FWD524,D19062660,600,0,600,0,0,0,,,0,0,,2025-01
FWD525,24040763,1967,0,0,100,1867,1867,503,3B-3,1867,0,,2025-01
FWD530,23121260,3281.3,0,0,60,3221.3,3221.3,709,3A-2,3221.3,0,,2025-01
FWD532,24102262,4396.6,0,0,800,3596.6,3596.6,958,4C-2,3596.6,0,,2025-01
FWD550,22120160,1592.75,0,0,25,1567.75,1567.75,511,4B-4,1567.75,0,,2025-01
FWD550K,21071060,698.9,0,0,0,698.9,698.9,,2B-1,698.9,0,,2025-01
FWD552,19052060,1700,0,0,0,1700,1700,,4C-4,1700,0,,2025-01
FWD534,24080361,3361,0,0,50,3311,3311,500,4B-3,3311,0,,2025-01
FWD535,21120862,1044.3,0,0,0,1044.3,1044.3,342,4A-3,1044.3,0,,2025-01
FWD5516,24102960,1864.85,0,0,100,1764.85,1764.85,,4A-3,1764.85,0,,2025-01
FWD5518,24091860,3193.95,0,0,300,2893.95,2893.95,892,3A-2,2893.95,0,,2025-01
FWD5518,24031560,25,0,0,25,0,,,,0,0,,2025-01
FWD5519,21120861,1075,0,0,0,1075,1075,282,3B-5,1075,0,,2025-01
FWD5727,19032463,300,0,0,0,300,300,,4E-4,300,0,,2025-01
FWD400B,24110462,383.1,0,0,50,333.1,333.1,350,4B-1,333.1,0,,2025-01
FWD400C,19081861,253.45,0,0,0,253.45,253.45,0,2C-4,253.45,0,,2025-01
FWD408,21062360,1964.55,0,0,13,1951.55,1951.55,543,2D-2,1951.55,0,,2025-01
FWD408C,D22062960,250,0,0,0,250,250,,3B-5,250,0,,2025-01
FWD410,24120260,3877.4,0,0,150,3727.4,3727.4,500,3A-1,3727.4,0,,2025-01
FWD411,23112860,725,0,0,175,550,550,500,4D-3,550,0,,2025-01
FWD415Y,20040761,296.75,0,0,15,281.75,281.75,0,3A-1,281.75,0,15kg装,2025-01
FWD415Y,,0,0,0,0,0,,,,0,0,~,2025-01
FWD430,21032761,1758.6,0,0,100,1658.6,1658.6,334,3A-1,1658.6,0,,2025-01
FWD416,24041560,743.5,0,0,27,716.5,716.5,0,2E-1,716.5,0,,2025-01
FWD416C,25011061,0,1270,50,0,1220,1220,0,2F-4,1220,0,,2025-01
FWD416C,24072960,270,0,170,100,0,,,,0,0,,2025-01
FWD417,24122360,1457,0,0,0,1457,1457,0,4D-3,1457,0,,2025-01
FWD418B,23120560,1355.68,0,275,40,1040.68,1040.68,289,4D-4,1040.68,0,,2025-01
FWD418C,21010560,71.7,0,0,0,71.7,71.7,0,4A-3,71.7,0,,2025-01
FWD419B,24091960,1549.35,0,218.45,125,1205.9,1205.9,500,4B-3,1205.9,0,,2025-01
FWD419C,24080362,855,0,124,200,531,531,0,3B-4,531,0,,2025-01
FWD419Y,21010960,258.3,0,0,20,238.3,238.3,0,2C-1,238.3,0,20kg装,2025-01
FWD421,24120961,2450,0,0,50,2400,2400,500,4B-5,2400,0,,2025-01
FWD421Y,24110861,311,0,0,40,271,271,100,2C-4,271,0,20kg装,2025-01
FWD421D,24112860,450,0,0,0,450,450,0,4B-1,450,0,,2025-01
FWD421C,24030662,400,0,0,0,400,400,0,4B-1,400,0,,2025-01
FWD422B,18032760,100,0,20.8,0,79.2,79.2,,4D-1,79.2,0,,2025-01
FWD424,21080560,2540,0,0,0,2540,2540,106,4B-3,2540,0,,2025-01
FWD425,24111160,3525,0,0,180,3345,3345,500,4A-2,3345,0,,2025-01
FWD425C,25010360,0,1379,0,0,1379,1379,0,4A-3,1379,0,,2025-01
FWD425C,23110262,0.9,0,0.9,0,0,,,,0,0,,2025-01
FWD425Y,24122561-20kg,73,0,0,0,73,73,42,2E-2,73,0,20kg装,2025-01
FWD425B,18061860,849,0,99,0,750,750,500,4C-3,750,0,,2025-01
FWD426C,19101061,429.15,0,0,0,429.15,429.15,,2E-1,429.15,0,,2025-01
FWD427,24090561,560,0,0,560,0,3910,713,,0,0,,2025-01
FWD427,24090561,4000,0,0,90,3910,,,2B-3,3910,0,,2025-01
FWD428B,10081361,448.9,0,0,0,448.9,448.9,,2E-2,448.9,0,,2025-01
FWD432,22041160,25,0,0,0,25,25,,3A-1,25,0,,2025-01
FWD435,23080761,1501.7,0,0,0,1501.7,1501.7,306,4B-2,1501.7,0,,2025-01
FWD435B,23090360,175,0,0,75,100,2610,430,3B-5,100,0,,2025-01
FWD435B,24110263,2510,0,0,0,2510,,,4C-1,2510,0,,2025-01
FWD435C,19121861,289.1,0,0,0,289.1,289.1,0,3B-1,289.1,0,,2025-01
FWD435Y,19122663,126.38,0,0,75,51.38,51.38,0,2F-4,51.38,0,15kg装,2025-01
FWD439,24122461,559,0,0,175,384,384,,2D-2,384,0,,2025-01
FWD401,24110461,3722,0,0,320,3402,3402,500,4A-1,3402,0,,2025-01
FWD402,24052861-20kg,593.3,0,0,200,393.3,393.3,500,4C-4,393.3,0,,2025-01
FWD4002,24051663,497,0,0,255,242,4337,1012,2C-1,242,0,15kg装,2025-01
FWD4002,24111862,4095,0,0,0,4095,,,4A-1,4095,0,,2025-01
FWD4002T,24070561,2409.5,0,0,122,2287.5,2287.5,1000,2D-1,2287.5,0,15kg装2个零头,2025-01
FWD403,24112760,1027,0,0,0,1027,1027,200,4A-3,1027,0,,2025-01
FWD405B,19070562,203.45,0,0,0,203.45,203.45,100,4B-1,203.45,0,,2025-01
FWD407,23101360,725.55,0,0,50,675.55,675.55,325,4C-1,675.55,0,,2025-01
FWD407A,20072162,24.25,0,0,0,24.25,24.25,,D-2,24.25,0,,2025-01
FWD462,24052962,94.4,0,0,0,94.4,94.4,,2D-1,94.4,0,,2025-01
FWD466A,24121761,650,0,0,0,650,650,,4A-3,650,0,,2025-01
FWD464,18090660,21.73,0,0,0,21.73,249.63,,D-2,21.73,0,,2025-01
FWD464,19090565,252.9,0,0,25,227.9,,,2C-1,227.9,0,,2025-01
FWD471,21052862,98.6,0,0,0,98.6,98.6,,4D-2,98.6,0,,2025-01
FWD475,25011060,0,554,0,100,454,454,,4C-3,454,0,,2025-01
FWD475,19121461,2.7,0,2.7,0,0,,,,0,0,,2025-01
FWD476,17010660,1679.2,0,0,0,1679.2,1679.2,,4E-2,1679.2,0,,2025-01
FWD478,23102460,114.9,0,0,0,114.9,114.9,,2C-3,114.9,0,,2025-01
FWD479,25011561,0,600,0,0,600,600,,3B-5,600,0,核对数量,2025-01
FWD479,23060962,12.95,0,12.95,0,0,,,,0,0,,2025-01
FWD480,15122661,24.65,0,0,0,24.65,24.65,,D-2,24.65,0,,2025-01
FWD482Y,16070162,142.05,0,0,0,142.05,142.05,,2D-2,142.05,0,,2025-01
FWD483,14080160,1092.45,0,0,0,1092.45,1092.45,,2E-2,1092.45,0,20kg装,2025-01
FWD483C,21032960,0.7,0,0,0,0.7,0.7,,D-2,0.7,0,,2025-01
FWD485,24060160,620,0,0,25,595,595,,3A-1,595,0,,2025-01
FWD486B,24011360,125,0,0,0,125,125,,2E-1,125,0,,2025-01
FWD487,23122560,475,0,0,0,475,475,,4C-3,475,0,,2025-01
FWD488,21052861,444.55,0,0,0,444.55,444.55,,4B-5,444.55,0,,2025-01
FWD4012,24051461,30,0,0,30,0,1704.75,1000,,0,0,15kg装,2025-01
FWD4012,,0,0,0,0,0,,,,0,0,~,2025-01
FWD4012,24082660,2364.75,0,0,660,1704.75,,,4C-4,1704.75,0,~,2025-01
FWD4012B,24110260,960,0,0,0,960,4200,,2C-2,960,0,~,2025-01
FWD4012B,24110260,3240,0,0,0,3240,,,2F-4,3240,0,~,2025-01
FWD4012B,,0,0,0,0,0,,,,0,0,~,2025-01
FWD4012T,24121461,6689,0,0,705,5984,5988,2000,4C-4,5984,0,15kg桶,2025-01
FWD4012T,24101562,10,0,0,6,4,,,D-2,4,0,~,2025-01
FWD4012T,D24090662,3344.8,0,0,270,3074.8,3074.8,,3A-3,3074.8,0,~,2025-01
FWD4015,24091560,2870,0,0,30,2840,4304.2,1500,2C-1,2840,0,15kg装,2025-01
FWD4015,24091560,1149.2,0,0,120,1029.2,,,2G-4,1029.2,0,~,2025-01
FWD4015,24091560,435,0,0,0,435,,,2C-2,435,0,~,2025-01
FWD4015,D25010761,0,3240,0,0,3240,8670,,2C-2,3240,0,~,2025-01
FWD4015,D25010761,0,3810,0,0,3810,,,2G-7,3810,0,~,2025-01
FWD4015,D24122661,3000,0,30,1350,1620,,,3B-4,1620,0,~,2025-01
FWD4015,D24092960,1650,0,0,1650,0,,,,0,0,~,2025-01
FWD4032,22071262,57.6,0,0,0,57.6,57.6,,D-2,57.6,0,20kg装,2025-01
FWD4033,22071261,75.1,0,0,0,75.1,75.1,,D-2,75.1,0,~,2025-01
1#兰绿,18120961,244.2,0,0,120,124.2,124.2,,4D-2,124.2,0,24kg装,2025-01
2#墨绿,,0,0,0,0,0,0,,,0,0,~,2025-01
3#深紫,23022060,209.05,0,0,0,209.05,209.05,,2B-2,209.05,0,24kg装,2025-01
4#紫色,25010760,0,307,0,120,187,187,,2B-2,187,0,~,2025-01
5#棕色,23102464,240,0,0,0,240,240,,2B-2,240,0,,2025-01
6#枣红,22102562,167.95,0,0,120,47.95,47.95,,2B-2,47.95,0,24kg装,2025-01
7#宝蓝,24092561,282,0,0,0,282,282,,2B-2,282,0,24kg装,2025-01
8#丈青,23081460,24,0,0,0,24,24,,2B-2,24,0,~,2025-01
FWD6601,17071363,438.03,0,0,0,438.03,438.03,83,2F-1,438.03,0,,2025-01
FWD6601A,24111264,432.5,0,0,26,406.5,406.5,200,2C-4,406.5,0,,2025-01
FWD6602,20050462,1032.87,0,0,1.2,1031.67,1031.67,100,4E-3,1031.67,0,,2025-01
FWD6602E,17070663,40.34,0,0,2,38.34,38.34,100,2B-2,38.34,0,,2025-01
FWD6603,24111661,1068.95,0,0,136.2,932.75,932.75,300,2E-1,932.75,0,,2025-01
FWD6603B,22120262,628.5,0,0,0,628.5,628.5,217,4E-1,628.5,0,,2025-01
FWD6606,D22040961,99.6,0,0,0,99.6,99.6,,4B-1,99.6,0,,2025-01
FWD6606,,0,0,0,0,0,0,100,,0,0,,2025-01
FWD6612,17051360,492.32,0,0,0,492.32,492.32,0,2B-1,492.32,0,,2025-01
FWD6683,,4,0,0,0,4,4,100,E-1,4,0,退,2025-01
FWD6683T,20101361,307.85,0,0,6,301.85,301.85,,4C-3,301.85,0,,2025-01
FWD6050,24060660,469.9,0,0,0,469.9,469.9,,4A-3,469.9,0,,2025-01
FWD6205,24122460,3135,0,0,450,2685,2685,500,2G-7,2685,0,,2025-01
FWD6205G,22102861,849.85,0,0,0,849.85,849.85,,4A-3,849.85,0,,2025-01
FWD6215,24072761,813.95,0,0,250,563.95,563.95,214,2D-2,563.95,0,,2025-01
FWD6216,18083061,300,0,0,0,300,1675,,4E-2,300,0,,2025-01
FWD6216,18091161,1425,0,50,0,1375,,,2G-8,1375,0,,2025-01
FWD6219,23122160,794,0,0,25,769,769,538,3B-2,769,0,,2025-01
FWD6224,24092860,3086.95,0,0,475,2611.95,2611.95,733,4D-2,2611.95,0,,2025-01
FWD6225,18072660,776.05,0,0,0,776.05,776.05,34,4C-4,776.05,0,,2025-01
FWD6235,24090560,921.95,0,0,625,296.95,296.95,500,3B-1,296.95,0,2个零头,2025-01
FWD6300T,20111861,712.9,0,0,25,687.9,687.9,500,4D-1,687.9,0,,2025-01
FWD6303W,22032361,724.6,0,0,0,724.6,724.6,0,2G-1,724.6,0,,2025-01
FWD6303,24080160,1155.2,0,0,35,1120.2,1120.2,500,4B-1,1120.2,0,,2025-01
FWD6500A,20061560,2600.8,0,0,5,2595.8,2595.8,1,4C-3,2595.8,0,,2025-01
FWD6502A,24102260,2806,0,0,5,2801,2801,0,3B-3,2801,0,,2025-01
FWD6504A,22072260,1270.2,0,0,0,1270.2,1270.2,,4B-5,1270.2,0,2个零头,2025-01
FWD6504,20081460,375.7,0,0,0,375.7,375.7,200,4A-3,375.7,0,,2025-01
FWD6504T,22071661,808.5,0,0,25,783.5,783.5,500,2F-4,783.5,0,,2025-01
FWD6550,19092061,179,0,0,0,179,513.6,3,4E-3,179,0,,2025-01
FWD6550,19121261,334.6,0,0,0,334.6,,,4E-3,334.6,0,,2025-01
FWD6810PM,17082162,49.32,0,0,0,49.32,49.32,,A-2,49.32,0,,2025-01
FWD6810,24071962,1215.2,0,122.5,5,1087.7,1087.7,500,2F-4,1087.7,0,,2025-01
FWD6820,24080360,1116.1,0,0,53,1063.1,1063.1,300,2E-2,1063.1,0,,2025-01
FWD6830,24052760,559.75,0,12.5,0,547.25,547.25,300,2E-1,547.25,0,,2025-01
FWD6840,19091361,521.25,0,0,0,521.25,521.25,300,2B-1,521.25,0,2个零头,2025-01
FWD6850,24052560,594.6,0,0,45,549.6,549.6,300,2C-3,549.6,0,,2025-01
FWD6860,19061761,155.66,0,0,0,155.66,155.66,165,4D-4,155.66,0,,2025-01
FWD6881,23090460,343.6,0,0,10,333.6,333.6,,4D-2,333.6,0,,2025-01
FWD6882,19081261,993.5,0,0,4,989.5,989.5,,2C-1,989.5,0,,2025-01
FWD6883,19081262,430.3,0,0,4,426.3,426.3,,2F-1,426.3,0,,2025-01
FWD6884,24090960,1279,0,0,25,1254,1254,,3B-1,1254,0,,2025-01
FWD6885,19081264,504.97,0,0,5,499.97,499.97,34,2F-1,499.97,0,,2025-01
FWD6910,24100960,893.8,0,0,80,813.8,813.8,300,4A-3,813.8,0,,2025-01
FWD7305,241226562,0,7398,0,7,7391,16391,2000,2G-3,7391,0,,2025-01
FWD7305,24122662,0,6000,0,0,6000,,,2F-3,6000,0,,2025-01
FWD7305,24082360,1125,0,0,650,475,,,4C-2,475,0,,2025-01
FWD7305,24112560,2625,0,0,100,2525,,,4C-3,2525,0,,2025-01
FWD7305D,23060763,50,0,0,0,50,50,,D-2,50,0,,2025-01
FWD7305T,24071260,3500,0,0,2502.6,997.4,997.4,1500,4A-2,997.4,0,,2025-01
FWD7305T,24071260,797.4,0,0,797.4,0,,,,0,0,,2025-01
FWD7305TQ,23071960,1319.3,0,0,0,1319.3,2039.3,,4C-1,1319.3,0,20kg装,2025-01
FWD7305TQ,23071960,720,0,0,0,720,,,4C-1,720,0,,2025-01
FWD7305TD,D24081760,3774.2,0,0,1000,2774.2,2774.2,,4C-1,2774.2,0,,2025-01
FWD7305C,24112560,9000,0,0,0,9000,9000,,4C-3,9000,0,,2025-01
FWD7306,24081761,1026,0,0,200,826,826,,4B-5,826,0,,2025-01
FWD7315,24120461,1974.5,0,0,-25,1999.5,1999.5,,4E-3,1999.5,0,退24.2,2025-01
FWD7321,20030560,1749.48,0,500,0,1249.48,1249.48,,2D-1,1249.48,0,,2025-01
FWD7331,21092260,3580.3,0,0,25,3555.3,3555.3,1000,4D-3,3555.3,0,,2025-01
FWD7322B,23102660,1562,0,0,160,1402,1402,768,4C-1,1402,0,,2025-01
FWD7322,,0,0,0,0,0,0,376,,0,0,,2025-01
FWD7351,24010561,0.6,0,0,0,0.6,3493.1,1352,D-2,0.6,0,,2025-01
FWD7351,24051360,3692.5,0,0,200,3492.5,,,4A-1,3492.5,0,,2025-01
FWD7352,24062463,1968.8,0,0,0,1968.8,1968.8,181,4B-4,1968.8,0,,2025-01
FWD7355,24101460,400,0,0,0,400,4409,,4C-1,400,0,,2025-01
FWD7355,24110860,4009,0,0,0,4009,,,3B-5,4009,0,,2025-01
FWD7365,24062460,739.4,0,0,22,717.4,717.4,300,4D-3,717.4,0,,2025-01
FWD7504,18040361,241.2,0,0,50,191.2,976.2,,2C-4,191.2,0,,2025-01
FWD7504,D24091360,785,0,0,0,785,,,4A-3,785,0,,2025-01
FWD8103,24101661,759.9,0,0,0,759.9,759.9,,3B-1,759.9,0,,2025-01
FWD8153,24111560,1189.2,0,0,505,684.2,684.3,,4E-5,684.2,0,,2025-01
FWD8153,D24041091,39.1,0,0,39,0.1,,,A2-D2,0.1,0,,2025-01
FWD8173,24022861,1222.95,0,0,0,1222.95,1222.95,200,4C-3,1222.95,0,,2025-01
FWD8205,24111360,856.9,0,0,5,851.9,851.9,,4A-3,851.9,0,,2025-01
FWD8215,23072861,1653.5,0,0,0,1653.5,1653.5,360,3B-2,1653.5,0,,2025-01
FWD8216,19062262,1801,0,0,0,1801,1801,6,4D-2,1801,0,,2025-01
FWD8218,20071361,365.6,0,0,0,365.6,365.6,,4E-2,365.6,0,,2025-01
FWD8219,23051761,1175.5,0,0,0,1175.5,1175.5,,4D-4,1175.5,0,,2025-01
FWD8224,24052262,492.85,0,0,150,342.85,342.85,200,4D-4,342.85,0,,2025-01
FWD8236,19062263,250.85,0,0,5,245.85,245.85,11,4E-4,245.85,0,,2025-01
FWD8503,21091760,884.05,0,0,5,879.05,879.05,500,2F-1,879.05,0,,2025-01
FWD6001,24092460,9651,0,0,615,9036,9036,1000,3A-2,9036,0,,2025-01
FWD6002,24111261,4000,0,0,0,4000,11825,2000,2C-1,4000,0,,2025-01
FWD6002,24111261,5760,0,0,0,5760,,,2D-2,5760,0,,2025-01
FWD6002,24041161,3065,0,0,1000,2065,,,2G-6,2065,0,,2025-01
FWD6002A,24072060,1200.8,0,0,250,950.8,15216.7,2006,4D-1,950.8,0,,2025-01
FWD6002A,24070660,10000,0,0,0,10000,,,A区,10000,0,,2025-01
FWD6002A,24070660,3767.9,0,0,2,3765.9,,,4A-2,3765.9,0,,2025-01
FWD6002A,24072060,500,0,0,0,500,,,A-3,500,0,,2025-01
FWD6002A,D24030760,1298.9,0,0,500,798.9,798.9,,2B-4,798.9,0,,2025-01
FWD6002C,D24081660,3098,0,0,0,3098,3098,,3B-5,3098,0,,2025-01
FWD6003T,24062563,4503.3,0,0,475,4028.3,4028.3,1153,2G-6,4028.3,0,2个零头,2025-01
FWD6005T,24090363,4920.15,0,0,151.5,4768.65,8607.65,831,2F-4,4768.65,0,,2025-01
FWD6005T,24090363,4094,0,0,255,3839,,,2F-3,3839,0,,2025-01
FWD6006A,24082760,951,0,0,150,801,801,0,2D-1,801,0,,2025-01
FWD6006,24052060,2200,0,0,0,2200,9296.25,1439,C-2,2200,0,,2025-01
FWD6006,24052060,1773.7,0,0,1103,670.7,,,4C-1,670.7,0,,2025-01
FWD6006,24110660,4500,0,0,0,4500,,,3A-3,4500,0,,2025-01
FWD6006,24110660,2945.55,0,20,1000,1925.55,,,3B-5,1925.55,0,,2025-01
FWD6006,24110660,4000,0,0,4000,0,,,,0,0,,2025-01
FWD6009,24100961,852.4,0,0,25,827.4,827.4,466,2C-3,827.4,0,,2025-01
FWD6018,24061960,3159.32,0,0,300,2859.32,2859.32,621,2E-1,2859.32,0,,2025-01
FWD6018TS,23060566,46.25,0,0,0,46.25,46.25,,A-1,46.25,0,,2025-01
FWD6018T,24061560,5809.79,0,0,180,5629.79,5629.79,409,2G-8,5629.79,0,,2025-01
FWD6163,24052762,2160.8,0,560.8,0,1600,1600,500,4D-3,1600,0,,2025-01
FWD9220YBT,19122860,535.57,0,0,10,525.57,525.57,300,4D-2,525.57,0,,2025-01
FWD9221RGT,21062860,946.74,0,0,104,842.74,842.74,300,4B-4,842.74,0,,2025-01
FWD9222PG,23122760,309.83,0,0,80,229.83,229.83,300,4E-1,229.83,0,,2025-01
FWD9223PYT,24051662,1862.84,0,0,0,1862.84,1862.84,,4E-1,1862.84,0,,2025-01
FWD9224BOT,24110160,3284.22,0,0,28,3256.22,3256.22,300,4D-4,3256.22,0,2个零头,2025-01
FWD9225BMT,24092861,2281.23,0,0,15,2266.23,2266.23,300,4D-1,2266.23,0,,2025-01
FWD9226GOT,21111960,86.2,0,0,0,86.2,86.2,,4E-1,86.2,0,,2025-01
FWD9227GOT,24040861,2033.56,0,0,8,2025.56,2025.56,300,4B-4,2025.56,0,,2025-01
FWD9228PG,21031161,1442.37,0,0,0,1442.37,1442.37,,4D-1,1442.37,0,,2025-01
FWD9230YB,19091160,15.52,0,0,5,10.52,10.52,300,D-2,10.52,0,,2025-01
FWD9233PO,24031860,836.26,0,0,5,831.26,831.26,,4E-1,831.26,0,,2025-01
FWD9232MG,24053060,1921.64,0,0,55,1866.64,1866.64,300,4E-1,1866.64,0,,2025-01
FWD9234BO,24041661,1320.55,0,0,0,1320.55,1320.55,300,4D-1,1320.55,0,,2025-01
FWD9235BV,24032961,1465.74,0,0,1,1464.74,1464.74,300,4D-2,1464.74,0,,2025-01
FWD9237GR,24050863,2076.06,0,0,35,2041.06,2041.06,300,4D-1,2041.06,0,,2025-01
FWD9240YB,24030660,1204.64,0,0,0,1204.64,1204.64,300,4E-1,1204.64,0,,2025-01
FWD9244BO,24121760,2515.6,0,0,6,2509.6,3859.6,300,4B-5,2509.6,0,,2025-01
FWD9244BO,24121760,1350,0,0,0,1350,,,4B-5,1350,0,,2025-01
FWD9245BM,24041662,1428.12,0,0,5,1423.12,1423.12,300,4E-5,1423.12,0,,2025-01
FWD9247GR,23120761,410.44,0,0,0.5,409.94,409.94,300,4E-1,409.94,0,,2025-01
FWD9250YB,16123104,315.67,0,0,0,315.67,315.67,0,2F4-E1,315.67,0,退货14kg,2025-01
FWD9250YBT,18052161,0.75,0,0,0,0.75,271.44,323,D-2,0.75,0,,2025-01
FWD9250YBT,20080163,270.69,0,0,0,270.69,,,4E1-A1货架,270.69,0,退2kg,2025-01
FWD9251RG,17032622,237.02,0,0,0,237.02,237.02,0,4E-1,237.02,0,,2025-01
FWD9251RGT,20082461,1590.7,0,0,26.5,1564.2,1564.2,300,4E-2,1564.2,0,,2025-01
FWD9252PGT,24091461,1243.07,0,0,25,1218.07,1218.07,37,4C-4,1218.07,0,,2025-01
FWD9255BO,17070409,319.78,0,0,0,319.78,319.78,,4C-4,319.78,0,,2025-01
FWD9255BOT,21042660,1196.82,0,0,25.5,1171.32,1171.32,94,4D-1,1171.32,0,,2025-01
FWD9256BM,17090705,297.27,0,0,0,297.27,297.27,0,4C-4,297.27,0,,2025-01
FWD9256BMT,23120462,461.23,0,0,50.3,410.93,410.93,246,4E-1,410.93,0,,2025-01
FWD9257GOT,24112360,2137,0,0,26,2111,2111,123,4E-2,2111,0,,2025-01
FWD9275BO,24111260,689.92,0,0,0,689.92,689.92,,4C-4,689.92,0,,2025-01
FWDM9251RG,17062512,77.1,0,0,0,77.1,77.1,,A-2,77.1,0,,2025-01
FWDM9224BO,17062410,33.27,0,0,0,33.27,33.27,,A-2,33.27,0,,2025-01
FWDM9222PG,17062506,65.15,0,0,0,65.15,65.15,,D-1,65.15,0,,2025-01
FWDM9227GO,17062414,72.24,0,0,0,72.24,72.24,,A-2,72.24,0,,2025-01
FWD9367GR,20113060,1647.96,0,0,0,1647.96,1647.96,,4C-4,1647.96,0,,2025-01
FWD5800,23081991,21.75,0,0,0,21.75,1296.15,754,E1-D2,21.75,0,,2025-01
FWD5800,24072591,1274.4,0,0,0,1274.4,,,D-2,1274.4,0,,2025-01
FWD5800A,17090191,235,0,0,27,208,208,151,D-1,208,0,,2025-01
FWD5800D,22090291,1887.57,0,0,0,1887.57,1887.57,,C-1,1887.57,0,2个零头,2025-01
FWD5800F,24010591,15,0,0,10,5,5,,A-3,5,0,,2025-01
FWD5800G,24031191,22.8,0,0,1,21.8,122.3,,D-2,21.8,0,,2025-01
FWD5800G,D24062591,175.5,0,0,75,100.5,,,E-5,100.5,0,,2025-01
FWD5800XSW,24112291,0,25,0,25,0,0,,,0,0,,2025-01
FWD5813L,D24032895,1.4,0,0,0,1.4,1.4,,D-2,1.4,0,,2025-01
FWD5814L,D24032991,3,0,0,0,3,3,,D-2,3,0,,2025-01
FWD5820,21020192,514.4,0,50,0,464.4,564.4,0,C-2,464.4,0,2个零头,2025-01
FWD5820,D24032781-箱,25,525,25,425,100,,,A-3,100,0,,2025-01
FWD5820B,23080991,636.9,0,0,75,561.9,561.9,,A-2,561.9,0,2个零头,2025-01
FWD5821,21052291,5.75,0,0,0,5.75,5.75,0,A-1,5.75,0,,2025-01
FWD5822,19121891,105.7,0,0,0,105.7,105.7,,A-1,105.7,0,,2025-01
FWD5822A,D24040891-箱,100,0,0,0,100,100,,E-1,100,0,,2025-01
FWD5823,13122091,122.85,0,0,0,122.85,145.65,0,D-1,122.85,0,,2025-01
FWD5823,13012491,22.8,0,0,0,22.8,,,A-1,22.8,0,,2025-01
FWD5825,13111891,0.65,0,0,0,0.65,0.65,0,A1货架,0.65,0,,2025-01
FWD5841,13031891,65.9,0,0,0,65.9,65.9,,A-1,65.9,0,,2025-01
FWD5841A,19050893,4.5,0,0,0,4.5,4.5,0,A-1,4.5,0,,2025-01
FWD5842A,19050892,4.3,0,0,0,4.3,4.3,0,A-1,4.3,0,,2025-01
FWD5855,20120405,25.84,0,0,5,20.84,20.84,,A-1,20.84,0,,2025-01
FWD5870A,24121491,1899,0,0,0,1899,1933.1,,D-1,1899,0,,2025-01
FWD5870A,D24030791,34.1,0,0,0,34.1,,,A-2,34.1,0,,2025-01
FWD5870B,23061991,358.34,0,0,0,358.34,358.34,,B-1,358.34,0,,2025-01
FWD5870B,D24062391,0,260,0,260,0,,,,0,0,,2025-01
FWD5870C,24092991,1148.6,0,275,250,623.6,623.6,,B-1,623.6,0,,2025-01
FWD5871A,24123091,0,304.8,0,1,303.8,303.8,,A-2,303.8,0,,2025-01
FWD5871C,23091491,1108.8,0,1108.8,0,0,749.5,,,0,0,,2025-01
FWD5871C,24122591,749.5,0,0,0,749.5,,,B-1,749.5,0,,2025-01
FWD5872A,25010291,0,160,0,0,160,160,,A-3,160,0,,2025-01
FWD5872C,23122491,168,0,0,0,168,168,,A-2,168,0,,2025-01
FWD5873A,25010292,0,86.7,0,0,86.7,86.7,,A-3,86.7,0,,2025-01
FWD5874A,25010391,0,73.4,0,0,73.4,73.4,,A-3,73.4,0,,2025-01
FWD5880B,21121392,256.5,0,0,100,156.5,2610.3,,D-1,156.5,0,,2025-01
FWD5880B,23121991,2453.8,0,0,0,2453.8,,,C-1,2453.8,0,,2025-01
FWD5881B,D24051092-箱,25,0,0,0,25,25,,A-2,25,0,,2025-01
FWD5882X,D24032894,1.4,50,0,50,1.4,1.4,,D-2,1.4,0,,2025-01
FWD5883X,D24032896,1.4,0,0,0,1.4,1.4,,D-2,1.4,0,,2025-01
FWD5884X,D24032992,1.4,0,0,0,1.4,1.4,,D-2,1.4,0,,2025-01
FWD5890,23061491,1.85,0,0,0,1.85,429.85,,D-2,1.85,0,,2025-01
FWD5890,23082191,958,0,0,530,428,,,E-1,428,0,,2025-01
FWD5890ST,24062491,164.55,0,0,50,114.55,114.55,,B-1,114.55,0,,2025-01
FWD5891,21090391,515.35,0,0,3,512.35,512.35,,D-1,512.35,0,,2025-01
FWD5891ST,22081792,8.8,0,0,0,8.8,8.8,,A-1,8.8,0,,2025-01
FWD5891A,22111291,18.2,0,0,0,18.2,1159.7,,A-2,18.2,0,,2025-01
FWD5891A,22122794,1191.5,0,0,50,1141.5,,,E-1,1141.5,0,,2025-01
FWD5892,22041091,752.99,0,0,0.5,752.49,752.49,,B-1,752.49,0,,2025-01
FWD5892B,23101691,580.9,0,0,0,580.9,580.9,,D-2,580.9,0,,2025-01
FWD5893,22121091,539.69,0,0,0.5,539.19,539.19,,B-2,539.19,0,,2025-01
FWD5893ST,22082292,10.3,0,0,0,10.3,10.3,,A-1,10.3,0,,2025-01
FWD5894,21070692,21.24,0,0,0.5,20.74,791.29,,E-5,20.74,0,,2025-01
FWD5894,22052991,770.55,0,0,0,770.55,,,B-1,770.55,0,,2025-01
FWD5895,21070694,50.45,0,0,0,50.45,765.79,,E-5,50.45,0,,2025-01
FWD5895,22061391,715.34,0,0,0,715.34,,,B-2,715.34,0,,2025-01
FWD5895B,23101692,541.1,0,0,0,541.1,541.1,,D-2,541.1,0,,2025-01
FWD5895ST,23050491,59.5,0,0,0,59.5,59.5,,B-1,59.5,0,,2025-01
FWD D10Y,24081091,283,0,0,0,283,283,0,D-1,283,0,,2025-01
FWD D10A,19102291,1823.87,0,225,16,1582.87,1582.87,,D-1,1582.87,0,,2025-01
FWD D10A,D24041491,0,450,0,450,0,,,,0,0,,2025-01
FWD D10M,24111791,2725,0,0,0,2725,2725,578,E-5,2725,0,,2025-01
FWD D21M,24070591,547,0,0,75,472,472,65,A-1,472,0,,2025-01
FWD D23M,24121091,508.1,0,0,5,503.1,503.1,283,B-2,503.1,0,,2025-01
FWD D25M,,0,0,0,0,0,0,100,,0,0,,2025-01
FWD D27M,23121891,1041.7,0,0,5,1036.7,1036.7,500,E-4,1036.7,0,,2025-01
FWD D28M,20051191,1.8,0,0,0,1.8,62.95,153,B-2,1.8,0,,2025-01
FWD D28M,23031491,66.15,0,0,5,61.15,,,A-3,61.15,0,,2025-01
FWD D29M,24031491,410.05,0,0,10,400.05,400.05,100,A-2,400.05,0,,2025-01
FWD D10L,24102291,2065.8,0,0,285,1780.8,1780.8,769,C-1,1780.8,0,,2025-01
FWD D21L,22061491,2675.8,0,0,0,2675.8,3071.6,444,C-1,2675.8,0,,2025-01
FWD D21L,23022291,420.8,0,0,25,395.8,,,D-2,395.8,0,,2025-01
FWD D23L,20112591,0.36,0,0,0,0.36,2074.31,327,D-1,0.36,0,,2025-01
FWD D23L,22022191,950.1,0,0,10,940.1,,,A-2,940.1,0,,2025-01
FWD D23L,22112791,1151.35,0,17.5,0,1133.85,,,C-1,1133.85,0,,2025-01
FWD D25L,14092591,10.8,0,0,0,10.8,18.01,100,D-1,10.8,0,,2025-01
FWD D25L,18112191,15.41,0,0,12,3.41,,,D-1,3.41,0,,2025-01
FWD D25L,18112191,3.8,0,0,0,3.8,,,A1货架,3.8,0,退需重拌,2025-01
FWD D27L,21102591,557.71,0,0,11,546.71,1825.31,500,D-1,546.71,0,,2025-01
FWD D27L,22101491,1278.6,0,0,0,1278.6,,,E-5,1278.6,0,,2025-01
FWD D28L,17062291,55.88,0,0,0,55.88,1005.18,216,D-1,55.88,0,,2025-01
FWD D28L,22040991,99.7,0,0,2,97.7,,,A-2,97.7,0,,2025-01
FWD D28L,23031991,851.6,0,0,0,851.6,,,A-3,851.6,0,,2025-01
FWD D29L,,0,0,0,0,0,0,100,,0,0,,2025-01
FWD D10X,21062791,35.7,0,0,1,34.7,2040.7,500,E-5,34.7,0,,2025-01
FWD D10X,19091891,0.9,0,0,0,0.9,,,A-1,0.9,0,,2025-01
FWD D10X,22112091,2105.1,0,0,100,2005.1,,,D-2,2005.1,0,,2025-01
FWD D21X,20042991,1,0,0,0,1,538.9,36,D-1,1,0,2个零头放在,2025-01
FWD D21X,21042991,0.1,0,0,0,0.1,,,D-1,0.1,0,同一个桶里,2025-01
FWD D21X,21102391,582.8,0,0,45,537.8,,,A-1,537.8,0,,2025-01
FWD D23X,22010191,689.45,0,12.5,11,665.95,3392.95,500,C-1,665.95,0,,2025-01
FWD D23X,23112391,2727,0,0,0,2727,,,B-2,2727,0,,2025-01
FWD D23XST,22122792,35.5,0,0,0,35.5,35.5,,A-1,35.5,0,,2025-01
FWD D25X,23112491,1733,0,0,6.5,1726.5,1726.5,214,E-1,1726.5,0,,2025-01
FWD D27X,22122691,1138.55,0,0,5.7,1132.85,1132.85,171,C-1,1132.85,0,,2025-01
FWD D28X,22042592,635.65,0,0,0,635.65,635.65,161,D-2,635.65,0,,2025-01
FWD D28XST,22122793,53.7,0,0,0,53.7,53.7,,A-1,53.7,0,,2025-01
FWD V015,24120391,60.39,0,0,0.5,59.89,59.89,50,D-1,59.89,0,,2025-01
FWD V020,24111191,28.3,0,0,9.1,19.2,19.2,50,D-1,19.2,0,,2025-01
FWD V040,24122592,63.2,0,0,52.5,10.7,108.7,100,D-1,10.7,0,,2025-01
FWD V040,25011491,0,98,0,0,98,,,D-1,98,0,,2025-01
FWD V040,24060192,3,0,0,3,0,,,,0,0,,2025-01
FWD V060,24112791,124.48,0,0,33.4,91.08,91.08,100,D-1,91.08,0,,2025-01
FWD V080,24010991,196.57,0,0,31,165.57,165.57,100,D-1,165.57,0,,2025-01
FWD V090,,0,0,0,0,0,0,100,,0,0,,2025-01
FWD V095,25011591,0,318,0,50,268,268,0,D-1,268,0,,2025-01
FWD V095,24082391,2.78,0,2.78,0,0,,,,0,0,,2025-01
FWD V150,24070191,264.57,0,0,43.1,221.47,221.47,100,E-5,221.47,0,,2025-01
FWD V155,24122193,243.1,0,0,104.3,138.8,138.8,0,D-1,138.8,0,,2025-01
FWD V220,21090291,163.34,0,0,5.2,158.14,158.14,100,A-1,158.14,0,,2025-01
FWD V580,18031991,143.19,0,0,1,142.19,142.19,0,A-2,142.19,0,20kg装,2025-01
FWD V550,21022491,275.1,0,0,1.1,274,274,50,D-2,274,0,,2025-01
BHC110,24102860,4148,0,0,55,4093,4093,900,3D-1,4093,0,,2025-01
BHC120,20081562,1297.5,0,0,0,1297.5,1297.5,400,3C-3,1297.5,0,,2025-01
BHC100,24040360,17.5,0,0,0,17.5,563.9,1000,D-2,17.5,0,,2025-01
BHC100,24071561,1375,0,0,875,500,,,3C-3,500,0,,2025-01
BHC100,24071561,247.4,0,0,201,46.4,,,3E-1,46.4,0,,2025-01
BHC173,24080161,949,0,0,100,849,1099,500,3D-3,849,0,,2025-01
BHC173,24080161,250,0,0,0,250,,,3C-2,250,0,,2025-01
BHC150,24101664,828.5,0,0,0,828.5,828.5,,3D-2,828.5,0,,2025-01
BHC151,24070261,1098,0,0,50,1048,1048,425,3E-1,1048,0,,2025-01
BHC153,24092060,2227.5,0,0,400,1827.5,1827.5,500,3D-2,1827.5,0,,2025-01
BHC205,24092562,1111.95,0,0,380,731.95,731.95,500,3C-1,731.95,0,,2025-01
BHC201,24052261,394.7,0,0,0,394.7,394.7,200,3C-3,394.7,0,,2025-01
BHC216,25010661,0,1000,0,1000,0,2567,500,,0,0,,2025-01
BHC216,25010661,0,3017,0,450,2567,,,3D-2,2567,0,,2025-01
BHC216,24062461,779,0,4,775,0,,,,0,0,,2025-01
BHC219,20082865,962.67,0,0,0,962.67,962.67,500,3D-4,962.67,0,,2025-01
BHC223,23041764,232.2,0,0,0,232.2,232.2,200,3E-1,232.2,0,,2025-01
BHC225,19072562,11.9,0,0,0,11.9,540.7,500,D-2,11.9,0,,2025-01
BHC225,21012366,528.8,0,0,0,528.8,,,3D-3,528.8,0,,2025-01
BHC235,24010562,536.6,0,0,50,486.6,486.6,500,3A-3,486.6,0,,2025-01
BHC249,21051865,226.05,0,0,25,201.05,201.05,,3D-3,201.05,0,,2025-01
BHC249,D22091460,906,0,0,0,906,906,,3A-3,906,0,,2025-01
BHC259,24062265,307.3,0,0,0,307.3,307.3,,3C-4,307.3,0,,2025-01
BHC300,24050662,675,0,0,100,575,4011,1000,3C-2,575,0,,2025-01
BHC300,24121360,3436,0,0,0,3436,,,3E-3,3436,0,,2025-01
BHC300,D24121260,600,0,0,0,600,600,,3D-3,600,0,,2025-01
BHC306,20111465,1004.55,0,0,100,904.55,904.55,850,3D-1,904.55,0,纸桶,2025-01
BHC362,20122665,322.05,0,0,25,297.05,297.05,,3E-1,297.05,0,,2025-01
BHC500,21072965,627.8,0,0,0,627.8,627.8,500,3D-4,627.8,0,2个零头,2025-01
BHC500A,24031561,200,0,0,0,200,200,,3C-3,200,0,,2025-01
BHC502,24042460,1026,0,0,0,1026,1026,500,3D-1,1026,0,,2025-01
BHC504,21052765,4655.1,0,0,25,4630.1,4630.1,500,3E-2,4630.1,0,,2025-01
BHC505,24102160,974.5,0,0,50,924.5,924.5,300,3D-2,924.5,0,,2025-01
BHC508,21091365,1184.15,0,0,75,1109.15,1109.15,300,3C-1,1109.15,0,,2025-01
BHC509,23070860,495.3,0,0,0,495.3,495.3,,3C-2,495.3,0,2个零头,2025-01
BHC510,20112065,653.85,0,0,25,628.85,628.85,300,3C-2,628.85,0,2个零头,2025-01
BHC521,24040260,3523.7,0,0,1,3522.7,5747.7,,3C-3,3522.7,0,,2025-01
BHC521,24040260,2675,0,0,450,2225,,,3C-4,2225,0,,2025-01
BHC521H,24080565,148,0,0,0,148,148,,3D-2,148,0,,2025-01
BHC520,24122562,1200,52,0,75,1177,1177,200,3C-1,1177,0,,2025-01
BHC522,,0,0,0,0,0,952,300,,0,0,,2025-01
BHC522,24122564,900,67,0,15,952,,,3D-3,952,0,,2025-01
BHC5518,24122660,800,36,0,0.5,835.5,835.5,,3D-3,835.5,0,,2025-01
BHC5528,23080460,149.2,0,0,0,149.2,149.2,,3C-1,149.2,0,,2025-01
BHC6050,24060660,75,0,0,0,75,75,,4A-3,75,0,,2025-01
BHC6153,24101660,1363.95,0,0,100,1263.95,1263.95,,3C-4,1263.95,0,,2025-01
BHC6163,24112060,1235.5,0,0,100,1135.5,1135.5,,3D-1,1135.5,0,,2025-01
BHC6205H,24062160,324.9,0,0,25,299.9,299.9,200,3D-3,299.9,0,,2025-01
BHC6216H,22092661,222.8,0,0,0,222.8,222.8,200,3E-1,222.8,0,,2025-01
BHC6216H,D24092360,835,0,835,0,0,0,,,0,0,,2025-01
BHC6219H,24121762,701,0,0,0,701,701,200,3C-1,701,0,,2025-01
BHC6225H,22062064,183.2,0,0,0,183.2,183.2,200,3C-4,183.2,0,2个零头,2025-01
BHC6235H,21070764,127.2,0,0,0,127.2,127.2,100,3C-3,127.2,0,,2025-01
BHC6300H,23070362,723.2,0,0,0,723.2,723.2,200,3D-2,723.2,0,,2025-01
BHC6300TH,24092560,1363,0,0,0.5,1362.5,1362.5,200,3E-5,1362.5,0,,2025-01
BHC6302H,24050761,734.65,0,0,0,734.65,734.65,,3C-1,734.65,0,,2025-01
BHC6304H,24062562,129.7,0,0,5,124.7,124.7,200,3D-4,124.7,0,,2025-01
BHC6306H,24062561,539.6,0,0,15,524.6,524.6,200,3E-1,524.6,0,,2025-01
BHC6307H,20121266,464.5,0,0,1,463.5,463.5,250,3C-4,463.5,0,,2025-01
BHC6351H,19080360,782.7,0,0,1,781.7,781.7,,3C-4,781.7,0,,2025-01
BHC6353H,21032565,700.7,0,0,50,650.7,650.7,200,3C-2,650.7,0,,2025-01
BHC6355H,24040860,112.1,0,0,50,62.1,62.1,,3D-3,62.1,0,,2025-01
BHC6500H,22081261,524.85,0,0,115,409.85,409.85,200,3E-3,409.85,0,,2025-01
BHC6502H,24102260,414.4,0,0,0,414.4,414.4,200,3E-1,414.4,0,,2025-01
BHC6504H,24090361,576.4,0,0,50,526.4,526.4,200,3C-1,526.4,0,,2025-01
BHC6505H,19032963,197.5,0,0,0,197.5,197.5,200,3E-5,197.5,0,,2025-01
BHC6508H,19032962,797.5,0,0,0,797.5,797.5,200,3C-2,797.5,0,,2025-01
BHC6510H,19040862,524.7,0,0,0,524.7,524.7,200,3D-1,524.7,0,,2025-01
BHC6520H,24052460,1346.9,0,0,0,1346.9,1346.9,200,3E-1,1346.9,0,,2025-01
BHC6522H,24122560,597,0,0,0,597,597,200,3D-2,597,0,,2025-01
BHC6524H,23051760,504.5,0,0,0,504.5,504.5,,3D-3,504.5,0,,2025-01
BHC6532H,24102861,1122,0,0,0,1122,1122,200,3D-4,1122,0,,2025-01
BHC6530H,22041561,634.95,0,0,50,584.95,584.95,200,3C-2,584.95,0,,2025-01
BHC6534H,23112262,868,0,0,0,868,868,200,3D-2,868,0,,2025-01
BHC6535H,22031266,155.5,0,0,2,153.5,153.5,200,3E-5,153.5,0,,2025-01
BHC6600,23101160,1693.1,0,0,0,1693.1,1693.1,500,3D-4,1693.1,0,,2025-01
BHC6600RG,22021663,1173,0,0,50,1123,1123,500,3E-3,1123,0,,2025-01
BHC6607,24071961,2158.2,0,0,100,2058.2,2158.2,1000,3E-4,2058.2,0,,2025-01
BHC6607,24022860,100,0,0,0,100,,,,100,0,,2025-01
BHC6607AS,24032760,98.7,0,0,0,98.7,98.7,,D-2,98.7,0,,2025-01
BHC6607H,20091765,960.42,0,0,30,930.42,930.42,,3C-4,930.42,0,,2025-01
BHC6608,23082661,2719.1,0,0,0,2719.1,2719.1,500,3C-3,2719.1,0,,2025-01
BHC6609H,24052761,698.4,0,0,50,648.4,648.4,200,3D-3,648.4,0,,2025-01
BHC6609,24050862,405.85,0,5.85,150,250,1474,500,3C-2,250,0,,2025-01
BHC6609,25010261,0,1233,0,9,1224,,,3E-1,1224,0,,2025-01
BHC6609,21031165,25,0,25,0,0,,,,0,0,,2025-01
BHC6611,24041460,350.76,0,0,0,350.76,350.76,,3C-3,350.76,0,,2025-01
BHC6643,24041760,23,0,0,0,23,1287.14,500,D-2,23,0,2个零头,2025-01
BHC6643,24062260,1364.14,0,0,100,1264.14,,,3D-3,1264.14,0,,2025-01
BHC6643D,24062261,1080.94,0,0,0,1080.94,1080.94,500,3A-3,1080.94,0,,2025-01
BHC6643A,19090661,189.8,0,0,0,189.8,600.8,500,3C-1,189.8,0,义乌退,2025-01
BHC6643A,21090165,511,0,0,100,411,,,3D-1,411,0,,2025-01
BHC6643AS,24052763,0.3,0,0,0,0.3,0.3,,D-2,0.3,0,,2025-01
FWD6643CTD,17080761,240.03,0,0,0,240.03,240.03,,3D-3,240.03,0,纸桶,2025-01
BHC6650,24050861,3025.7,0,0,50,2975.7,2975.7,500,3E-2,2975.7,0,,2025-01
FWD6653,23121961,3959,0,0,150,3809,3809,0,2D-1,3809,0,2个零头,2025-01
BHC6654,19070563,0.9,0,0,0,0.9,5082.3,500,D-2,0.9,0,,2025-01
BHC6654,20122165,5131.4,0,0,50,5081.4,,,3D-2,5081.4,0,,2025-01
FWD6664,19042460,300,0,0,0,300,300,,4A-3,300,0,,2025-01
BHC6664,24050860,2971.7,0,2,0,2969.7,2969.7,500,3E-3,2969.7,0,,2025-01
BHC6665AH,22110266,2142.66,0,0,175,1967.66,1967.66,500,3C-4,1967.66,0,,2025-01
FWD6666,19070560,112.5,0,0,0,112.5,112.5,2,D-1,112.5,0,,2025-01
BHC6810AH,23122161,160.75,0,0,0,160.75,160.75,200,3E-1,160.75,0,,2025-01
BHC6820H,24042960,194.86,0,0,0,194.86,194.86,,3C-2,194.86,0,2个零头,2025-01
BHC6830H,24052760,163.6,0,0,0,163.6,163.6,,2E-1,163.6,0,,2025-01
BHC6840H,22110265,497.9,0,0,0,497.9,497.9,,3C-2,497.9,0,,2025-01
BHC6850H,24061060,750,0,0,0,750,750,,3D-1,750,0,2个零头,2025-01
BHC6881H,24090660,2396.5,0,0,0,2396.5,2396.5,500,3C-2,2396.5,0,,2025-01
BHC6882H,24090661,1151.5,0,0,50,1101.5,1101.5,500,3C-3,1101.5,0,,2025-01
BHC6883H,20070362,4089.7,0,0,50,4039.7,4039.7,300,3E-4,4039.7,0,,2025-01
BHC6885H,19040263,378.5,0,0,0,378.5,378.5,200,3E-5,378.5,0,,2025-01
BHC6884H,20090966,1237.38,0,0,50,1187.38,1187.38,550,3E-5,1187.38,0,2个零头,2025-01
BHC7305H,24122361,1675,0,0,3,1672,1672,200,3C-4,1672,0,,2025-01
BHC7322H,24111460,814,0,0,0,814,814,,3D-3,814,0,,2025-01
BHC7353H,22082860,550,0,0,0,550,550,,3C-4,550,0,,2025-01
BHC7354,23040661,608.05,0,0,1,607.05,607.05,,4C-2,607.05,0,,2025-01
BHC7351H,22051465,390.2,0,0,0,390.2,390.2,200,3C-3,390.2,0,,2025-01
BHC7365H,24120360,709,0,0,20,689,689,200,3D-2,689,0,,2025-01
BHC8205,24111360,124.1,0,0,0,124.1,124.1,,3D-3,124.1,0,,2025-01
BHC8216H,19051416,131.2,0,0,0,131.2,131.2,50,3C-4,131.2,0,,2025-01
BHC8224H,24120660,355,0,0,0,355,355,,3D-4,355,0,,2025-01
BHC8235H,20080565,483.6,0,0,25,458.6,458.6,,3E-5,458.6,0,,2025-01
BHC8103,24101661,499.4,0,0,0,499.4,499.4,,3A-3,499.4,0,,2025-01
BHC816C,22021861,591.82,0,0,5,586.82,586.82,,3C-2,586.82,0,,2025-01
FWD819C,21100960,233.75,0,0,5,228.75,228.75,,4E-3,228.75,0,,2025-01
BHC819C,21100960,2.7,0,0,0,2.7,2.7,,4E-3,2.7,0,,2025-01
BHC8410,23090262,269.1,0,0,6,263.1,263.1,,3D-3,263.1,0,,2025-01
BHC8413,24082260,186.8,0,0,1,185.8,185.8,,3D-4,185.8,0,,2025-01
BHC8413AS,24032761,48.2,0,0,0,48.2,48.2,,D-2,48.2,0,,2025-01
BHC8416,24122563,1000,115,50,50,1015,1015,200,3A-3,1015,0,,2025-01
BHC8416AS,24032762,88,0,0,0,88,88,,D-2,88,0,,2025-01
BHC8417,24081260,640.9,0,0,0,640.9,640.9,200,3D-3,640.9,0,,2025-01
BHC84417,23051260,51.74,0,0,0,51.74,51.74,,E-1,51.74,0,,2025-01
BHC8426,24081661,334,0,0,1,333,333,200,3C-1,333,0,,2025-01
BHC8429,24042060,356.5,0,0,5,351.5,351.5,,3D-3,351.5,0,,2025-01
BHC8429AS,24032763,36.9,0,0,0,36.9,36.9,,D-2,36.9,0,,2025-01
BHC8434,19091262,156.69,0,0,0,156.69,206.69,,3C-4,156.69,0,,2025-01
BHC8434,19091262,50,0,0,0,50,,,E-1,50,0,退货,2025-01
BHC8437,21052966,3.1,0,0,0,3.1,3.1,,A-1,3.1,0,,2025-01
BHC8439,24051460,374.2,0,0,0,374.2,374.2,200,3C-1,374.2,0,,2025-01
BHC8439AS,24050668,73.1,0,0,0,73.1,73.1,,4C-2,73.1,0,,2025-01
BHC8447,24040160,219.8,0,0,200,19.8,19.8,,3A3-D2,19.8,0,,2025-01
BHC8447AS,24032764,44.7,0,0,0,44.7,44.7,,D-2,44.7,0,,2025-01
BHC850-R1,24072760,549.85,0,0,25,524.85,524.85,,3D-3,524.85,0,,2025-01
BHC850-R2,24071761,134.8,0,0,0,134.8,134.8,,3C-4,134.8,0,,2025-01
BHC8503H,22092163,504.7,0,0,10,494.7,494.7,200,3E-1,494.7,0,,2025-01
BHC8690,24080662,378.4,0,0,0,378.4,378.4,225,3C-2,378.4,0,,2025-01
BHC8690AS,24032765,99.1,0,0,0,99.1,688.5,,D-2,99.1,0,,2025-01
BHC870-W,24110261,589.4,0,0,0,589.4,,,3D-4,589.4,0,,2025-01
BHC8819,19091260,108.6,0,0,0,108.6,108.6,200,3D-2,108.6,0,,2025-01
BHC8819AS,24032766,97.7,0,0,0,97.7,97.7,,D-2,97.7,0,,2025-01
BHC8824,22123160,229.79,0,0,0,229.79,229.79,200,3C-3,229.79,0,,2025-01
BHC8805,24050160,100,0,0,0,100,678,150,3D-3,100,0,,2025-01
BHC8805,24090962,578.5,0,0,0.5,578,,,3D-3,578,0,,2025-01
BHC8805AS,23120565,1.8,0,0,0,1.8,75.5,,D-2,1.8,0,,2025-01
BHC8805AS,24040762,73.7,0,0,0,73.7,,,D-2,73.7,0,,2025-01
BHC8830,19101261,153.25,0,0,0,153.25,153.25,100,3D-1,153.25,0,,2025-01
BHC8833,19102560,226.5,0,0,0,226.5,226.5,100,3C-3,226.5,0,,2025-01
FWD600,23040760,605,0,0,0,605,605,300,4B-1,605,0,,2025-01
BHC6001H,24122160,1080,0,0,150,930,930,200,3C-4,930,0,,2025-01
BHC6002H,24101563,1973,0,0,100,1873,1873,200,3C-3,1873,0,,2025-01
BHC6003H,24101561,1658.5,0,0,100,1558.5,1558.5,200,3D-1,1558.5,0,,2025-01
BHC6006H,24071660,2913.5,0,0,0,2913.5,2913.5,,3C-1,2913.5,0,,2025-01
BHC9220YBTH,20080162,376.02,0,0,0,376.02,376.02,,4E-1,376.02,0,,2025-01
BHC9221RGH,17032860,195.08,0,0,0,195.08,195.08,,4E-1,195.08,0,,2025-01
BHC9224BOH,,0,0,0,0,0,0,5,,0,0,,2025-01
BHC9227GOH,17032621,177.86,0,0,0,177.86,177.86,,4C-4,177.86,0,,2025-01
BHC9230YBH,20042561,299.3,0,0,0,299.3,299.3,,3C-4,299.3,0,,2025-01
BHC9323PG,24112491,14.3,0,0,0,14.3,14.3,,D-2,14.3,0,,2025-01
BHC9330YB,25011593,0,52.7,0,51,1.7,1.7,,D-2,1.7,0,,2025-01
BHC9330YB,25010791,0,64,0,64,0,,,,0,0,,2025-01
BHC9330YB,24102991,3.92,0,2.92,1,0,,,,0,0,,2025-01
BHC9330YB,24081791,0.62,0,0.42,0.2,0,,,,0,0,,2025-01
BHC9331RY,24122691,128,0,0,93.7,34.3,155.7,,4C-2,34.3,0,,2025-01
BHC9331RY,25010692,0,121.4,0,0,121.4,,,4C-4,121.4,0,,2025-01
BHC9332MY,24080891,145.29,0,0,0,145.29,314.39,,4C-2,145.29,0,,2025-01
BHC9332MY,24073192,0.6,0,0,0,0.6,,,D-2,0.6,0,,2025-01
BHC9332MY,25010691,0,168.5,0,0,168.5,,,4C-4,168.5,0,,2025-01
BHC9333PG,24113092,242.5,0,111.64,55.5,75.36,325.36,,4C-4,75.36,0,,2025-01
BHC9333PG,24081291,3.56,0,1.36,2.2,0,,,,0,0,,2025-01
BHC9333PG,D24092491,250,0,0,0,250,,,4C-3,250,0,,2025-01
BHC9335BR,25011091,0,66.8,0,58,8.8,8.8,,D-2,8.8,0,,2025-01
BHC9335BR,24110891,15.82,0.38,0,16.2,0,,,,0,0,,2025-01
BHC9336BM,25010891,0,103,0,2.5,100.5,100.5,,4C-2,100.5,0,,2025-01
BHC9336BM,24122191,64,0,53.3,10.7,0,,,,0,0,,2025-01
BHC9337GP,24122192,50,0,0,4.7,45.3,45.3,,4C-2,45.3,0,,2025-01
BHC9338GR,24122891,0,108.4,0,82.7,25.7,25.7,,4C-2,25.7,0,,2025-01
BHC89230GY,24050667,25.93,0,0,0,25.93,25.93,,E-5,25.93,0,,2025-01
BHC89232BR,24050666,65.29,0,0,0,65.29,66.09,,4C-2,65.29,0,,2025-01
BHC89232BR,20121062,0.8,0,0,0,0.8,,,D-2,0.8,0,,2025-01
BHC89233BR,24050663,34.65,0,0,0,34.65,34.65,,E-5,34.65,0,,2025-01
BHC89234BG,24050664,64.6,0,0,0,64.6,64.6,,4C-2,64.6,0,,2025-01
BHC89235G,24050665,66.47,0,0,0,66.47,67.39,,4C-2,66.47,0,,2025-01
BHC89235G,23050503,0.92,0,0,0,0.92,,,A-2,0.92,0,,2025-01
BHC89237BG,24051363,65.9,0,0,0,65.9,65.9,,4C-2,65.9,0,,2025-01
BHC11401C,24080663,13.9,0,0,0,13.9,13.9,,D-2,13.9,0,,2025-01
BHC11402C,24080664,2.9,0,0,0,2.9,2.9,,D-2,2.9,0,,2025-01
BHC48215AS,24070266,17.2,0,0,0,17.2,17.2,,A-2,17.2,0,,2025-01
BHC48215C,24080669,11.4,0,0,0,11.4,11.4,,D-2,11.4,0,,2025-01
BHC48315C,24080665,13.9,0,0,0,13.9,13.9,,D-2,13.9,0,,2025-01
BHC48315AS,24121163,22.1,0,0,10,12.1,12.1,,A-2,12.1,0,,2025-01
BHC48316C,24080668,9.9,0,0,0,9.9,9.9,,D-2,9.9,0,,2025-01
BHC48323C,24080666,10.9,0,0,2,8.9,8.9,,D-2,8.9,0,,2025-01
BHC48305PB,24082092,68.5,0,0,0,68.5,68.5,,A-1,68.5,0,,2025-01
BHC48325PB,24082091,28.5,0,0,0,28.5,28.5,,A-1,28.5,0,,2025-01
BHC48350PB,24081991,27.5,0,0,0,27.5,27.5,,A-1,27.5,0,,2025-01
BHC48515C,24080667,13.9,0,0,0,13.9,13.9,,D-2,13.9,0,,2025-01
BHC5800,19121291,3,0,0,0,3,1068,500,D-1,3,0,,2025-01
BHC5800,20111191,1090,0,0,25,1065,,,C-1,1065,0,,2025-01
BHC5801A,24031591,27.2,0,0,5,22.2,22.2,,B-1,22.2,0,,2025-01
BHC5801,,0,0,0,0,0,0,200,,0,0,,2025-01
BHC5802,23051691,159.3,0,0,30,129.3,129.3,200,E-5,129.3,0,,2025-01
BHC5802A,D24062691,98.9,0,0,0,98.9,98.9,,D-1,98.9,0,,2025-01
BHC5804,20112491,567.6,0,0,0,567.6,567.6,,D-1,567.6,0,,2025-01
BHC5805,20080991,850.92,0,0,0,850.92,850.92,200,A-3,850.92,0,,2025-01
BHC5805A,D24062692,25,0,0,0,25,25,,A-1,25,0,,2025-01
BHC5806,23123091,240.6,0,0,0,240.6,240.6,,E-1,240.6,0,,2025-01
BHC5810,24101891,575.9,0,0,484,91.9,91.9,200,C-2,91.9,0,,2025-01
BHC5811,22022291,1162.92,0,0,69,1093.92,1093.92,500,C-1,1093.92,0,,2025-01
BHC5811A,24031592,92.5,0,0,5,87.5,87.5,,A-2,87.5,0,,2025-01
BHC5812,21111191,213.2,0,0,40,173.2,173.2,500,E-5,173.2,0,,2025-01
BHC5813,21113091,897.25,0,0,33,864.25,864.25,200,D-2,864.25,0,,2025-01
BHC5814,20120491,1141.4,0,0,0,1141.4,1141.4,,D-1,1141.4,0,,2025-01
BHC5815,20061291,11.05,0,0,0,11.05,833.1,200,E-5,11.05,0,,2025-01
BHC5815,22111591,827.05,0,0,5,822.05,,,C-1,822.05,0,,2025-01
BHC5830A,22080692,1342.7,0,0,0,1342.7,1350.9,500,E-5,1342.7,0,,2025-01
BHC5830A,21121091,8.2,0,0,0,8.2,,,D-2,8.2,0,,2025-01
BHC5830B,22080691,576.95,0,0,80.1,496.85,496.85,,A-2,496.85,0,,2025-01
BHC5841G,24052993,71.8,0,0,0,71.8,71.8,,D-1,71.8,0,,2025-01
BHC5842G,24052991,70.8,0,0,0,70.8,70.8,,D-1,70.8,0,,2025-01
BHC5843G,24052992,72,0,0,0,72,72,,D-1,72,0,,2025-01
BHC5844G,24042292,16.1,0,0,0,16.1,16.1,,D-2,16.1,0,,2025-01
BHC5845G,24052994,71.9,0,0,0,71.9,71.9,,D-1,71.9,0,,2025-01
BHC5870D,24061791,327.2,0,0,0,327.2,327.2,,B-1,327.2,0,,2025-01
BHC5880,21102791,648.3,0,0,55,593.3,593.3,500,A-2,593.3,0,,2025-01
BHC5880A,D24042692-箱,75.2,0,0,75,0.2,0.2,,A-1,0.2,0,,2025-01
BHC5881,21120191,574.6,0,0,0,574.6,2721.38,425,D-1,574.6,0,,2025-01
BHC5881,22090691,2146.78,0,0,0,2146.78,,,B-1,2146.78,0,,2025-01
BHC5882,20122091,320.45,0,0,85,235.45,235.45,,C-1,235.45,0,,2025-01
BHC5883,21062491,350.5,0,0,0,350.5,350.5,,E-1,350.5,0,,2025-01
BHC5885,20113091,130.1,0,0,1,129.1,1942.7,,C-1,129.1,0,,2025-01
BHC5885,22120591,1814.6,0,0,1,1813.6,,,E-1,1813.6,0,,2025-01
BHC5884,21052591,1388.6,0,0,0,1388.6,1388.6,,C-2,1388.6,0,,2025-01
FWD101WR,20111760,100,0,0,0,100,100,54,2A-3,100,0,,2025-01
FWD103WR,22072760,141,0,0,0,141,141,,4E5-E1,141,0,1件退货,2025-01
FWD103TWR,24080760,1070,0,0,25,1045,1045,100,2A-5,1045,0,,2025-01
FWD111WR,23060660,706.8,0,0,50,656.8,656.8,200,2A-1,656.8,0,,2025-01
FWD121WR,24091162,667,0,0,0,667,667,500,2A-4,667,0,,2025-01
FWD151WR,24101260,140,0,0,10,130,1355,100,2A-2,130,0,,2025-01
FWD151WR,24102961,1225,0,0,0,1225,,,2G-1,1225,0,,2025-01
FWD201WR,25011662,112,0,0,1,111,111,100,2A-3,111,0,,2025-01
FWD201SW,24123160,0,195,0,0,195,195,,3C-1,195,0,,2025-01
FWD205WR,24081960,382.2,0,0,0,382.2,382.2,500,3C-3,382.2,0,纸箱装,2025-01
FWD205SW,24011761,250,0,0,0,250,1081.8,,E-1,250,0,,2025-01
FWD205SW,24011761,831.8,0,0,0,831.8,,,2C-2,831.8,0,,2025-01
FWD8205WR,15121860,1.2,0,0,0,1.2,1.2,,D-2,1.2,0,,2025-01
FWD211WR,23121960,223.9,0,0,0,223.9,223.9,11,2A-4,223.9,0,,2025-01
FWD215WR,24062560,439.65,0,0,155,284.65,284.65,163,2A-4,284.65,0,,2025-01
FWD217WR,23110863,222.48,0,0,0,222.48,222.48,,2A-4,222.48,0,,2025-01
FWD219WR,24040865,1425.9,0,0,0,1425.9,1847.9,56,2A-5,1425.9,0,2个零头,2025-01
FWD219WR,D23031761,422,0,0,0,422,,,2A-3,422,0,,2025-01
FWD219SW,A20051861,149.25,0,0,0,149.25,149.25,,2A-5,149.25,0,,2025-01
FWD221WR,24022866,310.9,0,0,200,110.9,110.9,200,2B-1,110.9,0,,2025-01
FWD223WR,24090460,225,0,0,25,200,200,45,2A-4,200,0,,2025-01
FWD223SW,24123161,0,191,0,0,191,191,,3C-1,191,0,,2025-01
FWD225WR,24122462,0,239.5,0,40,199.5,199.5,500,2A-1,199.5,0,,2025-01
FWD231WR,23040665,583.2,0,0,75,508.2,508.2,321,2A-3,508.2,0,,2025-01
FWD235WR,24102362,524.9,0,0,0,524.9,994.9,163,2G-1,524.9,0,,2025-01
FWD235WR,24102362,470,0,0,0,470,,,2A-3,470,0,,2025-01
FWD235SW,20052964,174.35,0,0,0,174.35,174.35,,D-2,174.35,0,,2025-01
FWD300WR,24101560,516,0,0,0,516,516,,2A-6,516,0,,2025-01
FWD302WR,24110562,79.8,0,0,0,79.8,79.8,54,4E-5,79.8,0,,2025-01
FWD303WR,23121860,555.8,0,0,0,555.8,555.8,500,2G-1,555.8,0,,2025-01
FWD306WR,17111361,374.25,0,0,0,374.25,374.25,,2A-2,374.25,0,,2025-01
FWD308WR,25011063,187.8,0,0,10,177.8,177.8,,2A-6,177.8,0,,2025-01
FWD323WR,D23091360,932.55,0,0,0,932.55,932.55,,2A-1,932.55,0,,2025-01
FWD351WR,20100862,1062.4,0,0,0,1062.4,1062.4,,4E-4,1062.4,0,,2025-01
FWD500WR,20062061,1109.2,0,0,0,1109.2,1109.2,300,2A-6,1109.2,0,,2025-01
FWD500WR,,0,0,0,0,0,,838,,0,0,,2025-01
FWD502WR,24100763,1537.8,0,0,0,1537.8,1537.8,482,4E-4,1537.8,0,,2025-01
FWD504WR,24102361,347.8,0,0,0,347.8,347.8,500,2G-1,347.8,0,,2025-01
FWD504SW,19052301,98.13,0,0,0,98.13,98.13,,B-1,98.13,0,,2025-01
FWD505WR,21010562,520.8,0,0,0,520.8,520.8,,2A-6,520.8,0,,2025-01
FWD5518WR,21041961,395,0,0,0,395,695,500,2A-6,395,0,,2025-01
FWD5518WR,20060561,300,0,0,0,300,,,2A-6,300,0,,2025-01
FWD5519WR,15122561,265.35,0,0,0,265.35,265.35,,2A-6,265.35,0,,2025-01
FWD520WR,18092061,312.3,0,0,0,312.3,312.3,,2A-3,312.3,0,,2025-01
FWD522WR,23052962,822.9,0,0,0,822.9,822.9,161,2A-4,822.9,0,,2025-01
FWD522SW,24123162,0,205,0,0,205,205,,3C-1,205,0,,2025-01
FWD524WR,23111460,666,0,0,0,666,666,500,2A-4,666,0,,2025-01
FWD524SW,24123163,0,200.5,0,0,200.5,200.5,,3C-1,200.5,0,,2025-01
FWD534WR,20081961,518,0,0,0,518,518,4,4E-5,518,0,,2025-01
FWD525WR,20101560,391.5,0,0,0,391.5,391.5,54,2A-6,391.5,0,,2025-01
FWD5516SW,24123164,0,203,0,0,203,203,,3C-1,203,0,,2025-01
FWD6001WR,22050862,10.76,0,0,0,10.76,10.76,,D-2,10.76,0,,2025-01
FWD6003TWR,23102462,243.3,0,0,100,143.3,143.3,161,2G-1,143.3,0,,2025-01
FWD6005TWR,22050863,10.65,0,0,0,10.65,10.65,,D-2,10.65,0,,2025-01
FWD6002AWR,24111860,423.1,0,0,0,423.1,423.1,538,2D-2,423.1,0,,2025-01
FWD6002SW,23072161,125,0,0,0,125,125,,A-3,125,0,,2025-01
FWD7305WR,24121060,750,0,0,0,750,750,,2A-5,750,0,,2025-01
FWD8221SW,24092062,608.4,0,0,0,608.4,608.4,,4E-5,608.4,0,,2025-01
FWD8503SW,24110161,105,0,0,0,105,105,0,4C-1,105,0,,2025-01
FWD96107SW,24121960,1781,0,0,200,1581,1581,,4C-4,1581,0,,2025-01
FWD901KSW,24123165,0,592.5,0,0,592.5,592.5,,4E-1,592.5,0,,2025-01
FWD100,,0,0,0,0,0,0,0,,0,0,大客户,2025-01
FWD101,A21030163,149.66,0,0,0,149.66,149.66,100,2A-3,149.66,0,大客户,2025-01
FWD103,A23061365,88.9,0,0,0,88.9,88.9,100,2A-1,88.9,0,大客户,2025-01
FWD121,A24100760,1436,0,0,0,1436,1436,200,2A-4,1436,0,大客户 2个零头,2025-01
FWD121,,0,0,0,0,0,,,,0,0,大客户,2025-01
FWD123,,0,0,0,0,0,0,100,,0,0,大客户,2025-01
FWD153,A21032860,649.5,0,0,0,649.5,649.5,26,2A-2,649.5,0,大客户,2025-01
FWD153,,0,0,0,0,0,,,,0,0,大客户,2025-01
FWD151,,0,0,0,0,0,0,100,,0,0,大客户,2025-01
FWD111,A23010360,238,0,0,0,238,238,200,2A-6,238,0,大客户,2025-01
FWD111,,0,0,0,0,0,,,,0,0,大客户,2025-01
FWD173,A24061361,251.7,0,0,137,114.7,964.7,100,2A-2,114.7,0,大客户 2个零头,2025-01
FWD173,A24061361,875,0,0,25,850,,,2A-4,850,0,大客户,2025-01
FWD173,,0,0,0,0,0,,,,0,0,大客户,2025-01
FWD201,A24112061,1843,0,0,0,1843,1843,500,2A-4,1843,0,大客户,2025-01
FWD201,,0,0,0,0,0,,,,0,0,大客户,2025-01
FWD205,A23040667,579.5,0,0,55,524.5,524.5,255,2C-3,524.5,0,大客户 2个零头,2025-01
FWD205,,0,0,0,0,0,,,,0,0,大客户,2025-01
FWD211,A23040668,503.61,0,0,15,488.61,488.61,200,2A-3,488.61,0,大客户,2025-01
FWD215,A24121261,951,0,0,25,926,926,100,2G-1,926,0,大客户,2025-01
FWD215,,0,0,0,0,0,,,,0,0,大客户,2025-01
FWD217,A23052362,85.5,0,0,5,80.5,80.5,100,2A-2,80.5,0,大客户,2025-01
FWD219,A24022861,709.6,0,0,30,679.6,679.6,124,2B-2,679.6,0,大客户 2个零头,2025-01
FWD221,A24101860,1499.85,0,0,50,1449.85,1449.85,500,2A-1,1449.85,0,大客户,2025-01
FWD221,,0,0,0,0,0,,,,0,0,大客户,2025-01
FWD225,A24090465,611.7,0,0,170,441.7,441.7,229,2A-1,441.7,0,大客户 2个零头,2025-01
FWD225,,0,0,0,0,0,,,,0,0,大客户,2025-01
FWD235,A23032866,1285.9,0,0,0,1285.9,1285.9,50,2G-2,1285.9,0,大客户,2025-01
FWD235,,0,0,0,0,0,,,,0,0,大客户,2025-01
FWD231,A24050866,766.8,0,0,90,676.8,676.8,200,2A-5,676.8,0,大客户,2025-01
FWD231,,0,0,0,0,0,,,,0,0,大客户,2025-01
FWD223,A24022865,580,0,0,25,555,555,200,A-3,555,0,大客户,2025-01
FWD249,,0,0,0,0,0,0,,,0,0,大客户,2025-01
FWD300,,0,0,0,0,0,0,0,,0,0,大客户,2025-01
FWD303,,0,0,0,0,0,0,100,,0,0,大客户,2025-01
FWD306,,0,0,0,0,0,0,100,,0,0,大客户,2025-01
FWD307,,0,0,0,0,0,0,,,0,0,大客户,2025-01
FWD302,A23112760,710,0,0,95,615,615,300,2A-2,615,0,大客户 3个零头,2025-01
FWD302,,0,0,0,0,0,,,,0,0,大客户,2025-01
FWD323,A24011560,93.9,0,0,5,88.9,88.9,0,2A-1,88.9,0,大客户,2025-01
FWD323,,0,0,0,0,0,,,,0,0,大客户,2025-01
FWD502,A25010260,417.3,0,0,5,412.3,412.3,100,2A-1,412.3,0,大客户,2025-01
FWD502,,0,0,0,0,0,,,,0,0,大客户,2025-01
FWD500,A22021664,1469.42,0,0,0,1469.42,1469.42,100,4E-4,1469.42,0,大客户,2025-01
FWD504,A20052760,1000,0,0,0,1000,1000,200,4E-4,1000,0,大客户,2025-01
FWD520,A23120663,742.8,0,0,5,737.8,737.8,100,2F-1,737.8,0,大客户,2025-01
FWD522,A24053166,336.3,0,0,0,336.3,336.3,100,2A-3,336.3,0,大客户,2025-01
FWD524,A24082962,1373.4,0,100,0,1273.4,1273.4,200,2A-3,1273.4,0,大客户,2025-01
FWD525,,0,0,0,0,0,0,100,,0,0,大客户,2025-01
FWD508,A21022860,539,0,0,0,539,539,150,4E-5,539,0,大客户,2025-01
FWD508,,0,0,0,0,0,,0,,0,0,大客户,2025-01
FWD402,A24032760,379.9,0,0,0,379.9,379.9,200,4E-5,379.9,0,大客户 20kg装,2025-01
FWD402,,0,0,0,0,0,,,,0,0,大客户,2025-01
FWD405B,,0,0,0,0,0,0,100,,0,0,大客户,2025-01
FWD407,A23061265,624.4,0,0,0,624.4,624.4,,2A-1,624.4,0,大客户 2个零头,2025-01
FWD407,,0,0,0,0,0,,,,0,0,大客户,2025-01
FWD408,18082762,88.1,0,0,0,88.1,88.1,,2A-1,88.1,0,大客户,2025-01
FWD4012,A23021760,5,0,0,0,5,620,,D-2,5,0,大客户 15kg装,2025-01
FWD4012,A24072561,615,0,0,0,615,,,2A-3,615,0,大客户,2025-01
FWD4012,,0,0,0,0,0,,,,0,0,大客户,2025-01
FWD401,A23090464,629.8,0,0,0,629.8,919.8,300,2A-4,629.8,0,大客户 2个零头,2025-01
FWD401,A23090464,295,0,0,5,290,,,2A-3,290,0,大客户,2025-01
FWD425,,0,0,0,0,0,0,,,0,0,大客户,2025-01
FWD425B,A23042665,110.8,0,0,0,110.8,291.2,100,2A-2,110.8,0,大客户,2025-01
FWD425B,A23032366,180.4,0,0,0,180.4,,,2A-5,180.4,0,大客户 嘉善阿克苏专用,2025-01
FWD425F,,0,0,0,0,0,,,,0,0,大客户,2025-01
FWD427,A23072967,832.5,0,0,10,822.5,822.5,250,2A-5,822.5,0,大客户 2个零头,2025-01
FWD419B,,0,0,0,0,0,0,,,0,0,大客户,2025-01
FWD410,,0,0,0,0,0,0,0,,0,0,大客户,2025-01
FWD6003,A24061363,4.9,0,0,0,4.9,1363.35,1000,D-2,4.9,0,大客户,2025-01
FWD6003,A24070361,1938.45,0,0,580,1358.45,,,2A-2,1358.45,0,大客户 2个零头,2025-01
FWD6003,,0,0,0,0,0,,,,0,0,大客户,2025-01
FWD6001,,0,0,0,0,0,0,0,,0,0,大客户,2025-01
FWD6002,A23110160,465,0,0,165,300,2725,500,2G-2,300,0,大客户,2025-01
FWD6002,A24111161,2425,0,0,0,2425,,,2G-1,2425,0,大客户,2025-01
FWD6005,A24070560,939.9,0,0,455,484.9,484.9,800,2B-1,484.9,0,大客户 2个零头,2025-01